wl[nm],px1 [A/W],px2 [A/W],px3 [A/W],px4 [A/W],px5 [A/W],px6 [A/W],px7 [A/W],px8 [A/W],px9 [A/W],px10 [A/W],px11 [A/W],px12 [A/W],px13 [A/W],px14 [A/W],px15 [A/W],px16 [A/W]
400,0.011492996199845,0.00931372745926188,0.00959601922095411,0.0113779679130481,0.00816793294012644,0.00590314206738658,0.00713445269476082,0.0106469672049983,0.00898329544227193,0.013159292879685,0.0128159333032814,0.00833612871744802,0.00861602712146506,0.00948279466504205,0.0127171537970452,0.0123736326730018
401,0.0110138133263829,0.00962107677810417,0.0101417640113142,0.0112053139383228,0.00828389509991207,0.00554713567435706,0.00751797741070912,0.0107795656339323,0.00966691896157978,0.013465689830927,0.0125224621823224,0.00858899648311653,0.00844469662914784,0.0098029980822504,0.0133552723592026,0.012588154599398
402,0.0114055758827164,0.00950386099822727,0.0102701409592813,0.0111237762870566,0.00823375342905151,0.00606402189975248,0.0075171617434397,0.0112355333293618,0.0100185895292484,0.0139815389979893,0.0125660035692165,0.00823266159529234,0.00823918165853206,0.00986248579718476,0.0141104027428003,0.0123702503132865
403,0.0110335738217386,0.0100576950620467,0.0106920309685237,0.0113019047537557,0.0080048704608893,0.00556890894999502,0.00767804178259782,0.0115449135378964,0.0105256541500133,0.0146834427687542,0.0123337278164503,0.00799447770261279,0.00810335648976868,0.0103178263421485,0.0144735180933186,0.0119431835982477
404,0.0112025164541499,0.0104427048096794,0.0110585187746652,0.0110396808811418,0.00790110118779398,0.00588366843572664,0.00782084455581534,0.0117942044214913,0.0111742656579155,0.0151763903230039,0.0120813545540038,0.00805006905461876,0.0081453280538513,0.0104412315382611,0.0146919077623593,0.0116568420972351
405,0.0113486304626896,0.0104456154445511,0.0112561269014352,0.0111670754939357,0.00775047140464223,0.00566474172262108,0.0079597165139448,0.0116066030873175,0.0117117300845962,0.0156736638587724,0.0118853118893497,0.00790616245143558,0.00788579210166223,0.0107762791781041,0.0152899605406908,0.0117766590725612
406,0.0113740969782207,0.0112696270950869,0.0117953791119714,0.0108729745130616,0.00741865958704191,0.00545308790483976,0.00818701030290341,0.0122663762744085,0.0125880038041979,0.0158534003336138,0.0114440150843558,0.0077770689097081,0.00823560368554856,0.0110032111224178,0.0152899462085152,0.0116316029454175
407,0.0112771392223024,0.0114382240117156,0.0117866941707139,0.0105908374941393,0.00746915122296401,0.0057777886190604,0.00828256466630814,0.0125178951861925,0.013265508890764,0.0164347391148731,0.0113244338151627,0.0079979219022038,0.0083681686934482,0.0113085550455172,0.0156114814020869,0.0115591580522949
408,0.0116638066769706,0.0118720942187123,0.0121864902236524,0.010447555532043,0.00729614604516151,0.00586127644017852,0.00880498797592657,0.0127662062469568,0.0136609845657503,0.0164207546268204,0.0109321114465984,0.00783301815914287,0.00856402513689438,0.0117612020912058,0.0159194198763138,0.0111831812563728
409,0.0115838836869406,0.0120814483633973,0.0124249030749125,0.0102492159924952,0.00748932141389809,0.0057176855501651,0.00894222278026162,0.0130134686880361,0.0145386762009954,0.0164166982068334,0.0105918408494226,0.00792192151648949,0.0084709994239892,0.012132096855674,0.016410435283539,0.0110035064458137
410,0.0116626618237213,0.0125432064799147,0.0124050808160444,0.0101551059948108,0.00715498556349189,0.00603864566043997,0.00951746643634539,0.0131929061375277,0.0150316965570698,0.0163899594234835,0.010400002445059,0.00803092230820691,0.00876788318400366,0.0126866868075125,0.0162449110965197,0.0107727892045304
411,0.011806831391375,0.0127549388955458,0.0126934649929315,0.0101122638595102,0.0071671776992225,0.00605437958002065,0.00965544445712735,0.0133450546881966,0.0155461095927579,0.0163237160884581,0.01026867505473,0.00794937634903726,0.00899523597535402,0.012814417240743,0.0161634794245816,0.0106857518486227
412,0.0119605108746893,0.0130089239664841,0.0126141092597254,0.00989770870226335,0.00712383701068178,0.00601781577389862,0.0100830681972836,0.0134530775468251,0.0160431147923006,0.0161400387840305,0.0100384480024942,0.00834539150299373,0.00919844434197067,0.0132632336327273,0.0161534072895767,0.0106745993524826
413,0.0124575617034203,0.0135612015381533,0.01284649431899,0.00954677882811649,0.00718028260634792,0.0064299081355334,0.0101462250728758,0.0136267344330769,0.0164783682269337,0.0157244947520094,0.00985177863203466,0.00840229144800349,0.00963845012165742,0.0135734081180483,0.0161122362090119,0.0106308277398339
414,0.0125939413203276,0.0139959141237949,0.0128314556809313,0.00933675962079152,0.00713703497681133,0.00649596206218129,0.010550740596503,0.0136386659128443,0.0167321463891651,0.0155774694554016,0.00972968137234054,0.00870227062977669,0.00977331095798499,0.0139460194799935,0.0160068517807692,0.0103303771728341
415,0.0129715642184496,0.0140936154381166,0.0126144304166036,0.00925691224454311,0.00715805196338672,0.00682205490658482,0.0110015552646236,0.0136882172745974,0.0171590718774645,0.015222928539208,0.00973496991726751,0.00860698793798186,0.0100181451860884,0.0141865705361496,0.0157662841261044,0.0101849716001878
416,0.013193117401828,0.0145064429556904,0.012730956427872,0.00936737374028733,0.00716557375544228,0.00699648604081594,0.0115247776524785,0.0135820842834892,0.017586996251409,0.01491776939418,0.00962308359447489,0.00886560637972825,0.0101697735114174,0.0144968005145255,0.0155328251596329,0.0100151786123527
417,0.0133904237302743,0.014680785126607,0.0126604802829731,0.0092437462947367,0.00721985303052829,0.00704995440668368,0.0114807064593647,0.0135960704881132,0.0177714506400831,0.0146842583318305,0.0096840198387421,0.00924834571395774,0.0102616068770889,0.0146791207939847,0.0152637536631348,0.010008300425373
418,0.0135456076898723,0.0149973312533233,0.0125303239596515,0.00907692407847461,0.00720728681502792,0.00725819202979198,0.0118394951783657,0.0134963106213067,0.0177571591783904,0.0144646866331222,0.00943645956921281,0.0094509287356707,0.0108505206787789,0.0151179382904578,0.015233275570788,0.0101492160515424
419,0.0140470423386382,0.015279879626296,0.0126201156214411,0.00908145355157573,0.00720692424874813,0.00731709002314289,0.0120543810080556,0.0135578591870533,0.0177966180169005,0.0142164396705425,0.0095537702885835,0.0096158512708004,0.0109639184515206,0.0152308743581057,0.0152056060261818,0.0101486717886884
420,0.0142428987433998,0.0154106438231698,0.0126611549565911,0.00901952462409714,0.00722229723813667,0.00762811701698252,0.0125380128977305,0.0134662300327527,0.0178063908245671,0.0137814894719154,0.00954371600922912,0.00981918805267244,0.0111605202630081,0.0154744094319492,0.0150309138939852,0.0100153791299002
421,0.0144651846257638,0.0159791104674121,0.0125093833561738,0.00874339212729532,0.00714958551106295,0.00772580793370038,0.0125581890464523,0.0135817691885846,0.0176125425707986,0.0136150084600848,0.00965860732118823,0.0101637890750045,0.0114078175489619,0.0155169097159451,0.0147030018024486,0.0100176623529606
422,0.0149508785736325,0.0160783599050635,0.0121922936012592,0.00872018824804159,0.00712128522065319,0.00789860318135741,0.012641775394557,0.0134161923459486,0.0175787718756476,0.0134185215040078,0.00977149151320998,0.0104440724399162,0.0119265146183636,0.0156806550991004,0.0145098168215761,0.0100809833029925
423,0.0152507431006228,0.0159311431322985,0.0122850533912555,0.00862945195894439,0.00711337935108605,0.00816113525230356,0.0129140748434579,0.0134627105376597,0.0174494306853866,0.0130946892204694,0.00980831391009167,0.0105448282144409,0.0120628483367266,0.0157547461957826,0.0142877864464007,0.0100007174737648
424,0.0156685526369012,0.0161243498751729,0.012087666360595,0.00869334578270292,0.00717185073282708,0.00827618495290261,0.0130642954422868,0.0134357159244351,0.0168325211530961,0.0130543072632986,0.00953573133377086,0.0106153231907715,0.0123768334027239,0.015558915341721,0.0142870840549793,0.0101682886454694
425,0.015877894314181,0.0162015029384803,0.0116246871784713,0.0086686598561541,0.00711425735827548,0.0083295787632633,0.0134929649091036,0.0133516350654912,0.0165789853101431,0.0126022027024554,0.00964578701148052,0.0109908021542588,0.0125917413085785,0.0157367522822405,0.0141545145117785,0.0102254700135759
426,0.0160419186633675,0.0160436758042837,0.0117266152528509,0.00840093679317371,0.00714038706608902,0.00821943256745417,0.0136505744410579,0.0133224889084137,0.0163485596115513,0.0124710847702523,0.00988836757272106,0.0112260968569773,0.0130976907052878,0.0156963072903784,0.0139708924165457,0.0102717850331923
427,0.0165825388413843,0.0161665926227672,0.0113285588651317,0.00856239396982877,0.00711260249070004,0.00864603443323316,0.0136827569485762,0.013003517910683,0.0156757964430764,0.0123497406917812,0.0100082990990079,0.0115458901827783,0.0131556407922552,0.0153579755043095,0.0137874096295895,0.010184077690653
428,0.0164554594715782,0.0162605597410423,0.0111998464076995,0.00840326981661475,0.00744786052499112,0.008716627182134,0.013679122536187,0.0129948350024472,0.015339947212357,0.0120549813277522,0.010027308287873,0.0119829141146237,0.0133196195363738,0.0152601649475468,0.013374384052464,0.0101033999597789
429,0.0167971582187009,0.0166694403968356,0.0110283714424381,0.0084325468973199,0.00757725811488395,0.00878778367312889,0.0139411052797888,0.0129088424238577,0.0152866326847742,0.0121300236772771,0.0103343529569828,0.0124104942864114,0.0136099666486809,0.0152325559348837,0.0135565173706488,0.0103758776356732
430,0.0171188000052711,0.0166935200937976,0.0111886962971339,0.00852436267429849,0.00769092086506513,0.00893598394985812,0.0139629681391185,0.0125268243569943,0.0151289919244541,0.0120804944523053,0.0105943269722894,0.0127182825005521,0.0138098313189007,0.0149552746240242,0.0134037188487523,0.0103768547080012
431,0.0180065551300386,0.0168053318735866,0.0111297264383,0.00857206956943873,0.00800753079514292,0.00955850080063298,0.0140715647256591,0.0124448799403698,0.0149062187820371,0.0122556518145772,0.0108549720721756,0.013059306078756,0.0139809028150168,0.0149438140908028,0.0132954187701319,0.010157586768244
432,0.0183166031054762,0.0168350443886742,0.0111782539330746,0.00861206057355147,0.00818243302051957,0.00982683493156871,0.01396342854412,0.0124930223071672,0.0146867888845835,0.012164067782403,0.0111957806956408,0.0136101516212346,0.0142196513946299,0.0148332284652301,0.0131156442307591,0.0104938575011636
433,0.0186754479121578,0.0171595782883227,0.0110380013011873,0.00862212605850095,0.00797083931215442,0.01020754158088,0.0144864068364809,0.0126317324074929,0.0144907924894343,0.0120943821339873,0.0114749635862899,0.0138796028618581,0.0146219284996632,0.0148455424859681,0.0133249431447424,0.0107709769846925
434,0.0192998035653471,0.0168785937052723,0.011083761037558,0.00883590421190584,0.00805281372727482,0.0105625676442798,0.014588046451082,0.0126216078489293,0.0142801117394852,0.012460636780602,0.0117758470388367,0.0140794090500518,0.0149835043638861,0.0148748355903493,0.013245118379758,0.0106933487361328
435,0.0198472374854045,0.0166154398227443,0.0109317988455261,0.00895342232638658,0.00824556127483246,0.0107308258844171,0.0147173777347826,0.0125567677542646,0.0136329283050519,0.0123203925198676,0.0119117288961032,0.0141863432641892,0.0152172064233842,0.0146207769134821,0.0131791833942599,0.0109892533775216
436,0.0198232558514426,0.0161578578775535,0.0107896320026786,0.00865794118624241,0.00837626544716743,0.0108246923300056,0.0151714281523057,0.012727396081394,0.0133150416165236,0.0119622201081016,0.0118990755346279,0.0142803973149327,0.015654410945624,0.014628991945498,0.0133324580442825,0.0113160301060703
437,0.0200534135521711,0.0163567168153721,0.0103736211631505,0.00872466929568091,0.00843592320803153,0.0110138037800578,0.0152991969125169,0.0125638233710988,0.0127205306047533,0.0119157601816355,0.0121977860419782,0.0145831245489244,0.0157886669685347,0.0146692959323179,0.0131931701572779,0.0115039469723482
438,0.0201693772893364,0.0160491981686283,0.0104966688371443,0.00859429700413122,0.00875849542517559,0.0109975269765176,0.0151801153238563,0.0124621422305617,0.0126410297991368,0.0121065464697328,0.0125639092694624,0.0147641140083717,0.0157623898153757,0.0141777453448378,0.0132964838325409,0.0115651657928187
439,0.0206998037356225,0.0159709697238932,0.0103505152374134,0.00868395014815112,0.00896163744951003,0.011567711074284,0.0151306618454271,0.012180208982823,0.0124272961059545,0.0120742342662974,0.0129690153086676,0.015239160845317,0.0155605091112627,0.0139621251854749,0.0130957942850676,0.0115173778717373
440,0.0210272217142114,0.0160291754027705,0.0102162511128268,0.008837808229121,0.00900338605625262,0.0118966844969669,0.0149480336262885,0.0118568723544538,0.0124591921420108,0.0122350224060036,0.0136022940316023,0.0154141906102588,0.0154622350759643,0.0136666497011943,0.0129276550291662,0.0115427966927848
441,0.0212332787022659,0.0157880574566402,0.01018886230369,0.00886042087899116,0.00935902336333355,0.0121401762363195,0.0152776919159023,0.0120937924027044,0.0121286367475914,0.012527192378913,0.0139157200965609,0.0156875659646323,0.0156572941189799,0.0135514635306778,0.0133929452890575,0.0118770188318218
442,0.0217262842624033,0.0156729670860607,0.0101192133396582,0.00898933597195193,0.0095743756752072,0.0124335767090996,0.0152164032861839,0.0118322008968435,0.012274385239707,0.0126645988761569,0.0142292070874734,0.015692246923467,0.0153727190346287,0.0133965648354925,0.0131771452726885,0.0118758001532452
443,0.0218356752237237,0.0156197621760492,0.010117941931573,0.00892257005046309,0.00999743882894044,0.0127198647739439,0.0152784460844213,0.0118487605647371,0.0121555141348393,0.0132178051492965,0.0145469565541404,0.0159682023337859,0.0156515844672163,0.0135316086907248,0.0134568705068531,0.0123518326727735
444,0.0223484734550676,0.015624594270384,0.0100820623473121,0.00905552006586405,0.0102310767258003,0.0130850559293257,0.015492714705519,0.0118516329458613,0.0123276134130467,0.0133640966229793,0.0154341270784986,0.0159481927747179,0.0154131496635777,0.0132236079967033,0.0135574402761026,0.0125257937181229
445,0.0225688382681132,0.0154347665848352,0.0100961529560679,0.00923471308277307,0.0103274912375235,0.0136116777209551,0.0154965138928973,0.0117657058089266,0.0123814376183191,0.0139530735144179,0.0158461250900257,0.016024402946775,0.0152875059278924,0.0132427229598888,0.0136014416251172,0.0127380270182555
446,0.0229937090669079,0.0152658032604499,0.0101030552834056,0.00958202370296305,0.0108497243833293,0.0138384257683607,0.0154757193356908,0.0115431816844316,0.0125577799350287,0.014489279986673,0.01633742235146,0.0160915730231758,0.0151385629106211,0.0130980551998135,0.0137278041097084,0.0131174584841333
447,0.0232305634980248,0.0151578573449641,0.0100392020126365,0.00976810089466013,0.0108508368581671,0.0141370794174393,0.0154572739701427,0.0117359143021987,0.0126444932794545,0.014869445870552,0.0167720108264149,0.0158295403240536,0.0151556323917359,0.0131357966944541,0.0137523197244418,0.0134275820895027
448,0.023343198955301,0.0149781512069861,0.0100549699031011,0.00980613625582358,0.0110526652556915,0.0143716742770249,0.0155808032068713,0.0116610124700331,0.0126997450427781,0.0153359857039787,0.0173534593938227,0.0156994842480033,0.0150098528495207,0.0131694405684183,0.0141210482658531,0.0138142948122543
449,0.023455927793174,0.0147555732352726,0.010125135652862,0.0099912975460701,0.0116235899511925,0.0148252648752086,0.0154836094179755,0.0117263864183056,0.0129152538988815,0.0158229430346695,0.0177139513421111,0.0154770899735367,0.0148162550458747,0.0130261358644777,0.0142681644628188,0.0143335753561101
450,0.0234480627830824,0.0145297129661428,0.0100214391236897,0.010158160873779,0.0118806023220374,0.0150629020494088,0.0155708244968057,0.0115164577059088,0.0130219603785678,0.0162560491458038,0.0180097392430842,0.0154405315115061,0.0147090677494362,0.01299081840616,0.0143829788031022,0.0147114341976389
451,0.0231946937938774,0.0145501393046525,0.0100300990944409,0.0102817886338968,0.0122382370609737,0.0150833264523611,0.01539196752915,0.0116450390665059,0.0134224678949021,0.0166676331406403,0.0187673883596293,0.0152001941660245,0.0144324638048654,0.0128927042192781,0.0146399507514619,0.0151086638748596
452,0.0234120962811278,0.0143065816865198,0.0102536536836941,0.0106853491427839,0.0121493600548957,0.0155521693733803,0.0151711734464978,0.0115539933743013,0.0139562605420994,0.0175902780807397,0.0192614064279647,0.0149876952482602,0.0141079296060111,0.0127844076059731,0.0149510406962821,0.0153291862073473
453,0.0235211319696952,0.013801420243179,0.0101868788546257,0.0108924204627666,0.0125317361699499,0.0158250355695776,0.0149162010252193,0.0115581520843712,0.0141528318962119,0.0184886107978723,0.0194023709568397,0.014484859615376,0.013784308455749,0.0127033272789969,0.0150500019589014,0.0156736771087357
454,0.0231245135079481,0.0135867477676216,0.00988921997569539,0.0109495687916353,0.0127899388953487,0.0158904584548082,0.0150007489125705,0.0115394860006487,0.0139032126168687,0.0189769669182371,0.0190825208685921,0.0141068414079817,0.0137238843882623,0.0127867345313897,0.0153656894380239,0.0162088827154004
455,0.0223766866665365,0.0135938918774184,0.0100082651203855,0.0109988213467759,0.0133478594598277,0.0153945741702159,0.0151354032344624,0.0115897353288757,0.0144299838762606,0.0190785666039894,0.0194143252652541,0.0140208072692362,0.0137435975331999,0.0127714970486268,0.0157741239224588,0.0167263094988359
456,0.022087978703981,0.013549848345426,0.0101065038898454,0.0110282043968175,0.013731846514825,0.0153736212442081,0.0148086183649298,0.0114725253777049,0.0150373163136596,0.0199139175486752,0.0195958210959198,0.0139184225208486,0.0133567622890633,0.012857483937924,0.0160302259529189,0.0169723674043469
457,0.0220387718571016,0.013565477167585,0.0102063429519577,0.0114233954395317,0.0142628668896972,0.0155422829983999,0.0143934991361419,0.0113115306820868,0.0157391225206916,0.0206689560390785,0.0198739613000154,0.0135249243427574,0.0128803448547877,0.0126302369592966,0.016015167151866,0.0169036096700512
458,0.0218006924032554,0.0134244729006024,0.0103570313577112,0.0117324838712119,0.0145772033329485,0.0155906199276325,0.0140707609827221,0.0113075431435697,0.0163354001602523,0.0217220494667497,0.0199237168876037,0.0133783545324363,0.0127082221362157,0.0126584205247035,0.0163701837834676,0.0172946160060015
459,0.021605688187684,0.0132945933751645,0.010630626318573,0.0120996632829946,0.0149823648181012,0.0158390849743365,0.0138909797409089,0.0112981569888219,0.0170387347935273,0.0225951153734826,0.0198544482747581,0.0130434411866163,0.0125740938440928,0.0126875528203735,0.0167900174294982,0.0175178343892689
460,0.0212708745273551,0.0132930948519577,0.0106522330324187,0.0124861419296018,0.0153967465719576,0.015782512235443,0.0138458932073551,0.0113983102162276,0.0176999078443844,0.023404915843646,0.0197861766670528,0.0128690368856093,0.0124615583991746,0.0128435423187928,0.0172407679713836,0.0179311399389434
461,0.0210379349963514,0.0132709667623701,0.0108445055089134,0.0129147989434915,0.0158722992559763,0.0158416388222084,0.0137474289584599,0.0113995953822479,0.0184495893826967,0.0239517354588961,0.0194011101039214,0.0126011585618334,0.0123956135182782,0.0130773034707184,0.017788734452729,0.0182516301979202
462,0.0205506168123495,0.0132957603422416,0.0110057304759513,0.0132504353456239,0.0162424819515438,0.0157016092393535,0.0136391096157945,0.0114713994468692,0.0193363786127832,0.0246938709868727,0.0193560958391711,0.0124909286619978,0.0122387094834196,0.0131470445752169,0.0183441549292065,0.0185159498304737
463,0.020266385928466,0.0132895948469895,0.0113397080090549,0.0136334908084242,0.0166083094105019,0.0155952021605838,0.013623036594304,0.011451289932259,0.0204758747106627,0.0253988085665805,0.0191323440530696,0.0122826003913812,0.0122245582566367,0.0132532776551176,0.0189434540295782,0.0186288845687444
464,0.0201428899993339,0.0132803332100782,0.0115454575709457,0.0142855211805553,0.0169108251319541,0.0155155548565909,0.0132841448337036,0.0115406262525837,0.021402891821063,0.0263331474750323,0.018780097134879,0.0121934248077361,0.0119800605065406,0.0134358961514875,0.0192110483888575,0.0188405372554312
465,0.0197946690761697,0.0134435897954639,0.0118201851651743,0.0146531931060859,0.0172585419515443,0.0154771663362546,0.0132302566307317,0.0116101913592222,0.0222689088789725,0.0268161538289975,0.0184376630322095,0.0120961435400018,0.0120480095979465,0.0137782693502535,0.0199244372625696,0.0190231979328821
466,0.0194988976958056,0.0134736677074576,0.0119989129583721,0.0150886674190324,0.01746584042938,0.0153768661033483,0.0132737825122688,0.0117676455476976,0.0231419134065115,0.0272685611333909,0.0182552188424039,0.0119335605566745,0.0120589210163426,0.0142209119115022,0.020633138402148,0.0193270436012499
467,0.0192411405051063,0.0135182658843869,0.0122237285120411,0.0154561134958072,0.0177193459471501,0.0153922344790089,0.0130959679935686,0.0118582809424099,0.0240402463852318,0.0274837694707914,0.0177599610750947,0.0118726859143505,0.012004032620256,0.0144567491504135,0.0212262513872204,0.0192351211498365
468,0.0190707887545225,0.0136847356914872,0.0125298812381971,0.0158880728568277,0.0180618733395446,0.0151502932550939,0.0129945518942342,0.0119690843850673,0.0251505761808218,0.0277249420554314,0.0173957141579822,0.0118794347820177,0.0120440716665892,0.0148006428424462,0.0218759725629634,0.0192064663169079
469,0.0187812818419824,0.0138263275875933,0.0129695802058742,0.0162850299996556,0.0184250202561575,0.0149748729901968,0.0130134421070163,0.0120074939899719,0.0261485156735157,0.0279452975207663,0.017096550440455,0.0118787944838303,0.0120463556774449,0.0149918142411804,0.0223643255107267,0.0192205049089051
470,0.01867452167518,0.0140590744906812,0.0133070467263409,0.0168153083653544,0.018578037881762,0.0147886200483278,0.0129125943006267,0.0122423978090919,0.0272649656766286,0.028026829980357,0.0168063375746024,0.0119862349865378,0.0121343305428475,0.0153388331460165,0.0230182711824717,0.0190982452083077
471,0.0184265273398619,0.0143067369860224,0.0137853253388956,0.0172698949269639,0.0186829678133544,0.0147524216091881,0.0128246128066468,0.0124297227937557,0.0284790123778131,0.0280217605480656,0.0164604662259436,0.0119983482185303,0.0122409639342636,0.0158344191112686,0.0235530767268499,0.0190204770117682
472,0.0183642541248069,0.0144872724599885,0.0141924660702338,0.0177987039792694,0.0186571668319534,0.0146176260589913,0.0128580015473103,0.0125375410364371,0.0294875947568142,0.0279572335445679,0.0162411520783484,0.0120208125361644,0.0123011806621901,0.0163979582683959,0.0241762771202882,0.0188500200355238
473,0.0182979444292868,0.0144933679623203,0.0145759948297839,0.0182082564606403,0.0185902920376405,0.0145560680856024,0.0129456323626175,0.0127292870280192,0.0303219322547382,0.0278016928437168,0.0159288481444892,0.0119713629002931,0.0125533338243511,0.0168736205632574,0.0248114820803279,0.01872674535553
474,0.0181828640241782,0.0147381458103385,0.0148502642739978,0.0186480359524967,0.0186635938397263,0.0144668903391584,0.0129888231069398,0.0129874203368878,0.0305966423836802,0.0274310926845263,0.0154245405515792,0.0120557513562839,0.0127229602698242,0.0174293290078996,0.0253560898546728,0.0186023824091588
475,0.0178820604871834,0.0149776573144601,0.0153156665222593,0.0187612717072657,0.0186744837682946,0.014079452873851,0.0131175811530193,0.0132084967474287,0.0313355020072813,0.026733153770972,0.0152057002819746,0.0122068650427885,0.0130374591159698,0.0180382023583048,0.0259889444466409,0.0184583401997511
476,0.0178166105930999,0.0152750400265453,0.0157181038869616,0.0191675451440199,0.018730841255101,0.0137929021826376,0.0130333352958719,0.0134623245698301,0.0319889471007314,0.0262677538542523,0.0150024641558077,0.0123903627349325,0.0131595852541105,0.0185663738574119,0.0264491347904114,0.0182627140700097
477,0.0178732458410957,0.0155664459940613,0.0162590823890009,0.0195665919410374,0.0186329633649466,0.0137910025981246,0.012890298819979,0.0135597862277861,0.0324724258799503,0.0259184681805266,0.0149147375000393,0.0125195649925802,0.0132557552453692,0.0190059269239482,0.0265005577434722,0.0177803561614875
478,0.0179972257500131,0.0158624327171677,0.0167128635122229,0.0197428937742713,0.0184699324873342,0.0135163131614384,0.0128726336120733,0.0137269753952554,0.0328128135190186,0.0255021619152623,0.0148481350424358,0.0127119217708097,0.0135529023363551,0.0195943866549668,0.0268532203554928,0.0175690070675852
479,0.0179914711104733,0.0162639596662849,0.0172132594482678,0.0199562358429546,0.0183102284905121,0.013429882303743,0.0128813436663996,0.0141066706460895,0.0330490058692411,0.0251499182806703,0.0146567707303498,0.0129320168283302,0.0138693106128046,0.0203401668961105,0.027233468645543,0.0173077538500513
480,0.0180339698308014,0.0166010543620218,0.0177689845591747,0.0202414647901635,0.0180573206996834,0.0132964249757658,0.0129995903205894,0.0143577553894951,0.0332565424333446,0.024586263310722,0.0145710885459964,0.0132156791630262,0.0142195327152388,0.0209778140310822,0.0274969308145282,0.0171489184755004
481,0.0181380602378582,0.0169397368449951,0.018326215955035,0.0204855918159753,0.0178639338444005,0.0131567477712748,0.0130653627457659,0.0146647804918264,0.0331704184043786,0.0240652002160638,0.014510958128246,0.0135265651794209,0.0145372354261235,0.0215643382502583,0.0276077811824542,0.0169948510496438
482,0.0181029512026131,0.0173966014203415,0.0189043004052333,0.0206050821032271,0.0176846346599487,0.0129890317761994,0.0131295278676644,0.0149522804037572,0.0329534786186515,0.0235260779254325,0.0143797704943551,0.0137970387818677,0.014897657285898,0.0222426289228172,0.027598097609912,0.0167378178543952
483,0.018229715680729,0.0179005403386821,0.019522314004115,0.0206935820730685,0.0174665475893703,0.012848105011337,0.0132812676370599,0.0153290879046264,0.0327281172560397,0.0229815496137681,0.0143596308118306,0.0141736681225611,0.0152993551633287,0.0230761612901259,0.0276762417116152,0.0165497161594506
484,0.0184246984428464,0.0183447711881967,0.0201313941371174,0.0208290171390281,0.01724780928071,0.0127455284411651,0.0132727643707035,0.0156000765063866,0.0323932517223232,0.0224967333794911,0.0143890937234689,0.0145359402040801,0.0157688849497997,0.0236924373518649,0.0275412864832659,0.0163345190442259
485,0.018600566942084,0.0188596588901591,0.0206860966833599,0.0208483894407728,0.0169867363140832,0.0126246827716611,0.0133377342279238,0.0158760209830242,0.0318206652021147,0.0220506727274375,0.0144168781151316,0.0149512882417962,0.0161970299603649,0.02440388514707,0.0274325472913447,0.0161572815383015
486,0.0187347294365,0.0194903151693494,0.0213164304697152,0.0208564393666816,0.0166117043848537,0.0125621576234376,0.0134790620179793,0.0163255355502688,0.0313552691371382,0.0216364926104812,0.0144624182328545,0.015345865332449,0.0167049823544606,0.0250583478810843,0.02723290795759,0.01592280121514
487,0.0190858581449442,0.0200053577012526,0.0219974709467156,0.0208982202841856,0.0163327406349714,0.0123956614579839,0.0136546721088848,0.0167778267702799,0.0305952862010861,0.0212705400709048,0.0146061423154857,0.0158556344770939,0.0172542466644299,0.02575031395633,0.027006800640199,0.0157465611906429
488,0.0192470435663229,0.0205818905114338,0.0225942356319129,0.0207592257637695,0.01610745863853,0.0122838722260397,0.013743472847163,0.0171220039531909,0.0298422564204594,0.0208180242891924,0.0146741879729024,0.0162245256302564,0.0178232093837348,0.0263256800942138,0.0267101782033511,0.0155871883762127
489,0.0194832629125259,0.0211286242372882,0.0230936348925713,0.0206661651077118,0.0157914328484258,0.0121899529996894,0.0138346171286143,0.0175422361296446,0.0290865793364904,0.0204234959610457,0.0147798810747356,0.0166833032144965,0.0184149527803086,0.0269044872928129,0.0263961710149086,0.0154307115562152
490,0.0196912426337219,0.0217198981724797,0.0235898891290757,0.0204262795162837,0.0153709134870279,0.0120055785645652,0.0139511106329304,0.018007172396742,0.0284320475293918,0.0200582025381497,0.0149162414529278,0.0172554068293299,0.0191006080326675,0.0274667518993354,0.02596172647941,0.0153017993776525
491,0.0200021669643109,0.0223646591960122,0.0240955929494661,0.0203241064512509,0.0150883898509973,0.0119405143633839,0.0141336589100313,0.0185165959425898,0.0277348652292115,0.0198256843556128,0.0151622651878384,0.0178879630753512,0.0197671405971579,0.0279970928054092,0.0255155855472138,0.015064236391123
492,0.0203378487602637,0.0231217807000576,0.0244830810748477,0.0200879218101329,0.0147860778663343,0.0118445303129497,0.0142721043470855,0.0188388130310496,0.0269543136628779,0.0195302947358447,0.015391803702059,0.0185517068057771,0.0204121042930932,0.0283202165972923,0.0250813547780031,0.0149355291749344
493,0.0205813167371236,0.0237897820707112,0.0250613915083761,0.0197682193294765,0.01439707172093,0.0117656598190696,0.0144543435018952,0.0192869728187868,0.0260208591954885,0.0194428409760035,0.0156276178007422,0.0190790408290755,0.0209957655772933,0.0285863822299244,0.0246979417392337,0.0148561752037571
494,0.0210818787034192,0.0244584501405541,0.0253261778806867,0.0195978587440205,0.0141793319281088,0.0117317605571335,0.0145802714169499,0.0197590881611297,0.0252080006295835,0.0191278227584798,0.0157860300623453,0.0197557851301509,0.0217985622656175,0.028778501604002,0.0242168331361095,0.0147502952709188
495,0.0213471845877557,0.025272031481352,0.0256617294905921,0.0191543813630611,0.0139550362633394,0.0115632108811953,0.0146646158055311,0.0202620289975453,0.0244380862013734,0.0188352092883762,0.0160825773952278,0.0204870652066185,0.0224424177052381,0.0289071176091843,0.0236206654791589,0.0145372958057258
496,0.0218177212873306,0.0263750400325478,0.0259259985901142,0.0187878482805277,0.0135847433915845,0.0114860674887934,0.0149393405092071,0.0207793485461877,0.0236885823949983,0.018704673442797,0.0164678125989016,0.0214831640450645,0.0233853615087464,0.0289601647208751,0.0231980278301562,0.0145547144439905
497,0.0222261225267149,0.0271823679753283,0.0263422583114425,0.0185512622507076,0.0133468605873858,0.0115126950661538,0.0149920550823604,0.0212357158050546,0.0232012031174371,0.0187611925392742,0.0169616768063373,0.0220959540089094,0.0240400388786406,0.0287296456470167,0.0226917554727597,0.0143800429996295
498,0.0229246054311832,0.0276800618065148,0.0265434134727574,0.0183064441877406,0.0131672060197111,0.0115709593475756,0.0152197423046012,0.0217310839628868,0.0223034162538525,0.0186784811911363,0.0171721464503258,0.0231460020553439,0.0247452328586858,0.0286078102605657,0.0221502313042354,0.0143138565261501
499,0.0234227265727267,0.0288856555617918,0.02638071557478,0.0179140135441557,0.0129762239702825,0.0115108143830802,0.0155781844893926,0.0224607992468965,0.0220390748424201,0.0184887023388122,0.0178725060049872,0.0240834157590472,0.025640993426831,0.0284183545051481,0.0217095836117669,0.0142958313620713
500,0.0238126233241376,0.0299366397754353,0.0266957285912183,0.0175027508228388,0.0127796051198368,0.0114267502461146,0.0158605001688743,0.0231380871932948,0.0215101861816163,0.0188050191487999,0.0184007110863716,0.0250889539638134,0.0266408010159279,0.0283295717485393,0.0213875963075724,0.0143423846737695
501,0.0247041212945737,0.0306269513807821,0.0267719009564401,0.0172323097430901,0.012614623730622,0.0115405024415865,0.0160791635916847,0.0237118855024156,0.0210561602141963,0.0188704610638452,0.0189784227490768,0.0257393999442279,0.0272191680041986,0.0277004511407844,0.0208482942772099,0.0142854988946252
502,0.025512326095587,0.0314554562279678,0.0266379812327549,0.0169460151533673,0.0123431505105242,0.0115962386553111,0.0165172555735097,0.0242654425156762,0.0205649363149316,0.0190735151326301,0.0193125469622337,0.0265741671428523,0.028076475036625,0.0274800977228717,0.0205740869868805,0.0143830861848028
503,0.0260236421766517,0.0322898511209791,0.0265228553018972,0.0166293934067982,0.0122357905179762,0.0116258259495971,0.0168558202314669,0.0249711379916524,0.0201654890530223,0.0190251327661713,0.0199249935543582,0.0277810751797517,0.0289598164493804,0.0270958109688868,0.0202308885910015,0.0144141111512935
504,0.0267880332006462,0.0334421379342132,0.0261908215074393,0.016277440779715,0.0120595180067121,0.0116186784860375,0.0172931163185346,0.0257560485436969,0.0200117185358717,0.0191496455200838,0.0207064304020546,0.0287842515110322,0.0296625072178116,0.0266271753217295,0.0199788441259712,0.0144790014727399
505,0.0275345166610352,0.0343460554062316,0.0260417005840874,0.0159333397042612,0.0118814714184871,0.0116634375418154,0.0175268821885135,0.0262169504554021,0.0197174628205692,0.0196840850773304,0.0214263102642144,0.0297027494568129,0.0300705080091782,0.0260214277016398,0.0196550690160157,0.0144221204965389
506,0.0286088961225674,0.0350728688525302,0.0257172078294437,0.0157072709773338,0.0117409044948436,0.0118722537054073,0.0178875255804534,0.0268222999676555,0.0193842958402434,0.0198962113029876,0.0223003330672554,0.0306176633251423,0.0305214101191105,0.0253497773565835,0.0192957646858636,0.0144604927111229
507,0.0295431627770005,0.0357610304751725,0.025336245667059,0.0152966490506571,0.0115209062637781,0.0118563283379809,0.018469087053129,0.0275017720990573,0.0191212737614657,0.0202603370861595,0.0230531218820378,0.0314150878499294,0.0311812783470573,0.0250773263241682,0.0191300350464206,0.014706080723202
508,0.0304809866615793,0.0363871454496607,0.0247797999818019,0.0150587716667939,0.011466213718469,0.0119630692566668,0.0189498707162576,0.0282669056884502,0.0189441813860689,0.0206138137548988,0.0239501924679155,0.0323399951805523,0.0314752991058673,0.0244909374799363,0.0188697303055263,0.0148011225104059
509,0.0314397175057681,0.0371023458880526,0.0243212685027989,0.0147324264783451,0.0112636109808343,0.0119922222358789,0.019455894450603,0.0288973634832725,0.0189293190643697,0.0210258838445051,0.0250418987386365,0.0329561294043174,0.0316600869936356,0.0237521532916293,0.0185453933584748,0.0148815050061792
510,0.0325509188591804,0.0373992510800005,0.0238222260402945,0.0144197424227524,0.0111650808936614,0.0121569117926976,0.0199310321941776,0.0295010142776199,0.0187684044598708,0.0216241006691484,0.0260136782153772,0.0334290288104457,0.0316854672201608,0.0231426027766203,0.0183433666616879,0.0150924650459723
511,0.0337868925393536,0.0376890566991503,0.023118134899437,0.014196512368265,0.0109968446535989,0.0123346676597277,0.0204685341867544,0.0300330077484668,0.0186325847395238,0.0221088670072266,0.0269543864633384,0.033714401872049,0.0315905929719305,0.0224322661694977,0.0180846150828124,0.0151647162004078
512,0.0348254726067532,0.0379473177076949,0.0225382010670082,0.0139183480815256,0.0109066025059177,0.0124637691556532,0.0210684935765408,0.0306227814278948,0.0185893784485099,0.02256973236462,0.0279332018257574,0.0339640880430282,0.0314952952895906,0.0219103628419996,0.0179990678862879,0.0153865174485232
513,0.0359182017068935,0.0380737872675228,0.0218897944934935,0.0135914498912837,0.0108357313405037,0.0125963970432201,0.0217628043102017,0.0311551349429177,0.0186492745447438,0.0231718340380706,0.0292035037259266,0.0341024283632543,0.0310905684766796,0.0212230606580313,0.0177665940111567,0.0156245939938167
514,0.0372677973781684,0.0379031603287468,0.0212928058791894,0.0133366009611774,0.010782634104876,0.0127088981803497,0.0222891963449532,0.0315362554986316,0.0187141142433955,0.0239072383497911,0.030364645406393,0.0339832600510716,0.0304377758584504,0.020607407781647,0.0175927622336054,0.0157448989146384
515,0.0386167460902164,0.0377720969651778,0.0206191660317413,0.0130998500412338,0.0106577267362383,0.0129900223137012,0.0228869910794866,0.0319096149005643,0.0188345021813034,0.0247459820361699,0.0316145089730115,0.0337797238021895,0.0298428401926027,0.020040867984501,0.0174752287575133,0.0158943511763485
516,0.0397845931413905,0.0372446625876248,0.0200592573901825,0.0128513232069725,0.0106641782900585,0.0131884411619133,0.0236544974169764,0.0321732860297984,0.0189566726985785,0.0254799719046619,0.0325899756590175,0.033169601497022,0.0291186764828671,0.0195206535765259,0.0173334256845841,0.0161841642789043
517,0.0409071659767109,0.0368667126266748,0.019419384482474,0.0126640755716323,0.0104788686907396,0.0132945272869722,0.024453366881019,0.0324596910035055,0.0190206217907588,0.0262157762792083,0.0335560710397763,0.0327115498848263,0.0283266956324607,0.0189562602442778,0.0171924963470291,0.0164791664031457
518,0.0419021778257442,0.03610985352888,0.0187600391959903,0.0124045926158384,0.0105158181728578,0.0134322151129712,0.0252043015751754,0.0325913122765122,0.0194450185356392,0.0269461429313414,0.0350510825508781,0.0316665514985639,0.0275417831490546,0.0184068218204812,0.0171577457882244,0.0167513626019896
519,0.0434131283492185,0.0352441706392946,0.0180742103374644,0.0122507493446787,0.010511738994502,0.0137889437579877,0.0258722032489557,0.0326719703882292,0.0194126794634665,0.0281697799015157,0.035822545138997,0.0309848613673079,0.0268525236981666,0.018097110525253,0.0170909078957146,0.0170164941537665
520,0.0443983249560038,0.0344607528478248,0.0174683322381505,0.0119544696810887,0.0106280027182496,0.0138856145518282,0.0264115540051711,0.0324514404390998,0.0198341634227021,0.0289073084035479,0.0370738656986018,0.0301960816178719,0.025746011314098,0.017544350980867,0.0169717060379211,0.0172191250010171
521,0.0454457434078644,0.0339166742609603,0.0168905838002014,0.0118078671719879,0.0107277151048453,0.014246359025591,0.0274723531981396,0.0324945702442791,0.0205235140342033,0.030170174486443,0.0385679880667729,0.0294010305385537,0.024940735699615,0.0172145115223465,0.0170167009660562,0.0176563001437886
522,0.0466561378883125,0.0331168703565917,0.0165206913962995,0.0116373102574755,0.0107436367128278,0.0145518142151857,0.0280634012484202,0.0319763817755205,0.0211085396065292,0.0317582451825176,0.0397334620973362,0.0283506530211166,0.0237266073960949,0.016623443052307,0.0168502265223542,0.0179383110148799
523,0.0481777000680275,0.0320944707898714,0.0161078685577193,0.011691812692606,0.0107932707540186,0.0151465054533284,0.0290063453743807,0.0317063436608145,0.021816653163213,0.0332190333059782,0.0407153254695151,0.0272804933378616,0.0229097077563388,0.0163008995987695,0.0169214895687668,0.0183903933561649
524,0.0492841738155022,0.031114653147568,0.0156003164132085,0.0115857968842922,0.0108137727226034,0.0155692029076838,0.0300753316910384,0.031291836000847,0.0224061473947544,0.0348393715680997,0.0413765378702867,0.0261352734040825,0.0221411240065639,0.0161158090184733,0.0170418307183221,0.0189045998939315
525,0.0501822627768624,0.0300425854291058,0.0151464804382466,0.0115688528814511,0.010942331959298,0.0160184865816612,0.0313254917573219,0.0312318457475298,0.0231650518711289,0.036355147205908,0.0418278085873992,0.0250456903370896,0.0214509609528846,0.0159416980954817,0.0172793355062463,0.0195937114159749
526,0.0508250545205443,0.0289618202499029,0.0147686222952455,0.0114643916132211,0.0110350464494945,0.0164351366961787,0.0323599023713059,0.0307817719602924,0.023973149691201,0.0378997455770328,0.0420733168928539,0.0238971895280222,0.0206854934926566,0.0157076736271567,0.0174547835238378,0.0202007468855795
527,0.0513973332474658,0.0279650621510752,0.0143311100062427,0.0114525875748952,0.0111228783735043,0.0169423789903882,0.0333604228591985,0.0302048890355473,0.0248045888322343,0.0396820565428793,0.0420596366302357,0.022851234276005,0.019857297195289,0.0154659499068372,0.0176285044471676,0.0207843409505268
528,0.0517371908477426,0.0268766938120733,0.0139877891698272,0.0113845256785315,0.0112004943448801,0.0174533581856424,0.0343536327938987,0.0295776312470137,0.0257639922493662,0.0415099532926375,0.0418537586231865,0.0217853743603738,0.0191731740369367,0.0152881485587347,0.0178204154763307,0.0213741988346102
529,0.0517855989832943,0.0256931478209377,0.0136418551409248,0.0113399141636401,0.0113077917528188,0.0180577914149471,0.0353771804111257,0.0288142380578313,0.0267195278014791,0.0432294437280282,0.0413239191103168,0.020680915793831,0.0184136559960494,0.0150907970436169,0.0180190066964846,0.0220800305584691
530,0.0515869108366932,0.0245408089598824,0.0132091413056229,0.0113038488402144,0.011481779953241,0.0185764473644,0.0363206380267829,0.0281301422728531,0.027663972306635,0.0450156821685936,0.0403253671367768,0.0196940722049294,0.0177427371942789,0.0149470743591666,0.0182215361305341,0.022862171661174
531,0.0508107123604405,0.0236687775551855,0.0128009840309152,0.0111993518022184,0.0117124692677737,0.019103013423364,0.0371786687369361,0.0273325459906273,0.0288616817386581,0.0464756749394906,0.0393525279242113,0.0189433907545842,0.0171365941100075,0.0148081399197534,0.0184706857194554,0.0235715928923667
532,0.0499550478892073,0.0228609531257388,0.012612290154683,0.011173447272509,0.0118761047353061,0.0196837060927288,0.0378542721140438,0.0265325858927042,0.0302085063418483,0.0483261562100817,0.0382546301326571,0.0181992173476074,0.0165662818202208,0.0146932314726098,0.0187167393331563,0.0244249893029192
533,0.049327995066264,0.0220037678891967,0.012417977693861,0.0111814649560797,0.0121470194310836,0.0204206607959843,0.0383565116643201,0.0255599625332512,0.0316090945508668,0.0500189976509528,0.0371089200843643,0.0173517868289786,0.0159560046839724,0.014473293184334,0.0189876741252288,0.0250940008990007
534,0.0485432157173448,0.0211854409647534,0.0121812849217236,0.0112885134138749,0.0123965709336724,0.0211622552835316,0.0388876515137475,0.0246712672082625,0.0331737239517609,0.0516159306933588,0.0356310810559343,0.0166570853320705,0.0154341502159024,0.0144122411358572,0.0193356678588971,0.0259773502427283
535,0.0472731457824986,0.0204530586123024,0.0119447963890922,0.0113018309152136,0.0127264298366827,0.0219445616506235,0.0394434106841655,0.0239288776520677,0.0349028675505247,0.0530120545562127,0.0341410499278954,0.0160781490015331,0.0150303661263557,0.0143949639036434,0.0197602409593799,0.0269478194869131
536,0.0460011397507465,0.0197077876887683,0.0117782225801155,0.0113927744299084,0.013064765317117,0.0228706199409635,0.0398806866575659,0.0232454304515241,0.0366633579979279,0.0542563207704703,0.0327095835603372,0.0154977338265725,0.0146701456221572,0.0143901155882889,0.0201804638980584,0.0279275775562334
537,0.0445415234245938,0.0190672064564353,0.0115761032655178,0.0114628130599281,0.0133730200686876,0.023712761104754,0.0401059919518329,0.0224280059753088,0.03851567011614,0.0552361342437193,0.0311884296274132,0.0149397044257033,0.014344527735684,0.0144138462131689,0.0207750677645498,0.0290098169438897
538,0.0431766147819193,0.0183973098731595,0.0114942351039932,0.0115987630374392,0.0138738160531446,0.0246120499009253,0.0402547026901624,0.0216494578448711,0.0405230634813561,0.0559625743541172,0.029748599246016,0.0144972523006344,0.0139502345979751,0.0145096961320405,0.0212882728414901,0.0300706316870249
539,0.0417073423460904,0.0177503357795397,0.0113921315112141,0.0117311279120461,0.0142537357661786,0.0256590056632448,0.0402372437521794,0.0209605451203715,0.0426882686498449,0.0563142989209672,0.0281798755384276,0.0139589265210031,0.0136699328165037,0.0146188909469174,0.0218983272969715,0.0311681535040903
540,0.0400667057205718,0.0171519892842546,0.0112228344979467,0.0119331939527554,0.0147024342908683,0.0267268691004876,0.0400395603755812,0.0202753785388223,0.0451449704168602,0.0562258451576627,0.0264846711560163,0.0135661641588695,0.0134526104164495,0.0147382957902531,0.0226413314367824,0.0322191262119604
541,0.0380979194416142,0.0166842793244312,0.0111765346280617,0.0121146286897214,0.0152164208844326,0.0279652138001935,0.0397317540771813,0.0195781642027164,0.0472507560789647,0.0556212611204374,0.0251216147479253,0.0132120830286249,0.0132619016923975,0.0148636395696335,0.0233927513486724,0.0333313973701251
542,0.0365384853942595,0.0162299265358307,0.0111249425054589,0.0122695683112333,0.0157379495123362,0.0289776265427256,0.0392531337620528,0.0189453880883213,0.0494879218961299,0.0546851111406675,0.0238123315479379,0.0129065461067537,0.0130553944171932,0.0150233585749409,0.0242281440353512,0.0343165794741133
543,0.0350107511792867,0.0158237805445479,0.0110529428966866,0.0124504161446409,0.0163285169544119,0.0301056066585598,0.0384527935927445,0.0181850880608283,0.0516897944554695,0.0535135694224169,0.0226395225213074,0.0126199952246343,0.0128678875561952,0.0152676781026968,0.0252774999071375,0.035365281961305
544,0.0334796364628024,0.0154538842427079,0.0110245381430573,0.0127564655274977,0.016904080778575,0.0312211532964921,0.0376221726251824,0.0175978307142265,0.0536335178843421,0.0520175785757438,0.0215572041953691,0.0124058710199894,0.0127125101581658,0.0154702951525422,0.0262227779352148,0.036147367803655
545,0.0321179903277302,0.0151369628214228,0.0110711607678152,0.0129699563824925,0.0176492345100897,0.0322981274340617,0.0366290169393176,0.0169876074002548,0.0556960646068965,0.0502574834504805,0.0205127593470693,0.0121989449826361,0.0126067391189563,0.0157763288455915,0.0272198173444269,0.0368282652430497
546,0.0307185700905877,0.0148644360041316,0.0110765604054168,0.0132758763735036,0.0182926741422505,0.0334118413423375,0.0357066361695025,0.0164735966765757,0.0574312475836804,0.0482224264552583,0.0195500871196356,0.0120796648840455,0.0125721421134816,0.0160742668950695,0.0284352273216844,0.0373348920911724
547,0.0294086981220028,0.0145279795458564,0.0111354058832183,0.0135761477968268,0.0190382750433194,0.0344311548085195,0.0347131600680243,0.0159989622119735,0.0588897003578645,0.0460747008810568,0.0187658184173048,0.0119355957992267,0.0125665295954728,0.0164471383666374,0.0296573038772078,0.0376903271660381
548,0.0281940021023739,0.0141985112726728,0.0111586361315661,0.0139557483968394,0.0198840110212115,0.035444160512678,0.0335440342377062,0.0155309404453454,0.0598095749108043,0.043997899745214,0.0179349637006364,0.0117845382157605,0.0125767253327223,0.0168256352553015,0.0310415007344345,0.0378482534111706
549,0.0270615133126224,0.0140272051181669,0.0112171219197707,0.0143315078949036,0.020760287049564,0.0362473146795345,0.0323830467407709,0.0150500943785725,0.0604603820466858,0.041724209229929,0.0171669223171285,0.0117080571810791,0.0125634150472663,0.0172655537105027,0.0325001282895395,0.0377199281239305
550,0.0259572590634107,0.0138372890874746,0.0112867300828875,0.0146538337295643,0.0216369897956052,0.0369030334975217,0.0312665452786668,0.0147387178251082,0.0605694258370504,0.0394195195422179,0.0164664203025959,0.0116876850746673,0.0126321874759561,0.0176904378169197,0.034047544799566,0.037523920001926
551,0.0249208661949352,0.0136942977861434,0.0113869352240059,0.0150657368178077,0.0226761979356369,0.0373852472724125,0.0300852271090725,0.0143174290926803,0.0604187787525719,0.0372130859637206,0.0159427198506094,0.0117049287670353,0.0126693823709611,0.0181674663395741,0.0355954695554496,0.0369543377067601
552,0.0239603336972196,0.0136008251393377,0.011538614258194,0.0154740191870032,0.0236504514614082,0.0378364667490091,0.028826008009286,0.0139419382973943,0.0597824600079203,0.0351929043062916,0.0154421574267864,0.0117474014208821,0.0127543572285743,0.0187067124181666,0.0372198840478887,0.0362381782028161
553,0.0232223505821676,0.0133936744012033,0.0116583456650533,0.0160237229520602,0.0245972956341761,0.0381166529082816,0.0275776930998476,0.0135574585186599,0.0586143785153473,0.0333824790107224,0.0149765755685539,0.0116969666744606,0.0128701031953465,0.0193210632932658,0.0388556554261505,0.03535439393909
554,0.0223562663792489,0.0132572842047275,0.0117825405635179,0.0165223438515286,0.025637786319178,0.0382191431658176,0.0264908744762137,0.013299551009244,0.0568990587421232,0.0314897047768958,0.0144770851593443,0.0117557374890746,0.0129942890119149,0.0199955393970812,0.0405743929437075,0.0343901398986421
555,0.0215461982508263,0.0131854506821907,0.0119449790971025,0.0170628638945072,0.0267353542651533,0.0379522563876117,0.0254981226310812,0.0130678593687311,0.0551330327561809,0.029674478879435,0.0141139031835934,0.0118011816621652,0.0131490661883692,0.0206956856226841,0.0421847489817149,0.0333499522902279
556,0.0209197381929222,0.013089773037793,0.012113878658997,0.0175848620319348,0.0278158064895193,0.0376584619931741,0.0243744305980536,0.0127336390475437,0.052811627790738,0.0281119709671118,0.0137408761592221,0.0119121068787125,0.0133785637180475,0.0214696768291287,0.0438692078253942,0.0321281885108035
557,0.0203543508871024,0.0130236235196169,0.0122770704939512,0.0182032921036681,0.0291885408217357,0.0371252555240036,0.023295253668134,0.0124697919133927,0.0505192797366027,0.0265663828801312,0.0134691642814435,0.0120453705062264,0.013570425109216,0.022267271800434,0.0453211778074491,0.0308147223440105
558,0.0196882710492254,0.0130114758442393,0.0124601983792905,0.018769145105779,0.0302228830587763,0.0364759674057633,0.0223756673431579,0.0122489585779339,0.0478541722317823,0.0252281254467746,0.0131599885147477,0.0122009006265002,0.013807858372151,0.0231473202454041,0.0466219282158546,0.0296613196198483
559,0.0191193918540481,0.0129607218477039,0.0127520252350466,0.0194416588046191,0.0314930818307402,0.0355365379778667,0.0214532497189886,0.0120236304977187,0.0448998882324954,0.0238631676609281,0.0128978113745319,0.0123118205295097,0.014038269042211,0.0240041460045622,0.0477209848865015,0.0283907831239378
560,0.0185813033571636,0.0129424730636963,0.0129418634076003,0.0202683295543605,0.0326277927772384,0.0344693156577928,0.0205964297161932,0.0117980085986523,0.0422723895980894,0.0225828520605367,0.0126778404269054,0.0125392923407398,0.0142965716640369,0.0250262910575158,0.048685483079184,0.0271240147459808
561,0.0180751390478849,0.0129994471335203,0.0132500262201601,0.0209572905344973,0.0337406782339121,0.0333684060773732,0.0197506329563509,0.0116236094543086,0.0397628858035956,0.0214916662120245,0.0125308672257406,0.0127251089748404,0.0146205680443466,0.0261126273359468,0.0493057049116453,0.0258391276351172
562,0.0176593959435575,0.0130197794418066,0.0135513334349554,0.021805880774613,0.0347642337974965,0.0322327879178567,0.018784688430382,0.0114239892407312,0.0373839011577551,0.0205547994832079,0.0124018533927132,0.0129728035260141,0.0150160431991029,0.0274855645094302,0.0497843915490193,0.0245262472989616
563,0.0173134326939775,0.0130521517412156,0.0138378014295273,0.0226732699125479,0.0357360249470286,0.0311976062834451,0.0179788078454314,0.011184736577129,0.0351693563825044,0.0196646408439974,0.0123023302003939,0.0132353212538978,0.0153035557383468,0.0286271762816895,0.0496984726571056,0.0233617669470159
564,0.0169982816361579,0.0130806563800822,0.0141419153259511,0.0235146619111121,0.0366984172419755,0.0299768554999467,0.0172992654691126,0.0110986023249659,0.0329169137118308,0.0189635982512715,0.0122070674974429,0.0135436201370805,0.0157556239072001,0.0299218788900722,0.0494220217592823,0.0223060886868677
565,0.0167156881104819,0.0132258040139813,0.0144963372347674,0.0244451393185839,0.0373851100067857,0.0286795545297112,0.0166725810388437,0.0109402368396664,0.0307516986104545,0.0182342294925515,0.0121673642366476,0.0139119062971639,0.0161739482490812,0.0313088282882806,0.0489017370555482,0.021380256778076
566,0.0164104299872693,0.0133023413334914,0.0149534148820306,0.0254199864184638,0.0380626501466,0.0273494652252912,0.016094150535468,0.0108327627947718,0.0289586693595999,0.0175463051459104,0.0121872298806026,0.0142358977415352,0.0166012772061465,0.0326900573244863,0.0480823624991121,0.0204583839894847
567,0.0161918893199673,0.0134553649817436,0.0153207213118499,0.0265656726150446,0.0384097583682396,0.0262576703260854,0.0154820038315531,0.0106975824568692,0.0271899133923477,0.0170429910852061,0.0121893236818213,0.014658331927576,0.0171009805191115,0.0342080019837782,0.0469836690028195,0.0195553077490345
568,0.0159908742824614,0.0136047946288619,0.0158387478799111,0.0276262874435066,0.038639436142815,0.0250526288026696,0.0149100946199225,0.0106018869421601,0.0255504279925092,0.0164819903632364,0.012290749980156,0.0150802250667493,0.0177016562149018,0.0357942969968873,0.045571989332682,0.0187202914771384
569,0.0158483917693597,0.0137523492968932,0.0163500248396607,0.0287742984835301,0.0386728186403585,0.0238776389273858,0.0144452457283561,0.0105304483309935,0.0240135245420505,0.016064707903875,0.012312958009875,0.0155443327384868,0.018358013299558,0.037421422325349,0.0442130626694439,0.0180052008828513
570,0.0156282640375738,0.01392095968351,0.0168630238387337,0.0300295344830939,0.0384504469228795,0.0226985242588865,0.0139188244320531,0.0104747371383298,0.022657286338143,0.0156214219364228,0.0124070591532463,0.0159977059881229,0.0190067993369761,0.0389858079753602,0.042548002836846,0.0172557911408217
571,0.0155428045022129,0.0141626035424046,0.0173824976358621,0.0311396692231792,0.0379852110487133,0.0216250147875623,0.0134525332321054,0.0104417764258303,0.0214119767463369,0.0152614252643802,0.0125205706858473,0.0165959078713061,0.0197931150257826,0.0406376854349043,0.0408462406783622,0.0166198520581542
572,0.0154249960397033,0.0144179224123329,0.0180016904237084,0.0322937480404189,0.0374025489169923,0.0205944220090639,0.012994180303557,0.0103566522672448,0.0202346347642248,0.0149590382151146,0.0126795235097952,0.0171508584662283,0.0205722975339955,0.0421503495314721,0.0390050901439495,0.0159803061892209
573,0.0153693829744753,0.0146151253836557,0.0186496914803007,0.0334701845997405,0.0365060629878357,0.019564754742003,0.0126491087858177,0.0103463909729108,0.0191677062738979,0.0146866296439503,0.0128546621828311,0.0178008088111786,0.0214331712933333,0.0434581548766155,0.0372589245696356,0.015458689653921
574,0.015274934527696,0.0148450544074196,0.0193119133182228,0.0345959640419551,0.0356289274219348,0.0185700525110593,0.0122408252329042,0.0103116436256871,0.0182885359614575,0.0144247968516404,0.0130787448226142,0.0184336366819136,0.0222549969372133,0.0445319846386101,0.0354564318538313,0.0149955835953791
575,0.0152092245167972,0.0151917937200069,0.0200027434535321,0.0356104044050955,0.0346499880968435,0.0176863148613874,0.0119106541355543,0.0102918379415747,0.0173647529030244,0.0142762004826218,0.0132405485124588,0.0192043911292779,0.0233403900086956,0.0455695923400649,0.0337295948092749,0.0145043003379889
576,0.0151653343393986,0.015508932265268,0.0207742526060151,0.0365279959259115,0.0332742707343893,0.0168000711404325,0.0115910418439661,0.0102508713799603,0.0166000234000611,0.0140491500040094,0.013518607680536,0.0201015977266099,0.0244453430312804,0.0462271657402507,0.0319623277759291,0.0140068482730418
577,0.0151540675103704,0.015944044460382,0.0216748089892585,0.0373941866317218,0.0319744903435568,0.0159872763058422,0.0112732396158364,0.0102423702194299,0.0159542039903578,0.0139401011609069,0.0138597358826485,0.0210855188123768,0.025617512656909,0.0465811762120317,0.0303836803507628,0.013628561786662
578,0.0152450145846974,0.0163689685324463,0.0227426735987342,0.0382855820812701,0.0306978761296758,0.0153245715631932,0.0109662698877551,0.0102464631330341,0.0152369101138073,0.0139304234497085,0.0142414475456063,0.0220825118376224,0.0267683480418581,0.0465221567991894,0.028780574855148,0.0132432721420306
579,0.0153075214712829,0.0167624409250308,0.0236361854897731,0.0389374737412136,0.0294112113412941,0.0144805581990872,0.0107078525700503,0.0102677960145029,0.0146601558973547,0.0138431206127818,0.0145784716111865,0.0231063103748743,0.0281786975346686,0.0463463271598841,0.0273332251176311,0.0129085102801931
580,0.0152984308727004,0.0171769913030623,0.0246685161015866,0.0392527569410445,0.0281446722152295,0.013790035860928,0.0104830750512449,0.0103219067111368,0.0142424866119755,0.013790926004255,0.014973201418027,0.0241958868575043,0.0297411444747863,0.0458183409988086,0.026056980971948,0.0126313338155839
581,0.0154057460377245,0.0176507040237944,0.0257298900049523,0.0394687814349617,0.0268282483176332,0.0132126113889795,0.0102406100759385,0.0103300945613854,0.0138237663197358,0.013895625456374,0.0154213765797204,0.0253441310391236,0.031580790319322,0.044817099586153,0.0246113512870274,0.0123231001327759
582,0.0155236809439623,0.0181808503413348,0.0267889988696669,0.0394128710977705,0.0254696809299139,0.0126288539164918,0.0100474111464876,0.0103847584380926,0.0134215653426493,0.0139030229047764,0.0158192476952139,0.0266257149690193,0.0331793219525228,0.0436412889902532,0.0234524454002153,0.0120412217567656
583,0.0156545508981665,0.0186948180815667,0.0279858739089092,0.0392247284679444,0.0243178748557194,0.0121582400055691,0.00988433005869263,0.0104532069385017,0.0131437643977985,0.0140294300698768,0.0163525904944732,0.0280154650880688,0.0349243339314694,0.0423109759712318,0.0224256995405769,0.0118287962795305
584,0.0158174417493142,0.0192911384163913,0.0292381235918938,0.038798888105485,0.0230859840414606,0.0116263564049319,0.00970545815388942,0.0105137983433988,0.0127972393443952,0.0141764489566481,0.0168825100599391,0.0294898546919693,0.0366572281339768,0.0407629263804781,0.0214259900645152,0.0116687058303626
585,0.0159863676814942,0.0199028478908735,0.0304780724824437,0.0381339932831571,0.0219588381991739,0.0111429745497628,0.0095360930333676,0.0106193089131281,0.012568247367844,0.0142922732378611,0.0174557050905346,0.0309969100635192,0.0383241690770263,0.0392010338617046,0.0205479917775181,0.0114899303122991
586,0.0161757226075075,0.0205430724749856,0.0318707745531471,0.0373769882387407,0.0207703909877738,0.0107778113324996,0.00941402218163983,0.0107142832988922,0.0124155293350864,0.014520956371302,0.018053408667216,0.0326938237535596,0.0401194972088973,0.0374280569666492,0.019681550797612,0.0113526246074721
587,0.0164327626602023,0.0212962960423448,0.0332622758322253,0.0365027786972387,0.0197424908171645,0.0103868569568519,0.00926321083621637,0.0107791529960995,0.0122264723758905,0.0147365940173785,0.0187241143116403,0.0346034148255656,0.0417362759626959,0.0355800397231456,0.0189037052548653,0.0111912349631606
588,0.0166367974854694,0.0220389784306563,0.0347073189058253,0.0353504541639325,0.0188616881003634,0.00998499376059242,0.00917209197848931,0.010900040309412,0.0121111554783512,0.014966558114593,0.0194530218686387,0.0363933111720547,0.0433167777881904,0.0339546610815387,0.0182633295864878,0.0110820965418884
589,0.0168877144078849,0.022845571256893,0.0361322736612206,0.0341311209914131,0.0179557227786551,0.00959925530334931,0.00908538064386936,0.0109997817649417,0.0120162399422511,0.0153020295057781,0.0202296024635779,0.0383530796629202,0.0446819592170242,0.0322782838946886,0.0176115457262975,0.0109685436534571
590,0.0171946840017215,0.023876804953509,0.0375175777272695,0.0329233953362817,0.0170094004568783,0.0093128269781851,0.00898515840760437,0.0111754125635164,0.0119998687493642,0.0156160131948914,0.0211768920673586,0.0403585796096352,0.0458683051613514,0.0305526770780943,0.0170068612499697,0.0108507243096501
591,0.017506817289348,0.0248725589112906,0.0391571335902882,0.03167267341962,0.0161998556851317,0.00899526807577355,0.00889343871239967,0.0112767125640513,0.0119631139053699,0.0160950651937411,0.0221695746794656,0.0422750849419329,0.0468455002989679,0.0288677210992817,0.0164239888683368,0.0108034602772945
592,0.0179833068382807,0.0258373857074381,0.0405669948779113,0.0304797353430249,0.0154460691149428,0.00878902571122031,0.00878182253969833,0.0114384886227518,0.0119968208219987,0.0165287443342178,0.0231722695974692,0.0440708489527234,0.0473954256077475,0.0273863614168788,0.0159317738157214,0.0107346008006944
593,0.0184091775932857,0.0268861363743787,0.0418148456883272,0.0291221031833407,0.0144778727077393,0.00848342745782113,0.00878993755718658,0.0115947413223001,0.0120388165739097,0.0169926559228246,0.0242660714762252,0.0456844482250477,0.0477766740840346,0.0260933488011349,0.0154979896273352,0.0107197730318075
594,0.0187674072585187,0.028349323357727,0.0428224732430929,0.027852923893811,0.0137924420205748,0.0082706064511876,0.00878281595858962,0.0118266757132473,0.0121182702229054,0.0174943763676915,0.0254116265859552,0.0475816275707321,0.0478018444416365,0.024762708408625,0.015135867489927,0.0107223772002211
595,0.0192192910869051,0.029505213704071,0.0440093490539467,0.0265638957794148,0.0132122843757473,0.00805755476086338,0.00877622695200713,0.0120319378283732,0.0122320861909845,0.0180487790095003,0.0270871060824385,0.0486241296309841,0.0472414346163795,0.0234531090994936,0.0147329976590807,0.0107063774471926
596,0.0197719612206051,0.0307792626640209,0.0446743155923458,0.0249153780690957,0.0127058696426322,0.0078012165188983,0.00871558771310434,0.0122551801803015,0.012307450350557,0.0188100231253785,0.0283271493014277,0.0494193393605981,0.0464647319308965,0.0222981104135471,0.0144012598648364,0.0106905660662775
597,0.0202222691137914,0.0322766860516176,0.0450817956871654,0.0237465937607095,0.012140130710709,0.00758504888561578,0.00868154935792906,0.0124342096002431,0.012464105198539,0.0193543723280168,0.0297945190035997,0.0501954384924866,0.0452870541391287,0.0212176192696238,0.0140682417576611,0.0106816867232331
598,0.0207790151525788,0.0338011088546951,0.0455389081858477,0.0226064863663314,0.0115418244559411,0.00737238770464965,0.00863950173348214,0.0127341665276853,0.0127489277380143,0.020072512173965,0.0316311958679164,0.0502598290057805,0.0433371117028292,0.019900627403497,0.0136867809632797,0.010711708466055
599,0.0214879942899754,0.0353146524250709,0.045507550866177,0.0215556792794241,0.0111091947974622,0.00731445998705964,0.0086091384399852,0.0129213910112344,0.0130085196903787,0.0210035889331995,0.033388924625002,0.0498436235001709,0.04167844577957,0.0190058116676985,0.0134348155959343,0.0107039881334767
600,0.0221111705751048,0.0368511406029173,0.0450969786176912,0.0205706699096068,0.0106293856178499,0.00712828038690474,0.00860114219729907,0.0131241987816905,0.0132155802952067,0.0218228998122442,0.0352291002440527,0.0491681658359919,0.0398032360704884,0.0182147206928314,0.0131960469874658,0.0107437628447346
601,0.0227611864128133,0.0386656077951349,0.0445082352687883,0.0195073101164489,0.0102020694542934,0.00698054991635371,0.00867527342898041,0.0134761236429624,0.0135044958013285,0.0226975532385446,0.0371443415448057,0.0480118098277699,0.038036680344609,0.0174779235405938,0.0130091748769489,0.0108582696692914
602,0.0234206473103022,0.0404791908297146,0.0437091636593192,0.0186627340230286,0.00975000207058274,0.00686007341660761,0.00868235294475969,0.0137716607760973,0.0138613628835274,0.0236588603651899,0.0393591652760696,0.0464258319534979,0.0360317764316905,0.0167499041570935,0.0128355876479391,0.0109162910427983
603,0.0242921389196614,0.041902945449853,0.0425926201098538,0.0178089247238363,0.00934399500746852,0.00674070666623803,0.0086835172038542,0.0140299600891464,0.0142444933971732,0.0248093991241571,0.0416012796609364,0.0444311194001682,0.0339880464695535,0.0160641436853771,0.0126361140943649,0.0109861240702048
604,0.0251185994746512,0.0436389038815746,0.0410251017693359,0.0169101884892081,0.00904075285192594,0.00662626119858789,0.00873518494059879,0.0143366029315413,0.0144802973311717,0.0259454025649003,0.0435598918473765,0.0423096213260628,0.0321365941149942,0.0154998544978306,0.0124761012077984,0.0110585836938406
605,0.0257988890497733,0.0454860819759986,0.0394481406368791,0.0160369416111609,0.00872173029514818,0.00646657052576633,0.00880768829136099,0.0147336603778522,0.014877134508375,0.0270270332789941,0.0458010783806634,0.0403136378779902,0.0302357905485802,0.0149150274357914,0.0123242761861013,0.011197512162489
606,0.0266982987454731,0.0473579280537644,0.0379844852997598,0.0152932961745409,0.00842833346458374,0.00634153471419757,0.00886303065091531,0.0151268149167421,0.0153586762603411,0.0283472786611003,0.0481110442421774,0.0381042528426962,0.0283857089532746,0.0144122175689824,0.0122233395396047,0.0112951023271515
607,0.0277044943881325,0.0491486200104856,0.036390098756642,0.0146622021393104,0.00821836626014202,0.0062493065032177,0.00886371808910629,0.0153693720130624,0.015881064740038,0.0298187760807008,0.0504019441013818,0.0359688757766427,0.0265544179656099,0.0138660277054164,0.0120233032587118,0.0113333800264541
608,0.0288704273699136,0.0507885309030184,0.0347679605389447,0.0140326979114848,0.00794854998141669,0.00616059001830253,0.00886447225354698,0.0157284418661844,0.0165280874449826,0.0313856926322939,0.0526280985012978,0.0339065167247867,0.0249150439021757,0.0133950899580415,0.0119029345769199,0.0114717222472048
609,0.0300469289659295,0.0523260214331832,0.0332915267961026,0.0134637146733429,0.00771731213573712,0.00611721453939635,0.00895161585110458,0.0161282353458579,0.0170308763619306,0.0331824334440765,0.0544119657902339,0.0317238276368743,0.0235076012044298,0.0130544180993697,0.0118312422210027,0.0116144310415834
610,0.0313045948405584,0.0538109284978971,0.0315095147923774,0.0129984536486216,0.00746925705114598,0.00610211418726486,0.00907337117680341,0.0165615229723035,0.0177348754908859,0.0348833638615753,0.0562220881484858,0.0297188365041114,0.0221176275148202,0.0126565475257984,0.0117550098547787,0.0117862726631194
611,0.0326294257116371,0.0549033010817374,0.0299144630138287,0.0124461144474259,0.00730785504686234,0.00604363232930332,0.00917186614433538,0.0170461243964882,0.0185554308950017,0.0369582924453319,0.0577061822493002,0.0279179970359927,0.020935336285223,0.0123425421380181,0.0117106465318143,0.0119512830164543
612,0.0342110245486441,0.0558291947916482,0.0283797329268438,0.01203469650196,0.00708438624996918,0.00604028747178076,0.00929017935971075,0.0175105075952646,0.019356406504084,0.0392184101893985,0.0586943766464653,0.0261141689236546,0.019824011151669,0.0120749462588875,0.0117023218056493,0.0121428404744394
613,0.0356340262093268,0.0566932715037032,0.0269123229935782,0.0115729280172744,0.006877792114306,0.00603695741272308,0.00941907466798401,0.0180398426217249,0.0202949753883969,0.0414594808489835,0.0592096707966316,0.0240649476665084,0.0187393337506568,0.0117866890305805,0.0116508362091336,0.0122817321954642
614,0.0373761906399716,0.0567430247989195,0.0251840089463184,0.0112573148453346,0.00678161301719747,0.00597457317684037,0.0095639878667992,0.0186484981022195,0.021484608207933,0.0439272522449405,0.0589960720985611,0.0226289909643355,0.0177626829688049,0.0115468629616782,0.0116408358223715,0.0125416343132417
615,0.0395757516657051,0.0566464685941261,0.023879701198597,0.0108034339127959,0.00659496078458245,0.00598633379281668,0.00971789068210494,0.0192263710614452,0.0224599918734224,0.0471541700349948,0.0583151255243946,0.0212692057303472,0.0169494431322538,0.0113307173736334,0.0116904441837054,0.0127777671288285
616,0.0412668492542267,0.0562114809991514,0.0226192306669869,0.0104548399227199,0.0064452293388967,0.0059730484947337,0.00988566369136434,0.0198206393433376,0.0236969171914575,0.0497706147785804,0.057150162220912,0.0200017307091707,0.0161437284435299,0.0111230902753665,0.0116774264594723,0.0130484545081327
617,0.0434325238784997,0.055327872562837,0.0214888387445696,0.0101641923618779,0.00629553267285031,0.00600494443140098,0.0100817213929321,0.0207003867393728,0.0249126500658085,0.0526979756114409,0.0555858411317291,0.0188565178310381,0.0152185365451363,0.0109056620992753,0.0117421223203631,0.0134102241582213
618,0.0454370375865066,0.0541752195560797,0.0203355169925452,0.00987957441808488,0.00622821084330482,0.00599020341649995,0.0102394554177818,0.0213492959453283,0.0263620684174766,0.055658529667437,0.053506175931658,0.0177364442654889,0.0145584873604911,0.0107330592385286,0.0117232683942536,0.013626289302119
619,0.0477578582564626,0.0527269222608582,0.0193153547255681,0.00960997692083797,0.006132552154553,0.00600190286451572,0.0104855329858988,0.022109577920507,0.0277926633048229,0.0587314232385572,0.0510706538691102,0.0167888776128644,0.0140065163767352,0.0106426467283509,0.0118292780274572,0.0139458634054906
620,0.0500777990313793,0.0510029092733116,0.0184028738884826,0.00937112202486811,0.00608454023395058,0.00604161133833348,0.0106904847938835,0.0228957035649503,0.0293633665223067,0.0617030900401133,0.0486178566625995,0.0159529123433677,0.0134566446750654,0.0104966998398135,0.0118887758904327,0.0142467577462031
621,0.0523701523893947,0.0490647967102105,0.0174432190729762,0.00915155234201639,0.00597125706348474,0.00602701572384708,0.0108645265452373,0.0237801595792907,0.0313152996380815,0.0645897272253521,0.0458592715876854,0.0150992333009237,0.0129223818581246,0.0103649063037975,0.011955267716957,0.0146262540417758
622,0.0549398948434882,0.0471928787108479,0.016610639367083,0.00894565202481412,0.00594388925024717,0.00612017705519238,0.0111064306275381,0.0246940125680216,0.0333371474209121,0.067641585860606,0.0430025312782677,0.0143590654687739,0.0124841922904727,0.0102722122320352,0.0120565953539834,0.0149761918879174
623,0.0576533694133853,0.0450343201168736,0.0158950842355671,0.00875435859786247,0.00587716634991982,0.00618094124974859,0.0113533324347742,0.0256262817080217,0.0354376502318303,0.0705006240266994,0.0403994099784992,0.0136753432165023,0.012086681817332,0.0101843020590589,0.0121695575762818,0.0153921006061212
624,0.0601715066900158,0.0428439470135919,0.0152008986266292,0.00860158504732096,0.00578422775739754,0.00624324470710939,0.0116576893126452,0.0267309046382391,0.03770639879553,0.0728889569891201,0.0376706200632239,0.0130816256391879,0.0116944119357215,0.010155219476573,0.012335442946681,0.0158650231654295
625,0.0627058177871129,0.0406849925158363,0.0145316890551079,0.0084908855579125,0.00578519321927457,0.00634505905810262,0.0119739541262268,0.0278983681481535,0.0401804052034086,0.0748481313145906,0.0351833965269107,0.0124825340152192,0.0113499653622375,0.0100872843974663,0.0125095050180158,0.016379168426738
626,0.0650078350668825,0.0386299653316302,0.0138789731408053,0.00830121567463136,0.0057681734579349,0.00645207157696024,0.0122842360092797,0.0290656819206584,0.0428299505581754,0.0763562757061811,0.0327703702709442,0.0120089310196394,0.0110547688387794,0.0100742500467095,0.012620298442595,0.0168649310887543
627,0.0673210851588203,0.0366499235142203,0.0133631646675906,0.00815077606444788,0.00572117238073049,0.00651610397889606,0.0126363983931479,0.0303608521598781,0.0456358726509804,0.0772921538681933,0.0305513985907475,0.0115860825386486,0.0108224583524105,0.0100647150307726,0.0128523272264198,0.0174006298901736
628,0.0695133074287231,0.0346691256056136,0.0128652800815741,0.00804230637095722,0.00573242231653637,0.00661905769510926,0.0130335300217714,0.0317281958676667,0.0484424101255455,0.077495253580471,0.0285940903118578,0.0111342408501253,0.0105550619830791,0.0100516054330008,0.0129991058888884,0.0179822617621054
629,0.0712921267667228,0.0327708437111525,0.0123640079841233,0.00792214118932583,0.00569379737214224,0.0066932720571031,0.013418168394212,0.0331508396843136,0.0516630541119818,0.0771047972351221,0.0266422786151257,0.0107854303954587,0.0102872125001018,0.0100347580329754,0.0132013499576778,0.0185929077822269
630,0.0727999577974849,0.0310709895190027,0.0119581052499224,0.00780268903573253,0.0057094015875963,0.0068007945784542,0.0138097970978416,0.0346597385138267,0.0549887789333906,0.0759379128518574,0.0249177539656101,0.0104294673966535,0.0100913719677836,0.0100563186467052,0.0134121250581104,0.0193005573616639
631,0.0741286359935354,0.0294961592850034,0.0115794982965192,0.00773889832656458,0.00566157322603492,0.00696339341878585,0.0142280015458841,0.036154437916355,0.058161019177623,0.0740706186017275,0.0233850017615783,0.0101027379574933,0.00992237238678484,0.010062754349076,0.0136306819892995,0.0199779985414667
632,0.0747428272071144,0.0275524797342551,0.0111726711021612,0.00766194825356917,0.00566764513808429,0.00713195383388953,0.0146980433623678,0.0378478154688225,0.0613894516235649,0.0717563317709,0.0219565378898196,0.00977230702283697,0.00971240917426275,0.0100857080753772,0.013940539468119,0.0207850086741819
633,0.0750712196329948,0.02626621655431,0.0107513162638722,0.00760717068003786,0.00573165196922124,0.00720867116655108,0.0152542412740407,0.0397566708096665,0.065526218439661,0.0689124690250913,0.0203058566924731,0.00958225838958993,0.00960897989392013,0.0101626012679346,0.0142800140062157,0.0217118000382289
634,0.0744973080116549,0.0249938382296247,0.0104772821680454,0.00750189419382567,0.00571630344433983,0.00738081094043652,0.0157462032613089,0.041462338478879,0.0684551011182016,0.0648671519174462,0.019255127306827,0.00933452001680435,0.00947316104705901,0.0102222955666665,0.0145386207091279,0.0226172060640723
635,0.0737672303846748,0.0237510705417433,0.0102168623981059,0.00746852733676479,0.00572437542979943,0.00755091364004013,0.0162960241520555,0.0432855011958636,0.0714698588448966,0.0616694957360955,0.01819907060713,0.00914635398493836,0.00936541350666904,0.0103032563154804,0.0148768389012778,0.0235887685907954
636,0.0725710146787413,0.0226236789535657,0.00994665238804116,0.00740561081314736,0.00575893187357988,0.00770964309569488,0.017023576191275,0.045462004810375,0.0743720602900508,0.058148237102244,0.0172552494832326,0.00898095315769084,0.0092330358118328,0.0103729062109352,0.015274426923965,0.0249223255793027
637,0.0708413314945911,0.0216366014201757,0.00969497941287478,0.00740967544872282,0.00585585426511757,0.00790278996104063,0.0175554167541213,0.047099225015297,0.077147869216409,0.0546380265797937,0.0163708731792742,0.00885638054151599,0.0091523573370346,0.0104402723625063,0.0156420139869446,0.0260117507211185
638,0.0688006048741008,0.0208398872513215,0.00949566456173259,0.00737531840250576,0.00579845314230986,0.00809331590176476,0.0182123945267434,0.0488505629182421,0.0797508600517681,0.0512549709982604,0.0157247808681882,0.00876155533569752,0.00911049899374212,0.0105399554371417,0.0160290697805383,0.0272296815626279
639,0.0666731980234245,0.0199518970170248,0.00936273751017907,0.00735276442065599,0.0058368441287458,0.00825719329583023,0.0189217717289797,0.0505253167315538,0.0816278498596425,0.0483161526778657,0.0150867873900936,0.00855405956466071,0.00903959031875636,0.0106348400266466,0.0164627623823523,0.0285823075052321
640,0.0647531110402382,0.0188898980077117,0.00917728275107911,0.00736637127094506,0.00582593011270979,0.00856505690238423,0.0196825585340462,0.0521010438343802,0.0820825113534663,0.0453886590698934,0.0142526241347744,0.00833168267673691,0.00899706991868381,0.0107506096721506,0.0168907203428823,0.0300227970136384
641,0.0620415803561071,0.0180723892316266,0.00890404226202737,0.0073603352032859,0.00590814352071942,0.00874943626030354,0.0205231753071265,0.0535864537280811,0.0818223110660764,0.0419451430400962,0.0135513832016906,0.00828417840574447,0.00899446666271162,0.0109676466631829,0.017424544047334,0.0317038392213895
642,0.0587247482922532,0.0172363628041103,0.00871817110440123,0.00730659578440812,0.00605971798912055,0.00890180209375043,0.0214889305610425,0.0552135541864011,0.0818274602132726,0.0388048632121524,0.0130491364458498,0.00823278292644961,0.00903085525081104,0.0111300416083297,0.0180111637485694,0.0334234994869158
643,0.0556485560076341,0.0167299806609078,0.00850855506059382,0.00723932845602612,0.00610459038196461,0.00909219876622385,0.0222128260242644,0.0560461118457082,0.0811097392075433,0.0363588208930262,0.0125409243141436,0.00816624870352435,0.00893779078101546,0.0111982645712544,0.0184583854501142,0.0349929395547564
644,0.0523552010740687,0.0161324711078846,0.00845836573594888,0.00727987292877873,0.00621058499545186,0.00938463453844999,0.0231312336845698,0.0566025025349217,0.079302239201559,0.0337708018147292,0.012097794099917,0.00812397207025795,0.00885210065342222,0.0112815777693964,0.018987410153281,0.0366497322174182
645,0.0500646251049507,0.0155424503680261,0.00833812385839982,0.00732695230084548,0.00625178009309369,0.00975790442905744,0.024014797444617,0.0568207700435173,0.0769936249677426,0.0315600238488863,0.011715684287644,0.00805856522995944,0.00886622954242331,0.0114776830069512,0.0195618497431072,0.0386051081655542
646,0.0474871769661199,0.015026657346423,0.00819836334724736,0.00734914264928134,0.00638234824267,0.0100467317678657,0.0253815935587868,0.0571043938708471,0.0738505736042724,0.0295757388783659,0.011304765601259,0.00802754991607132,0.00895205007530858,0.0117773317420228,0.0204509580355999,0.0412924263211924
647,0.0449008972029497,0.0144097349468577,0.00809566865628804,0.00735656637531771,0.00649160710888361,0.0103655447814176,0.0267692273470294,0.0574687164672837,0.070395869943848,0.0276855290029179,0.0109359170551207,0.00802282964959913,0.00899787178906233,0.0120145152098806,0.0213189419462974,0.0435932307536836
648,0.0424550845537894,0.0140123199687992,0.00799594019195945,0.00734621875307504,0.0065847800016852,0.0106408132287901,0.0280239246547656,0.0571376167743527,0.0658069723466256,0.0260041822493765,0.0105425990397621,0.00804321759811812,0.00906284031907577,0.0122464295413871,0.0221293152504693,0.0457620600640365
649,0.0396465489475329,0.0136176742702765,0.00792616970904735,0.00741067962572904,0.00668618420953032,0.011050701703247,0.0293851949996728,0.0563528741993158,0.062110782978464,0.0240876961400154,0.0103158181620844,0.00802155368801588,0.00909004499389683,0.0124470094430862,0.0230348843554876,0.0478786160078052
650,0.0375753623316304,0.013250912140379,0.00783878110354554,0.00744864421374159,0.0068273242280076,0.0114390391744704,0.0308332659552542,0.0553546992188153,0.0580948070007858,0.0227798538742859,0.0100597089432234,0.00802799677383823,0.00912325426944535,0.0126844979383946,0.0239847682961687,0.0499866038953716
651,0.0355454988266245,0.0127874776639005,0.00776307295691732,0.0074777320175798,0.0069678201702631,0.0118267012975966,0.0326711616002758,0.0537867031625658,0.0541445023595004,0.021615050708828,0.00981845778440209,0.00800876674161877,0.00919074404695586,0.0129948159736372,0.0252773397348927,0.0522840628539053
652,0.0336035071622057,0.0125081853250014,0.00769845218601508,0.00754744137056813,0.00709980488662206,0.0121803006422322,0.0343932236984673,0.0523169439526197,0.04966662962823,0.0203561506984176,0.0095678131117153,0.00805262253618995,0.00931085634958268,0.013364151404868,0.0264463493200112,0.0542081969355356
653,0.0315856378160817,0.0121423347967421,0.0076470520924735,0.00759897426919312,0.00726500182171664,0.0127394414765816,0.0361433096352606,0.0506300994213602,0.0462286801388962,0.0191414877201389,0.0093837851558774,0.00805252496848345,0.00939784151953686,0.0136468796857057,0.0277074300167245,0.0555579997698719
654,0.0300276342320546,0.0118802452728078,0.00758168309926182,0.00768362390733454,0.00735652372745771,0.0132048535591268,0.0379733536216475,0.0485912818447183,0.0427507632793258,0.0182025653184301,0.00920656367053361,0.00808326310709885,0.0094658857739777,0.0139654159206923,0.0290450592565158,0.0567287169847851
655,0.0283655070748064,0.0115808402487305,0.00754587763395541,0.00772407989340069,0.00757884807825091,0.0136250536296975,0.0403934581756627,0.0465453653851827,0.0396334051116768,0.0172750164489739,0.00909565322634742,0.00810078561738608,0.00957363039789947,0.0143711796984178,0.0308309155520073,0.0573903882635689
656,0.0271153494859663,0.0112475375806128,0.00744563769164962,0.00779511927200214,0.00766728246593024,0.0141957606333744,0.0424752812907299,0.0446022865442183,0.0366362394187952,0.0165126824263627,0.00887386520383601,0.00819127277370342,0.00970539966039767,0.0147918107550414,0.0324367698883113,0.05759675692488
657,0.0257167310562281,0.0110371230662492,0.00737187675143689,0.00779874935020008,0.00794864824883782,0.0145877412914341,0.0445353766778253,0.0424429769753946,0.033581194463813,0.0157213636558637,0.00876809307260728,0.00826689231415723,0.00978433734199211,0.0151628990728369,0.0341653562363629,0.0571027885292521
658,0.0242864511447745,0.0109837689272665,0.00735662966090831,0.00795663391705825,0.00815093554897872,0.015381238450418,0.0468229533626349,0.0406527467093685,0.0314407030978862,0.0149846807415415,0.00877896917939867,0.00844324642821207,0.00997407518824698,0.01557366943535,0.0361601268643937,0.0564295138140909
659,0.0231363243551195,0.010822344690837,0.00744389794170946,0.00796727383140083,0.00839021111453143,0.0158219422168645,0.0485509584912659,0.0385157755461507,0.0293968726928762,0.0145782746042994,0.00868966485537929,0.00852701168103173,0.0100446444793248,0.0158975744001872,0.0377739128324721,0.0548530247915106
660,0.0224578639355693,0.0106770846125014,0.00741345392815838,0.00815550383028943,0.00861966224832042,0.0167011573751489,0.051598160793617,0.0364526987633023,0.0274354740521498,0.0140142983572978,0.00863628405941647,0.00863563364821099,0.0102154782691452,0.0165966660278689,0.0407191150510802,0.0531244958613808
661,0.0216236675360717,0.0105148908330597,0.00743590254625549,0.00827397769409212,0.00888687219093608,0.0174023232332552,0.0534901969867485,0.034487252387976,0.0255768516462071,0.0135410437414868,0.00858202551161392,0.0087980136063417,0.0103511942983182,0.0170072523840294,0.0427663489693536,0.0509740376543232
662,0.0208057670260119,0.0103526448833072,0.00743410417553,0.00839309393581483,0.0091289895283877,0.0181937607902122,0.0562177598149324,0.033241331329465,0.0237272008569426,0.0131081781607222,0.00854414104284306,0.00896657180996061,0.0106501024921387,0.0177189994820414,0.0456110390316724,0.0495752706531959
663,0.0199261436775552,0.0102133519839125,0.00746902892289565,0.0084974675582689,0.00930448528739904,0.0190738212275649,0.0585111611189482,0.0316871094193461,0.0222634150757989,0.0126653341852164,0.00852717675627007,0.00911275270412733,0.0108655379630152,0.0183321238332728,0.0483738461566028,0.0473441159775161
664,0.0191947257962699,0.0100525047488478,0.0074654792517794,0.00864901452816854,0.0095555769978455,0.0199561507674008,0.0606100416183294,0.0301651935951114,0.0208550338229141,0.0123119704683654,0.00850046589297761,0.00923560241315769,0.0110711788226289,0.0190200622705685,0.0512735284071933,0.0449975791590993
665,0.018536491974268,0.00994426865863413,0.00746110355063273,0.0087754283813273,0.00994147827822443,0.0208728323333685,0.0627455940817065,0.0285243538799304,0.0196140907758505,0.0119333469288482,0.00848774710427726,0.00938662954638989,0.0113181570475832,0.019797659370976,0.0545430097860269,0.0423385313031288
666,0.0178577182809666,0.00985367496447197,0.00747666952809473,0.00880874929286081,0.0102111656662643,0.0217363137126243,0.064401871942828,0.0271529248129634,0.0185010785405423,0.011621865767617,0.00848844218877816,0.00963370572927355,0.0116080884806372,0.0206038551549485,0.0575452724667044,0.0400209344122363
667,0.0173438019087672,0.0097931456154342,0.00753321414442275,0.00901690035477776,0.0105277760781597,0.022767785181998,0.0656394290405656,0.0258528582484001,0.0172700105155681,0.0113601597348623,0.00849822451521855,0.00982572511520957,0.0118699784771539,0.0214659434987858,0.0604602355415904,0.0376547776075162
668,0.0166945787117823,0.00967882471197886,0.00754805778747957,0.00921552188020661,0.0108347067886846,0.0241583885956591,0.0663927099370107,0.0246107198844484,0.016396603326245,0.0110550532157825,0.00854492073428755,0.0100287140955776,0.0120918773283032,0.022239390721621,0.0629834529143973,0.0354743740763244
669,0.0162434114531197,0.00964380763746818,0.00758266716214808,0.00933950645299375,0.011152891365257,0.0253064812571594,0.0669785582758177,0.0234758994889985,0.0155455024635704,0.0108464279058819,0.00852209747295761,0.0102653523632436,0.0123681365710952,0.0231467373464676,0.0655241959504929,0.0333818330083648
670,0.0158135556588417,0.00952716768699077,0.00764577742229873,0.00950522106218117,0.0116357456182741,0.0265754085421638,0.0671963304695002,0.0221754746711158,0.014814423988938,0.0106244135048303,0.00861936994139946,0.0105349037239859,0.0127701350428909,0.024471500126199,0.0684522625945814,0.0310202439880968
671,0.0154355794640295,0.00946240707128522,0.00769292011879586,0.00974763442326927,0.0120067593339731,0.0280316371843774,0.0668927797110522,0.021240172789258,0.0141085646913743,0.0104662665526104,0.00863298509242927,0.0108231784133964,0.0130563157764531,0.0255361836558037,0.0702270766695329,0.0292519628792866
672,0.0149940258029972,0.00944273281298016,0.00776351606608706,0.00991881517614502,0.0124591718891692,0.0295426412498758,0.0663580318895379,0.0203375816251132,0.0133526153172575,0.0103053059321562,0.00870069413172428,0.0111234459650946,0.0134142868191967,0.0267644766772867,0.0717469692135218,0.0276223341182923
673,0.014577648800215,0.00941492480413444,0.00779326632660411,0.0101525193819899,0.0128403512736821,0.031373722462535,0.0653931293396821,0.0194830710044504,0.0127768965910767,0.0101310758671218,0.00876735796931953,0.0114407688477908,0.0137879806507942,0.0281266677916173,0.0726947531931148,0.0260805993205946
674,0.0142418555771126,0.0093411603995657,0.00789358703570414,0.0103399693694066,0.0132474471164063,0.0330780719716851,0.064074050322042,0.0186682648108711,0.0122623482858142,0.0100055972180589,0.00886403204638545,0.011722580870159,0.0141792693114535,0.0296100672574342,0.0731017671852332,0.0246050087960939
675,0.0139202262901862,0.00928338349525846,0.00793683088817635,0.0105495525016717,0.0138159962193645,0.0349624142646617,0.0621749014886503,0.0177802379488176,0.0117345789149364,0.00986784174933062,0.00890946589755813,0.0119990121887044,0.0146424985256533,0.0315344786038317,0.0728125253803554,0.0231027986903872
676,0.0136515927154324,0.00925757581432825,0.00800415970945324,0.0107441816693027,0.0143627287770976,0.0366886628648931,0.0602476948902134,0.0170755905786676,0.0112931044609414,0.00975889215304657,0.00898317937001892,0.012421222250884,0.0151072683052539,0.0332878641543602,0.0718283734425703,0.0218697363419734
677,0.0133317478011866,0.0092659484449336,0.00807122173115188,0.0109962910140425,0.014920468650999,0.0384281853579636,0.0581635117448938,0.0164274745257601,0.0107954883575977,0.00964863818304377,0.00912429153032916,0.0128270380174674,0.0155974305880976,0.0352047329542109,0.0703545467131952,0.0207257046952609
678,0.0130727337769824,0.00928068667705753,0.00819937337423401,0.0113097627951452,0.0155310334563874,0.0409125724007229,0.0557771490027558,0.015792807382854,0.0104599326959412,0.0096130127764059,0.00927423099179461,0.013223517903136,0.0160493006963128,0.0371128051755674,0.0682091919113732,0.0196797216397929
679,0.0128514452162437,0.00922773008858439,0.0082978821257054,0.0115843516286369,0.0162964771095454,0.0431095190707462,0.0534713745425025,0.0151900070780118,0.0102060220682924,0.00960013077903326,0.0094271434419735,0.013634351345402,0.0164614697932903,0.0390319838971156,0.0658397426282976,0.0187713298065762
680,0.0126721842695927,0.00924831203591467,0.00838496509343537,0.011847862187717,0.0168174852630887,0.0451482373345351,0.0506047568289046,0.0145674230959365,0.00987149260376995,0.00955848064449549,0.00959117088078602,0.0141314467408,0.01717293450652,0.0418747375332779,0.0626467571803434,0.017709766626386
681,0.012505304945866,0.00921417565425465,0.00851490060351298,0.0121636102083314,0.0175993622181647,0.0473579882759313,0.0482658869125639,0.0140552405996948,0.00953900531519382,0.00954484386059476,0.00977142591832851,0.0145197513297879,0.0178261797019885,0.0444236983855578,0.0597570800400352,0.0169438565588038
682,0.0122455251712951,0.00921551209352967,0.00859531702774956,0.0125157886061794,0.0183983115908398,0.0498510810207217,0.046171412883647,0.0136417695243231,0.00929513095683544,0.0094999239202879,0.00991191536607334,0.0150488607080951,0.0184180132286807,0.0469089265820032,0.0570575505446432,0.016261889484353
683,0.0120742718287856,0.00929752708038438,0.00869974434719567,0.0127727713486699,0.0192055466698831,0.0515934884598966,0.0437931128014997,0.013184741447442,0.00909646245950624,0.00946859019132926,0.0101242503196224,0.0155768663195129,0.0191133876917778,0.0496384224332574,0.0539659353917405,0.0155997646299852
684,0.011957691969788,0.00932183093239334,0.00883105819342426,0.0131481603423174,0.0203097435616369,0.0537129331357399,0.0410063499732316,0.0126565323627727,0.00892789914587657,0.00950598442841249,0.0103785967393285,0.0161199933429468,0.0200149230152216,0.0527581760807897,0.0502472223247127,0.0148195476784915
685,0.011857000099997,0.0093693618194871,0.00900240199160428,0.0135079722204228,0.0212619917422768,0.0556283704745801,0.0389289389587189,0.0122611748192539,0.00877956430963149,0.00952626012538427,0.0106233515146176,0.0168410823407254,0.0207107036373581,0.0550718524097653,0.0473901988544134,0.0142724562082284
686,0.0117363275421719,0.00939578672664697,0.00920004727986334,0.0138950628387301,0.022283942687644,0.0572912814355465,0.0368771874905478,0.0119568211263588,0.00862042420017338,0.00960296605240369,0.0109755226993984,0.0174510723936373,0.0216205089312981,0.057776366669111,0.0445969507685382,0.013762738611882
687,0.0116420662621744,0.00946711448049888,0.00934588578837219,0.0143806627637891,0.0232577737479913,0.0589026566759046,0.0350091482318993,0.0115910362754111,0.00847506732233366,0.00970560012187298,0.0112469594857549,0.0180916204535255,0.0226546482439575,0.0602653918078199,0.0419807701020016,0.0132821946411434
688,0.0115368224396067,0.0094915981285706,0.00952851740084985,0.0148917730397064,0.0243172046098242,0.0598920874649611,0.0333056713802381,0.0112722746638735,0.00840272797559634,0.00978283017562495,0.011551324860545,0.018699779011553,0.0236915204088879,0.062394411423805,0.0396934713769281,0.0128902227359005
689,0.011455528047668,0.00951729243691162,0.0096550197684905,0.0153210809179986,0.0258646774246326,0.0607066558050092,0.0313112271531012,0.0109513459122622,0.00824372296185973,0.00986994263257262,0.0118045477956095,0.0193815713594106,0.025068352935988,0.0645746810665064,0.0370244648848691,0.0124182427264828
690,0.0113660730523862,0.0096198411406113,0.00983087778989644,0.0157837165175182,0.0273250599837211,0.0608059353609413,0.0296568566474925,0.0106686101371294,0.00812927625550522,0.00994077378805785,0.0121149762054232,0.0203886860483929,0.0262798697787075,0.0658403743236867,0.0348497805294749,0.0120592933203933
691,0.0112659448893544,0.00972840566784754,0.0100980119210806,0.0162273902956763,0.0287004278840522,0.060541754946267,0.0282725022867024,0.0104242736385212,0.00806711791830151,0.00999939462463692,0.0125733460607406,0.0213157069746158,0.0276567321396152,0.0666574522881081,0.0329862125046477,0.0117708204525875
692,0.0111860009647415,0.00977472701945221,0.0103000827776095,0.0168944272123787,0.030311780582892,0.0601860420534432,0.0268046525545523,0.0101498454096823,0.0080921900177397,0.0101688737485799,0.0130000020043503,0.0221536712300178,0.0290039028078264,0.0667584769963132,0.0311072608010759,0.0114223416051312
693,0.0112083371389857,0.00987656546502012,0.0104901818707271,0.0175291921883537,0.032290006391577,0.0595535732254995,0.0254188107783469,0.00990076763041534,0.00797916693766148,0.0103672724988425,0.0133412950019034,0.0232118032870092,0.0305047244960342,0.0662783075329048,0.029362505487558,0.0110972532965111
694,0.0111429369446543,0.0099659672198387,0.0107393953443722,0.0180829147184938,0.0340567497548394,0.0582575837388637,0.0239812361160914,0.00962343700310347,0.00800741833465441,0.0104858663693772,0.0137953465429435,0.0245163334779993,0.0326916060308318,0.0653855611696856,0.0275508798316578,0.0107999635982521
695,0.0111493257995344,0.0100528277047642,0.01103011730247,0.0187833457729299,0.0359809687112198,0.0569439304180463,0.0229726069822521,0.00947173623431445,0.00799983526223801,0.0106951733371293,0.0143165517079841,0.0256899215627598,0.0347103172253692,0.0642560069447484,0.0262815034109897,0.0105904812896609
696,0.0111471706967066,0.0101635649619226,0.0112870489552594,0.0196056967409274,0.0380015734119073,0.0549697272008461,0.0218276125573226,0.00926600508330921,0.00798138595829016,0.0109525110033378,0.0147769673061298,0.0270059494765285,0.0366880726521352,0.0622867927363385,0.0249180761712168,0.0103295746791248
697,0.011132504255563,0.010295532355343,0.0115224341143441,0.0203656453892609,0.0398593665699437,0.0530649781212565,0.020860748005064,0.00909329966353183,0.00795372919922187,0.0111181351291103,0.0152883472934786,0.0284347756292695,0.0390756833215829,0.0601893729847221,0.023764003694015,0.010130659684723
698,0.0111085763360845,0.0103665426176063,0.011852438350402,0.021129879825548,0.0425923659497592,0.0509560975341481,0.0197751080824162,0.00890808494387504,0.00803967569988769,0.0113478683708696,0.0157880223065094,0.0297661387564736,0.0419888319117893,0.0573358296150011,0.0225433790579678,0.00990457528268913
699,0.0111013197497526,0.0105012847642789,0.0120665539353478,0.0219500102299536,0.0448816651469865,0.0488641179912304,0.0189091549341158,0.0087614720217788,0.00804042786022909,0.0116360787701946,0.0162481117594297,0.031845805784692,0.0445957582142652,0.054705007272395,0.0215586571794312,0.00970270794565724
700,0.011084109912416,0.01065135099806,0.0124189212546856,0.0227565821767782,0.0469947202892869,0.0465833016003899,0.0180555090175021,0.00857845198483191,0.00806928474737783,0.0117912761302369,0.0169136713744829,0.0337088114563962,0.0474256002400701,0.0518258850096775,0.0205973627778698,0.0095415730018462
701,0.0110818653450994,0.0107528181866842,0.0127985726926991,0.0239041639746855,0.0493627671129404,0.0437635242629424,0.0172957642402646,0.0084206515401868,0.0081368493096845,0.0121533935359931,0.0175306409897376,0.0355640463664361,0.0503912457224047,0.0491286173118728,0.0198053646531525,0.00938888828967247
702,0.0111173101590226,0.0108920604709675,0.0130998275001836,0.0249900191917123,0.0516326268746863,0.0416096606059172,0.0165745349668113,0.00829177116614069,0.00820617005368296,0.0124472307483927,0.0180991446903954,0.0377581207206251,0.0530426887699808,0.046321553180946,0.0190045149972179,0.00923387884441479
703,0.0111150077198439,0.0110656950102029,0.0134578923417832,0.0259841591081297,0.0542033423864285,0.0395265238040922,0.0156901223177577,0.00808831223425832,0.00826476357079772,0.0127455373687018,0.0187659774053636,0.0400553895087874,0.0567517853228139,0.0429278726165847,0.0180684463998963,0.00902638264112526
704,0.0111322142761505,0.011249766099741,0.0138153040678015,0.0271792398263326,0.0563000280193171,0.0373815170393092,0.0150919978972565,0.00800377290392964,0.00836346947197227,0.0130724944211367,0.0194493285469978,0.0430500083170632,0.0596979579165783,0.0403957310453762,0.0174207800152802,0.00892584781032522
705,0.0111792104680301,0.0114357195720187,0.0143002668884643,0.0284123881166009,0.0581748042888573,0.0353030102656791,0.0144990771919553,0.00788640500266055,0.00852371839313451,0.013447298666032,0.0203596295013272,0.0457665768433317,0.0622437807752671,0.0380885214097136,0.0168341698880712,0.00876804044673007
706,0.0112506343835701,0.0116549854605755,0.0147418210488506,0.0300357490792241,0.0596901017906101,0.0331935572803276,0.013954935092445,0.00777036338708786,0.00867835753095558,0.0139230324276563,0.021153437271285,0.0487162796059492,0.0647143462655397,0.0357044222375178,0.0162422878344127,0.00864261000025551
707,0.0113125488207135,0.011849055399539,0.0151862769373384,0.0315120319205528,0.0608769279101009,0.0313927109505027,0.0134115876720385,0.00764899704088286,0.00881889022572723,0.0143587800754224,0.0220556290636928,0.0516188068809299,0.0667353850512337,0.0335282529125067,0.0157161684774352,0.00857152632291709
708,0.0113987645431128,0.012053126800269,0.0156579127738713,0.0331663055435874,0.0618722985536388,0.0297475310538522,0.0129101285730199,0.00757230445418684,0.0090241542361898,0.0148338287296887,0.0229322277982419,0.0545237922060476,0.0686244704001682,0.0313005923188445,0.0151930543437192,0.00848402599927042
709,0.0114785307986699,0.0123173805402529,0.0160971650121977,0.0347812253113181,0.062278559204037,0.0282480660624306,0.0124632610564573,0.00747590604736652,0.00915887677891485,0.015304734835084,0.0238758405216612,0.058362850082361,0.0695441060811377,0.0295486779101215,0.0147592235443146,0.00837803674610748
710,0.0115633607154378,0.0125290830922812,0.0167230009267327,0.0364695394406799,0.0623460000569302,0.0268041925721615,0.012062536750638,0.00740791417926358,0.00937906609080875,0.0157727858019984,0.0251736899434604,0.0611792915827541,0.0698723260634659,0.0279036168434119,0.01435614719929,0.00835538294088938
711,0.0116235449216564,0.0127626711438177,0.0172541816682692,0.0387858826659864,0.0621468248690311,0.0250923157926539,0.0117039442934611,0.00732254169619621,0.00960539160656768,0.0164314169937014,0.0262246069228219,0.0641004046476227,0.0695139320887879,0.0264281805404709,0.0140199168794613,0.00825646108645059
712,0.0117694401018071,0.013044321217297,0.0178149894124083,0.0406407566574018,0.0614979373664986,0.0239166317612771,0.0113358008617569,0.0072639922168784,0.00982590508162624,0.0169665635745283,0.0274498406555227,0.0669020869878837,0.0685183411054027,0.025073940024441,0.0136879937945874,0.00819866765682233
713,0.0118822178113166,0.0133232492506991,0.0184904056021735,0.042685988590403,0.0602120307081855,0.0227960638632512,0.0109109024458439,0.00718453223495881,0.0101055803470258,0.0175735201736677,0.028792459890763,0.0694959008914922,0.0664769947341392,0.0235159024623503,0.0132861173932849,0.00814699031348238
714,0.0120348564883382,0.013645909800313,0.0191368407919947,0.0448651523296094,0.0584531553470428,0.0217656172021267,0.0106730458761439,0.00711251789158943,0.0103991102362362,0.0181813327601097,0.0303002490409591,0.0718110229521194,0.0645907632315143,0.0225003974698436,0.0130201965247859,0.00807950925563755
715,0.012168923997071,0.0138374962787485,0.0199521921304254,0.0471190037575115,0.0563039062610502,0.0207503794704036,0.0104048944845166,0.00706291892677398,0.0107053842904349,0.0189230626431234,0.0320884001527411,0.0727713786518395,0.0622145547893862,0.0214694840905833,0.0128134492286322,0.00805169012857219
716,0.0123229331580619,0.0140882694953526,0.0205075094549196,0.0496995121341212,0.0550084505458227,0.0196108699448983,0.0101678739962647,0.00704677576304355,0.0108925838734943,0.0197046955644785,0.0335024011840183,0.0730537417785287,0.059623310095041,0.020553813046178,0.0125795296464366,0.00803504663013909
717,0.0123952770770526,0.0143818253441782,0.0212449726832049,0.0514843830535354,0.0531907213543873,0.0186627743669014,0.00990636352630538,0.00699619508982841,0.0111083372377628,0.0202745522791382,0.0352530449020656,0.0740088512960975,0.0568305709130236,0.019732751430743,0.0123218875100144,0.00798426627988863
718,0.0124850864888446,0.0148081496239821,0.022040760607561,0.0534677892984836,0.0505842803720855,0.0177259401310015,0.00964476460062067,0.00696116043319845,0.0115854118571381,0.0210111973128143,0.0374029210479555,0.07405968291539,0.0533299388797206,0.0187938384461452,0.0121343544031264,0.0079542384825514
719,0.012726174300951,0.0152525756079661,0.0229767185572489,0.055803186399153,0.048395048012893,0.0171118876895365,0.00936041854798451,0.00688346766582729,0.0120289018028037,0.0219563583538522,0.0397160141911812,0.0726148328977469,0.0501446620177464,0.017986807467733,0.0118530396903446,0.00789275966594599
720,0.0129224839204886,0.0156521152435292,0.0241418107018694,0.0577264165612917,0.0462521871199446,0.0164401366342672,0.00910088123732027,0.00680058052039887,0.0124346536409154,0.0229682804827136,0.0425141335569204,0.0710189799387992,0.0468256257924303,0.017209149636046,0.0116159224697829,0.00782503507686328
721,0.0131646515859507,0.0160152071531717,0.0251851883633114,0.0599740657169027,0.0435751945566181,0.0156250435569755,0.00900079802586886,0.00679966659679701,0.0129028879301694,0.0240395517373721,0.0451707598974478,0.068736328858456,0.0445506977126941,0.0167450112088936,0.0115494111975309,0.00790144332111574
722,0.0133649570655407,0.016317303015084,0.02623044157403,0.0614664413529844,0.0407395557675176,0.0150281764829325,0.00886330126396056,0.00680665169027868,0.0132976795677449,0.0251195793914618,0.0477665268924266,0.065382994024193,0.042179566271409,0.0162684821328302,0.0114315241383245,0.00793246674646856
723,0.013552396997544,0.0167669854304046,0.0271936749826058,0.0626487382350615,0.0387241982406552,0.0144884357632953,0.00867719730425203,0.00680082820438639,0.0135647748080818,0.0260912552109245,0.0503362989470709,0.0616537905886132,0.0390874504744186,0.015622399248988,0.0112452200970065,0.00791992419408688
724,0.0136573555742711,0.0171953055362381,0.0285130264057095,0.063162850641805,0.0367285707474132,0.0137622373390817,0.0085198293372871,0.00677005764687007,0.0140803063521152,0.0270067047951997,0.0540076868121207,0.0586026321648045,0.0367443808982559,0.0151671633269561,0.0111242958196591,0.0079297572225301
725,0.0138222355868367,0.0177093151990598,0.0297472423761501,0.0633374796622029,0.0347522216962849,0.0130639300269421,0.00837702663075731,0.00673390158888125,0.0145972175648441,0.0283940049096658,0.0571994978333841,0.0552416631364786,0.0345903473005299,0.0147123538460919,0.0109941784687049,0.00791795381191174
726,0.0140226809668421,0.0182113794613241,0.0311990453357865,0.0632784781107865,0.0330334663357701,0.0125863352003323,0.00813478489238875,0.00668312384268771,0.0151363230624472,0.029665301912417,0.0608417308024617,0.0520131092957057,0.0321535070916468,0.0141556522855664,0.0107980590012006,0.00789387577429854
727,0.0142830643248464,0.018800247952572,0.0327384410487669,0.063045735182276,0.0308513962942115,0.012135614513932,0.00794851469235642,0.00664991598957623,0.015796494985026,0.031164574484911,0.0647901670128479,0.0490673532203532,0.0298140209345666,0.0136615423007355,0.0106528458998722,0.00787554698398403
728,0.0145133853382253,0.0193953880654837,0.0343977238350209,0.0623114083985846,0.0291999901098301,0.0116933675402249,0.00782861866073326,0.00661399217242744,0.0163958958254577,0.0328310493238484,0.0685432348462544,0.0452832420520579,0.0281221811663791,0.0133226519731213,0.0105951577557178,0.00787649497045076
729,0.0147741406302891,0.0199914686787336,0.0363607648249751,0.061380183222464,0.0275601001669206,0.0113618865394754,0.0077096443269326,0.00659136130451596,0.0170750362680047,0.0344911393579512,0.0727619569897095,0.04229228275223,0.0264937065452792,0.0129800495898927,0.0104547848561115,0.00790835427464447
730,0.0150744632374314,0.020460647950924,0.0382599973131459,0.0595442156034918,0.0260881295504684,0.010891378385157,0.0075740583661849,0.00660354258403007,0.0178156990685717,0.0364941534463798,0.0765305287801663,0.0394118068406274,0.0250673748991208,0.0127151391065463,0.010397333171773,0.00795530633402224
731,0.0153112189843613,0.0210864490464812,0.0398283869446572,0.0577051801699721,0.0247658180642705,0.0104715477337524,0.00748675273806114,0.00661215491001225,0.0182631926280799,0.0384773613089321,0.079101741525864,0.0368419113088852,0.0237969911988034,0.0124730646136349,0.0103247745566082,0.00802662976599088
732,0.0154523597686023,0.0217327175321391,0.0417768551902559,0.0554715406573321,0.0232302878414963,0.0100696562627734,0.00734337666368804,0.00660370036162767,0.0189126875534639,0.0401156426510914,0.0819944926919416,0.0344486908441177,0.0222828543246133,0.0121148531945392,0.0102437308994665,0.00804474795636259
733,0.0156969134388623,0.0225475528365361,0.0439024280077812,0.0533436070693881,0.0220361712347531,0.00974604602148447,0.0072726220008503,0.00662658315149326,0.0197112917945457,0.0422607266231909,0.0844384967625221,0.0318237971510867,0.0211264702263272,0.0118593595512814,0.0102020306948182,0.00815405210954779
734,0.0159454606044422,0.0232535082088581,0.0465188665438775,0.0511508405792032,0.0209235751362682,0.00945276809106736,0.00710141011385252,0.00652731567893149,0.0206162081445175,0.0445910163083058,0.0864770027719004,0.0298918568220671,0.0199977557600051,0.0115522508068002,0.0100465267174411,0.00806013112388016
735,0.0162526621940397,0.023979886541877,0.0487446333369881,0.0484106689199808,0.0199469374419373,0.00907437589879152,0.00701250821982163,0.00654925708287688,0.0214594693665825,0.0475306821935558,0.0875173386020006,0.0280096742038423,0.019066077577076,0.0113259574490787,0.00998513764153654,0.00814642025799147
736,0.0165347911714409,0.0248658589854284,0.0510060231338974,0.046176884775959,0.0190204897060177,0.00882475251986151,0.0069062919996758,0.00655203613858466,0.0222118605955202,0.0501773798370212,0.0874745510754198,0.0264603396945278,0.0181864532550272,0.0110950127550126,0.00995213679835571,0.0081739573769352
737,0.0167915221595332,0.0261173184891802,0.0536404621319287,0.0438668956131205,0.0180777531640981,0.00855735031194648,0.00677189463261149,0.00650255915214565,0.023300307958225,0.0528890833066481,0.0872880095652696,0.0248148082165415,0.0172073013787412,0.0108729202642308,0.00986341339467233,0.00822726636798082
738,0.0171512208078525,0.0269480321702818,0.0569724649463181,0.0418101768292379,0.0171571864056129,0.00831825260912258,0.00669087815070705,0.00652798847416671,0.024650656267392,0.0562418104725231,0.0860735061847918,0.0234146569960485,0.0165234983636288,0.0107083191439333,0.00980044708549834,0.00831093602528541
739,0.0176673117531565,0.0281416041590428,0.0593899600093815,0.0396624766417419,0.0164301572677681,0.00818628277932531,0.00662464866378445,0.00651675736300759,0.0257507516265247,0.0604316574451918,0.0838036155708987,0.0219611249934633,0.0158362230400495,0.0105392538758914,0.00975790063841868,0.00833506922727735
740,0.017978459849014,0.0292283874359143,0.0623112903587615,0.0376200920431736,0.0156072908035656,0.00797019122517672,0.00656564453350357,0.00654831115499817,0.0271211153036834,0.0638269731537502,0.0803291877048145,0.0207672221648469,0.0152741327132132,0.0103818479274482,0.0097299474532871,0.00845391053824321
741,0.0183659824987312,0.0302936773472017,0.0646866190317776,0.035394466402755,0.0147317311840651,0.00773744205036084,0.0065419176137045,0.00661703318196008,0.0283722706851976,0.0680828869870405,0.0769289415081246,0.0196873732263781,0.0146994263700949,0.0102881417289267,0.00978617220681796,0.00852170779809232
742,0.0187870773812102,0.0315884474040501,0.0667821795164144,0.0336703485466522,0.0142642490919749,0.00755050608255288,0.00648980181245404,0.00663730043800192,0.0297537795858425,0.0718476841805862,0.0729745283982807,0.0184981446410441,0.0141669744975131,0.0101310582262876,0.00974197122122687,0.00862167002704448
743,0.0191862591822031,0.0331330541266422,0.0687963466406586,0.0318939129725312,0.0136707071219006,0.00733633184206067,0.00643603978586933,0.00663649683136538,0.0314688508066205,0.0758055929640007,0.0681192711722277,0.0176958184041029,0.0136226951127894,0.0100382450168565,0.00968310795686065,0.00873547351428828
744,0.019547488909473,0.0346000787258177,0.0708934028790016,0.0297992258279026,0.0130354027905786,0.00711007578304317,0.00637481149170812,0.0066653010886205,0.033223068550269,0.0807206823715916,0.0643255500942129,0.016885694638501,0.0131545961371841,0.00991311130034784,0.00970228647999974,0.00883351153148533
745,0.0201663324997285,0.0363812919663128,0.0723029332243117,0.0285415626660728,0.0125381748738168,0.00701438044710119,0.00626878533809855,0.00666605554038099,0.0350060915950776,0.0851576807107466,0.0603293532687441,0.0159925024189016,0.0127514095184102,0.00981334916852149,0.00965474679762354,0.00890568196924866
746,0.0206842150326949,0.0379711838289694,0.0732966775432176,0.0271508215912392,0.0119350146678496,0.00687175023024433,0.0061725547247884,0.0066494524299428,0.0372935471347836,0.0894943093866284,0.0556797204188878,0.0153091600140521,0.0122572032938717,0.00965184158042105,0.0096148776120088,0.00902205696526216
747,0.0213211287211149,0.0401656659190117,0.0736547440164086,0.0256041095645556,0.0115428620148764,0.00672857013713351,0.00619097657698949,0.00676422012608068,0.0393837535177055,0.0944865034064681,0.0520041345660811,0.0145394782690277,0.0119461863483355,0.00962292935224617,0.00966697434573156,0.00915114042204871
748,0.021828683252121,0.0419689193480953,0.0734459007304792,0.0244298331003495,0.0111287622397837,0.00656661964827377,0.00617508729247641,0.00679462675771456,0.042316635748678,0.0985590594640212,0.0476045510238899,0.0139859346733268,0.0116402015752882,0.00951504458543949,0.0096663593808807,0.00925239273014188
749,0.0225657928846442,0.0439640853976883,0.0727907321024804,0.0229957703663062,0.0106428437078705,0.00643911586319611,0.00614611647960035,0.0068098928840924,0.0446753547543538,0.103288325858695,0.0445109113756345,0.0134704457576997,0.0112629086225095,0.00943885633577601,0.00968231215521001,0.00937208591421293
750,0.0231797314741663,0.046620698166567,0.071644606321461,0.0220259603750202,0.0103228615180134,0.00628458541386023,0.00610854527843752,0.0068375198899351,0.0473145475484448,0.106368155956057,0.041506270163138,0.0128665334132896,0.0109914367593887,0.00937654710830571,0.00966506802292616,0.00949003445006986
751,0.0238455504165549,0.0488255895772063,0.0696574487393807,0.0210377153027115,0.00999655330635398,0.0061917033892843,0.00603771809957909,0.0068660795615724,0.0509913464836646,0.109080788932848,0.0380488300203912,0.0124503341954264,0.010686607220046,0.00932419941678887,0.00971533071854031,0.00964179317131385
752,0.0247331375716207,0.0511720648298476,0.0678103811839412,0.0199249654280244,0.00958862552954918,0.00607249176038486,0.00601689223550254,0.00690635602728817,0.0539430297418034,0.111350955181075,0.0356711371082173,0.0120449079628683,0.0104790034247835,0.00926807207283204,0.00972601810741251,0.00976260807661303
753,0.0254957742446509,0.0543896684226903,0.0655002265616604,0.0191277927989508,0.00935934757069048,0.00594578335385918,0.00600753129903061,0.00694605767503012,0.0571752471185351,0.112155923184602,0.0333554518016225,0.0115284857524082,0.0102531456426298,0.0092129520831764,0.00974541539247632,0.00990899229821168
754,0.0262893992915224,0.056967369129012,0.0624227340900831,0.0183278548984013,0.00902277643830699,0.00590586070091571,0.00597017123531742,0.00701446883101043,0.0615970401532592,0.112012393514238,0.0307382672204086,0.0112341352992633,0.00999303519592433,0.00915682200442621,0.00977993027435142,0.0100911306387429
755,0.0273681304443845,0.0603362045678343,0.0599190787911895,0.0174232219385865,0.00876557252104613,0.00578542274325894,0.00595011488733387,0.00705457909240659,0.0651089864633664,0.110433573617919,0.0289383878971244,0.0108328653611954,0.00979804436615972,0.00912292096756123,0.0098350708306154,0.0102325538880414
756,0.028274128749943,0.0633132490948396,0.056620941606604,0.016763736180528,0.00852104271768863,0.00572348209692454,0.00592818257336318,0.00710955332526847,0.0696248428739223,0.108260210649217,0.0268325467773522,0.0105258873650079,0.00964311700616275,0.0090564079533333,0.00987249889861103,0.0103869607807831
757,0.029471269534211,0.0662170078404615,0.053780234298916,0.0160123575787484,0.00818670543265872,0.00558693658844079,0.0058927755986558,0.00715390383899978,0.0737275255367887,0.104255754998236,0.0252314063901535,0.0102483930131227,0.00942247892461294,0.00901583704112181,0.00990049916131075,0.0105973358525214
758,0.0305991201995776,0.0698532431034498,0.0510873110351897,0.0154315328135708,0.00799824138649459,0.00551243269548055,0.00589764818940765,0.00719763315484522,0.0778039829296329,0.100070948052524,0.0238085060436848,0.00996451447489893,0.00928072805251121,0.00898860461051517,0.00995122523816477,0.0107549192778213
759,0.0316703625641807,0.072904456233124,0.047938837986146,0.0148628801982303,0.00777498711194494,0.00546254931971448,0.00588817261850241,0.00729189867779871,0.0829470443529511,0.0955826548026099,0.0222446633688824,0.00969530571783671,0.00911932717903563,0.00897117918352115,0.0100448399903424,0.0109578662478487
760,0.033093523893543,0.0762885007088241,0.0453074419171959,0.0143076776846786,0.00759317219649875,0.00541438392065429,0.00585777616153914,0.00734643895723069,0.0873995938496267,0.0895635377430086,0.0210184770767004,0.00945351487967971,0.00898848363849549,0.00896548786911908,0.0101074344361475,0.0111743566839974
761,0.0343990573726223,0.0791971287202811,0.0425867588011577,0.0138158541810474,0.00744958654429146,0.00533469474670697,0.00585929008571445,0.00738297889209122,0.0925781468627615,0.0842167840103848,0.0197804602537735,0.00925111149327838,0.00887004790522273,0.00894836172162746,0.0101325076994336,0.0113656413953613
762,0.0359711042708089,0.0818805940940642,0.0402454514819618,0.0133171161413239,0.00726947640615428,0.00527619430631227,0.00586672752588134,0.00747751251848071,0.0971864309533079,0.0783609061238298,0.0187797520312799,0.00903241328571877,0.00873795859907828,0.00892709933759179,0.0102109655856473,0.0115755970118158
763,0.0374951268249046,0.0845300621523676,0.038030832321991,0.0128752950367467,0.00708510321144571,0.00518232511993191,0.00585544518238337,0.00754724087479927,0.101709591618151,0.0731975642058328,0.0178918307829361,0.00884083587913389,0.00862551590892426,0.00892097252866999,0.0102987435989806,0.0118089795156833
764,0.0391047297108169,0.0865905472599365,0.0357998234743604,0.012512692235043,0.00688669413720424,0.00511704963252844,0.00583811432544793,0.00760353859422319,0.106497979603439,0.0681368639965757,0.016962719961336,0.00868845161498145,0.00851841700669975,0.00889819508422853,0.0103928888932472,0.0120219438589478
765,0.0410173690105436,0.0884080373822275,0.0338573432610981,0.0120873412068624,0.00675998368257144,0.00509663342162389,0.00587159953340547,0.00771707729718413,0.110514941101916,0.062975685479721,0.0161671772914824,0.00849417158122478,0.00843352822436763,0.00890453398716881,0.010481224740735,0.0122823083969118
766,0.0428873321771957,0.0892268785389689,0.0317130288146764,0.0117546333742353,0.00662219853142302,0.00508043114059671,0.00583401715599044,0.00773583211995845,0.114358368409521,0.0584838586314772,0.0153334672508157,0.00831891842382443,0.00834795767187645,0.00886125277949018,0.0105580791737984,0.0125212415293129
767,0.0452526400853398,0.089599123782973,0.0301641231242312,0.0113620844527022,0.0064469276613595,0.0050479405434166,0.00582429825699074,0.00785148266936061,0.116454110457204,0.0536422232942196,0.0147374813203516,0.00822407184836648,0.00824877604963742,0.00888787163421895,0.0106833567323616,0.0127855239620139
768,0.0471889385899195,0.0894230077379613,0.028518985309339,0.0110914979628419,0.00635826693304351,0.00498698098510201,0.00587812665286182,0.0079418865953041,0.117835085357092,0.0500270116050642,0.0140992922421403,0.00808154948204311,0.00816910604548039,0.00890151601623241,0.0107402033677867,0.0130611488128901
769,0.0494144189968053,0.0887601268031672,0.0268598115401256,0.0107908747125146,0.00621662713446287,0.00491592580696814,0.00588866142795239,0.00809029338660328,0.118224469235949,0.0464460325518826,0.0134841087362643,0.00793866862803199,0.00809524244877854,0.00893630486477509,0.0108385012470881,0.0134022672240602
770,0.0522722979239031,0.0874369593323835,0.0256312314715233,0.0104734602724619,0.00609492034786579,0.00488688510236092,0.0058833986853156,0.00816140681898258,0.117523403907046,0.0427136317874257,0.0130237052308791,0.00784622130822565,0.00801584677494752,0.00892326217244331,0.0109227613756693,0.0136517668768855
771,0.0547565857598869,0.0851492121666732,0.0243943624358235,0.0102244191737013,0.00600073948959432,0.00485582806488379,0.00589487358388866,0.00826771440446298,0.115496206645015,0.040078199006481,0.0125698948006279,0.00771294582155248,0.0079326839305296,0.00894380670126352,0.0110429883368245,0.0139412067518196
772,0.0575731291101651,0.0827836229474257,0.0230067390182309,0.0100478776415161,0.00587945098459461,0.00484141035348348,0.00595242027339413,0.00840018169120261,0.111650003053971,0.0374239798501217,0.0120499082522116,0.00763742810435268,0.0078879770370974,0.00898054951747226,0.0111862413460355,0.0143286354758523
773,0.0610349782032562,0.0793403668208604,0.021980040779122,0.00978826555379269,0.0057706643698786,0.00477558139414277,0.00597249493031097,0.00849326486528014,0.107582557265422,0.0345739827274087,0.0116439276554092,0.00749628503922466,0.00786337563287445,0.00901414611166633,0.0113360544279901,0.0146443276603921
774,0.0639466224202243,0.0763696119889508,0.0207450537634028,0.00956397965856908,0.00565852529510555,0.00478480180509621,0.00596481307251881,0.00860890499023961,0.101328532580866,0.032472327831024,0.0112084170403899,0.00743975202477914,0.00783536713469841,0.00903381841781717,0.0114470131118437,0.0150023906562838
775,0.06800758935066,0.0733173003377491,0.0199167584162859,0.0093329202633599,0.00563641061724022,0.00470795483678524,0.00603171257576433,0.00876276659945714,0.0960520225532265,0.0300491159438838,0.0108979712544423,0.00740065685686271,0.00778881607242327,0.00907939862270528,0.0116073938007098,0.0154529588425389
776,0.0714932700519163,0.0692205329226218,0.0190881501042624,0.00920756560428088,0.00557359863969085,0.00471570794361126,0.00604605060787043,0.00886889293689774,0.0905245525907484,0.0283105613578486,0.0105997186943357,0.00729213128740823,0.00774313148593369,0.00909968818368673,0.0117762052201651,0.0158120668625688
777,0.0750029372203596,0.0659554023250613,0.0181633922791691,0.00901400216262624,0.00549774292543357,0.00469628498193779,0.00606017604819216,0.00905786562073703,0.0833182565308215,0.0267589107608946,0.0102550067681516,0.00724506956763038,0.00773520641693904,0.0091808551714391,0.0119387657474755,0.0163524324718724
778,0.0797553948216784,0.0628381792391463,0.0174679924947413,0.00880171143513902,0.00539513087081098,0.00469907541413448,0.00605548349793325,0.00922380647556742,0.0776251896222742,0.024957435486096,0.0100258262485525,0.00716333994818126,0.00768036727783866,0.00921138954553548,0.0120932950554459,0.0167691329205731
779,0.0835643369330091,0.058743157631336,0.0168513489271843,0.0087174046811234,0.005294239931899,0.00468239604848357,0.0061051024343689,0.00932297178429743,0.0723444840717277,0.0236319164440074,0.00976471917308441,0.00709686992171278,0.00767565116931911,0.00927728666126129,0.0123034329811564,0.0172533607700637
780,0.0873540326358613,0.055604521199306,0.0160322886002442,0.00851949070481462,0.00522663417660449,0.00467746639073518,0.00616051721835411,0.00953990960077217,0.0657991040826218,0.0224816126152227,0.00947593381012851,0.00702754727177009,0.00763897184336899,0.00933884813741873,0.0125118819790884,0.0178389714657848
781,0.0922663069909375,0.0521594791484829,0.0154864512693353,0.00835746818916082,0.00518839553967988,0.00464393169107332,0.00618136300346343,0.00967679716252548,0.0607774145047433,0.0210700770249132,0.00920864834067912,0.00700091775948749,0.00764547758365676,0.00939681362300551,0.0127262928144267,0.0183674297862558
782,0.0959020643707051,0.0493824100421874,0.0148635613368038,0.0082142367128024,0.00513117040503756,0.00458638351503749,0.0062417628447278,0.00980226085664685,0.0554870800697677,0.0200071343813958,0.00901858767198694,0.00694837766299863,0.0075937644107841,0.00944137923338966,0.012886589958976,0.0188535468912158
783,0.10039525909677,0.0468519884426148,0.0143531274994395,0.00805258462856134,0.00507982180547142,0.00459939350873527,0.00626783430738131,0.00999577002465779,0.0514012098949599,0.0189223026696319,0.00882213446970533,0.0069234178847747,0.00759521497425625,0.00954495700353025,0.0131313425140512,0.0195808818870455
784,0.104133089511359,0.0439949288310494,0.0139289422237365,0.00798125567763166,0.00501687515248339,0.00463820692773083,0.00628987875040156,0.0101553051942419,0.0477473921455528,0.0180812375872023,0.0086897423730145,0.0068996314502712,0.00755815684918717,0.00957739629259062,0.0133113835288227,0.0201238602486994
785,0.107365941454683,0.0416992846820557,0.0134126867772939,0.00783596760599556,0.00498362647408409,0.0045792550374663,0.00629095032813238,0.0103526779229624,0.0437299841870657,0.0173252848166999,0.00846096501268524,0.00687496195581409,0.00756932049082927,0.00967021983373213,0.0136039829838309,0.0208519116823108
786,0.110431850111982,0.0393182453160676,0.0129973859590699,0.00774562559621856,0.00491601576645031,0.00459193519275716,0.00632685166575613,0.0105646317134582,0.0407360309764408,0.0164943928428793,0.00832972053777762,0.00685483504567258,0.00757229229068285,0.00976070446430128,0.01382989886855,0.0215593029838755
787,0.112609058978648,0.0374251384938387,0.0125593895764852,0.00764119541664895,0.00488424858857254,0.00462342527171291,0.00638901193955851,0.0107565186184879,0.0374318261199502,0.015874218205171,0.0081737611205171,0.00683135426137328,0.00756592713809441,0.00986020010671477,0.0140897529114178,0.0222454033032625
788,0.114739307015177,0.035552291943348,0.012248907524699,0.00755112647896012,0.00485692602042369,0.00459732165403758,0.00639237783546507,0.0109438388317022,0.0350285004299174,0.0151753697902573,0.00805377090223157,0.00672878373838314,0.00757750674347068,0.00996811293412249,0.0143652724426473,0.0231159164409991
789,0.115495645671018,0.033444903982435,0.0119162183263086,0.00746053934174527,0.00484214862026601,0.00462771845000047,0.00645128665545671,0.0111298882902796,0.0325102117294953,0.0146562290259957,0.0078828139253507,0.00679911290673217,0.00757201558620172,0.0100133148235673,0.0146208853003261,0.0239633477542069
790,0.115486104314415,0.0321872431573748,0.0115085803215044,0.00735109374314388,0.00481402808350439,0.00463507584672013,0.00653798075327871,0.011379520566856,0.0301729090850552,0.0140730708412238,0.00779276347890219,0.00680046867446859,0.0076194939727998,0.0101763098430593,0.0149835382402094,0.0250133990719397
791,0.114362208078879,0.0306283490942538,0.0113225436096292,0.00722664561839886,0.00474397903120229,0.00459992974770083,0.00659740924106041,0.0115723406133473,0.0285043945860176,0.0135636655034584,0.00772319414239158,0.0067623852318424,0.00762836624956107,0.0103085021689292,0.0152656794457851,0.0258950062596389
792,0.113899827886899,0.029030965742474,0.0110351737910379,0.00723569639730982,0.00470581293965492,0.00463810502777316,0.00662349343764303,0.0117667171582065,0.0266172327819146,0.0131765477224324,0.00758930167812106,0.00674091820496214,0.00760138182549048,0.010333395329021,0.0154641598598774,0.026788545289035
793,0.11159180925356,0.0277761840341121,0.010749662627781,0.0071752207798659,0.00470276769942533,0.00462548052097399,0.00669922617326549,0.0120132663617868,0.0246862422726054,0.0127258412511171,0.0074524527992202,0.00681746908297554,0.00766086527977445,0.0105026796055936,0.0158901022520637,0.0280745973022816
794,0.108232361100649,0.0265504020478566,0.010500330230486,0.00709946799591389,0.0046821038121368,0.0046509601892728,0.00681784417597628,0.0123071127100885,0.0235062916147295,0.0122349081579968,0.00744054508952013,0.00683214413622158,0.00773142893028963,0.0106515161184443,0.0163004192810125,0.029326354022959
795,0.105040623436832,0.0255140389275944,0.010284558999393,0.00702259441010617,0.00468783596189278,0.00463853172641192,0.00681654002935193,0.0124984092453398,0.0219382025616361,0.0120009416453915,0.00738820371792525,0.00686679153609735,0.00776019884634298,0.0107461373321522,0.0165565412426467,0.0304734753179136
796,0.101174077229856,0.0245257322164441,0.0101090688150782,0.00699475387726033,0.00465777156748219,0.00468326506577533,0.00688827087814027,0.0128082036320723,0.0207989445780377,0.0116162783711443,0.00732914574621268,0.00686361761678813,0.0077680014720838,0.0108894345013705,0.0169495641547983,0.0320127904912162
797,0.0973924359168746,0.0233751640679562,0.00993181391431812,0.00692943301870895,0.00466039242111264,0.00473905475881097,0.0070410996205743,0.0130115498715002,0.0197313535906303,0.0113782625383365,0.00728852382341872,0.00689616971197625,0.007831486601595,0.0110548757756659,0.0174254884716154,0.0336708461674708
798,0.0932427717228664,0.0225315564375662,0.00968606669087031,0.00692444229944918,0.00460498846083867,0.00477037197402665,0.00711955411953079,0.0134176114168927,0.0184795632168082,0.0111003766239303,0.00717344879897193,0.00692544251986666,0.00789434175167818,0.0112307722459466,0.017891669473831,0.0355974482228376
799,0.0878756269962921,0.0216920594096156,0.00955700501679718,0.00685533238305625,0.0045843197517311,0.00480538457629104,0.00720663254377625,0.0137325408436705,0.0176314888121031,0.0107840925759828,0.00716627849476394,0.00693077600820309,0.00796047986434104,0.0113856649256933,0.0183999920903302,0.0374395224862713
800,0.0837512877290504,0.0207642190737062,0.00936374210840668,0.00681401656595693,0.00461120726661922,0.0048264980790023,0.0073203293463995,0.0140316161634792,0.0167949559807234,0.0105405293080404,0.00710881491227933,0.00696421294714332,0.00801142408530291,0.011544208347057,0.0188457929798707,0.0394446474527737
801,0.0793546863964657,0.0200532462357061,0.00912631463554863,0.00675669552381863,0.00456539514467285,0.00482877081580076,0.0074228533124902,0.0143388432187604,0.0158426570901651,0.0102808054949903,0.00706607272695299,0.00705065170044848,0.0080692541642427,0.0117022960104834,0.0193846593828685,0.0419343916834403
802,0.0741750275067267,0.0193119859981576,0.00900778627314415,0.00672457775250197,0.00457632464253146,0.00484535901363983,0.00753224323766784,0.014667068750409,0.015194125153929,0.0100414648844668,0.00705666206861112,0.00708066887341887,0.00816635633040137,0.0119372384970243,0.0199678356289506,0.0443559786724294
803,0.0703065369756046,0.0187300519344671,0.00890236308685956,0.00669570834638057,0.00452422048208324,0.00489821299857558,0.00764704893872536,0.0149682554577129,0.0143682568125462,0.0098797490485412,0.0070579821573908,0.00715043589996654,0.0081825568248961,0.0120980915662758,0.0204686030762603,0.0468060845325042
804,0.0657742073070823,0.0180862188394885,0.00876073073343573,0.00667176894831319,0.00447296228432343,0.00492859619818666,0.00776732183605686,0.0153591795099414,0.0137886782476657,0.00964787074669387,0.00702030696495845,0.00713883896377502,0.0082532671211684,0.0122958515046058,0.0211819061824725,0.0500143246378792
805,0.0623079076317823,0.0173917695963064,0.00859677663448515,0.00663247783578217,0.00450338138557739,0.00496170625052673,0.0078978644031335,0.0157562302290621,0.0131527815496733,0.00946972647593485,0.00695253778489619,0.00720273634126844,0.00837708988070158,0.0125579238762579,0.0219093519122938,0.0532137953158765
806,0.0586801572391297,0.0169659788077415,0.00842654435341289,0.00653048595975267,0.00448429591848324,0.00493606072873851,0.00800564920868876,0.0162083933632928,0.0125007238262471,0.00926334172697081,0.00691804478229336,0.00721695540772992,0.00841264236923129,0.0128052405974468,0.0227316012132382,0.0571449972588379
807,0.054733517638831,0.0165057320211958,0.00832464352569508,0.00651252173007525,0.00446992277827484,0.0049581455931755,0.0081163403205669,0.0165504561581324,0.0120582479734792,0.00906961775183738,0.0068958494941922,0.00728358827184063,0.00853410175849697,0.0129943001682859,0.0234783457362738,0.0603843644559628
808,0.0519738067112361,0.0159322611814668,0.00825810519328034,0.00647642560962668,0.00449589340403976,0.00497430846694403,0.00818816317279368,0.0168590044291517,0.0116395905864858,0.00893143380831208,0.00690406890866358,0.00736594878395687,0.00856040964764596,0.0131678075895538,0.0240901484610746,0.0636222030658314
809,0.0492683722837835,0.0155656237646747,0.00812887149751723,0.00644021716706898,0.00449952228354231,0.00506411683229387,0.00830572064408028,0.0173098121556426,0.0111403858419663,0.00881705055886838,0.00689198709185742,0.00743234722038829,0.00864374997442391,0.0134426086806215,0.0251078448003366,0.0678574186137028
810,0.0461477114791499,0.0151149061045352,0.00803935161983317,0.00643762587956574,0.00448110636750257,0.00508902456730396,0.00845511395822799,0.0177119353022066,0.010809525780451,0.0086666750142177,0.00687225875688086,0.00751741476558874,0.00876122789890124,0.0136644526192709,0.0259532741141077,0.0713009275118962
811,0.0440358164259009,0.0147346210618952,0.00788463814967604,0.00641714915396166,0.00446353430032675,0.00512917418690183,0.00859831616158611,0.0181494216810303,0.0103718499993265,0.00858773534347586,0.00689503250882341,0.00755544312750641,0.00882435692857442,0.013940919702495,0.0269084182009169,0.0748520745014747
812,0.0413831753534121,0.0144424346250058,0.00780639203464279,0.00638825700285947,0.00453479699292061,0.00520357782109127,0.00873886787691412,0.0186778925520844,0.0100184055236361,0.00846433341043805,0.00689734192835671,0.00764566148797522,0.00894557705334151,0.0142204755617985,0.0281402461535282,0.078861011535753
813,0.0392905103816799,0.0140905443490938,0.00776481517949601,0.00637539490610717,0.00453206830399869,0.00519814646716599,0.00885106749791796,0.0191144348756024,0.00974345061862059,0.00834678029831996,0.00690051524527397,0.00779055703553613,0.00904866597270725,0.0144892819245244,0.0291852686289094,0.0817611528596334
814,0.0375184609460615,0.0138599965692867,0.00770551574114727,0.00633272676105186,0.00449821211980169,0.00524503770479608,0.00899264534916518,0.0197129978788502,0.00955130602899142,0.0082620800518654,0.00702150955277766,0.00784680399352488,0.00917507376633566,0.0148186541431517,0.0306280037733843,0.0848495652005666
815,0.035478988734757,0.0134342108050177,0.00762775277048738,0.00633189657333631,0.00451140997026736,0.00533010721897663,0.00913371241836027,0.0202092660723273,0.00919372908111082,0.00824980645179307,0.00698932971771818,0.00791392503136023,0.00928918420051451,0.0151024381601616,0.0319519023349399,0.0867555748327233
816,0.0339168652747363,0.013248952481734,0.0075400417530779,0.00633367945369291,0.0045170885649194,0.00535403511184865,0.00929707689152829,0.0207247273580185,0.00894661197782562,0.00812274414102799,0.00702879616864682,0.00802354392666694,0.0094044813194329,0.0154115760301561,0.0332617116181678,0.088138109913642
817,0.0321940098265871,0.0129924487650432,0.00751444551007795,0.0063066106507024,0.00453503399613015,0.00542509885329979,0.00948296396558594,0.0213898967542288,0.00871949434086473,0.00806202652058111,0.00706799598696757,0.00814121996656662,0.00963053072724224,0.0159348648896293,0.0351683202942046,0.0893082657158093
818,0.030818465664275,0.0127381755108107,0.00746196767154625,0.00628306054374291,0.00455190462953292,0.00549245538871038,0.00967540626266547,0.022055734428679,0.00849090160397731,0.00799108884395461,0.00712602222040639,0.00820544084864908,0.00974262752322463,0.0162343438934634,0.0369084967866618,0.0889991873769564
819,0.0295350682086601,0.0124825589455126,0.00740754135221496,0.00632627622494343,0.00454891643361554,0.00553713227689952,0.0098072915301344,0.0226846548610829,0.00829509821318989,0.00800478267916549,0.00716951309476305,0.00828501511923271,0.00990495673942216,0.0166276511214686,0.0388863369040869,0.0878086423047551
820,0.0281637062957932,0.012302036556683,0.00735775601426027,0.00632127443967372,0.00452987080850251,0.00559948227980525,0.00996030170987752,0.0234508944934826,0.00808347216017481,0.00795113452420976,0.00719180475063714,0.00834580969060774,0.0100763330263396,0.0170292370278233,0.0409293700423356,0.0860452548613983
821,0.0269999277345488,0.011952857307348,0.00728263929012034,0.00628656655453202,0.00450744496116404,0.00563982210052197,0.0101921622300926,0.0241962167355222,0.00784797175355558,0.00785049167470066,0.00719987379741467,0.00841595034611753,0.0102400963871663,0.0174437602644635,0.0432663012665161,0.0838802844639656
822,0.0259007201702732,0.0116433844752243,0.00718008212889763,0.00628294800122874,0.0044962161425831,0.00572653908813166,0.0104132861446964,0.0250155362780096,0.00758337426053014,0.00778688499632484,0.00723499758076072,0.00845037593838451,0.0104568544124246,0.0179263834693049,0.0458455140115764,0.0806840799361344
823,0.0246767025603944,0.0114466604204179,0.00710214857933014,0.00620004190225108,0.004537435936586,0.00573031349724851,0.0105916947648944,0.0257424304703925,0.00733353588717127,0.007721310334239,0.00721236180926373,0.00860234816842833,0.0106397191744504,0.0183850939797905,0.0483695114212774,0.0771385517137876
824,0.023493139960137,0.011340678813021,0.00704446399157356,0.00614866995750775,0.00461171070075684,0.00573773583901752,0.0107985004995625,0.0265843591807768,0.00720200117126351,0.00762018167546692,0.00728623654917946,0.00874136349471538,0.0107980732852494,0.0188193580198392,0.0512727182423171,0.0734466635759618
825,0.0226375167289378,0.0112238880142045,0.00704035676466795,0.00615187891716081,0.00468531111116614,0.00579657221533987,0.0109550624204533,0.0273110220526856,0.00709351578474478,0.00760169111083152,0.00737389660432823,0.00890809876675589,0.0109078552662913,0.0192211351995357,0.0542087491918003,0.0686227607763044
826,0.0218783147558728,0.0110873787865597,0.00702738421356218,0.00617824008477116,0.0046726009737573,0.00593221255415296,0.0110865449947253,0.0279903377188653,0.00704349908321308,0.00762451454140486,0.00750170270521052,0.00913660461743276,0.0110468274758214,0.019662461027152,0.0571118900503782,0.0643448058706296
827,0.0212769512292841,0.0109559837142084,0.0070203360624705,0.00619964516839194,0.00468665833498837,0.00607691512600842,0.0112658756417455,0.0289283854310695,0.00696400286457177,0.00769740683831001,0.00762961040595374,0.0092663850128709,0.0112618764653612,0.0202709657016962,0.0606754847706664,0.0605654487172313
828,0.0205054258295111,0.0107961369801151,0.00697673785333045,0.00624530628082848,0.00478148135025881,0.00626169374266604,0.011582041044602,0.0301630808325162,0.00686524269385033,0.00768095430911258,0.00768661038244932,0.00945228769675785,0.0115287112327478,0.0209359600476552,0.0650123110554307,0.0566021661641135
829,0.0199341386056203,0.0106904697302063,0.00693119241698259,0.00626544562770057,0.00474468617251325,0.00627214842369551,0.0119047132521122,0.0314531114662165,0.00677861519372813,0.00769326628015759,0.0077740043970704,0.0096890114237344,0.0118238585306315,0.0217331607494748,0.0695908299801102,0.0533388165966978
830,0.0191795891599817,0.0105288452294137,0.00690127642518273,0.00625187679434064,0.00475876571242896,0.00637482409535777,0.0122650410944525,0.0329159703579918,0.00669398455602823,0.00772664603198403,0.00785724193395196,0.009814949830492,0.0121328344056855,0.0225521980979649,0.07490854661499,0.0495505160266221
831,0.0185632747200265,0.0103614675508744,0.00689064460072717,0.00631439004351766,0.00482343968599894,0.00650032820258866,0.012478905685965,0.0340647258012315,0.00657039928272746,0.00774864046134366,0.00791690824707369,0.0100193649981199,0.0123291909610357,0.0232003841204215,0.0790501095106933,0.046692865941101
832,0.0180431202765386,0.0102441308441557,0.006795301494454,0.00627822414519319,0.00486009124694392,0.00662429602940745,0.012815522142609,0.0356030606134985,0.00645014768864273,0.00773006509659382,0.00793625800348806,0.0102709193872929,0.0126477743194994,0.0241559253819225,0.0845331304560396,0.0431817592455403
833,0.0174475254843835,0.0101239474094259,0.0067670494511912,0.0062579150796394,0.00486408861786098,0.0066679999428581,0.0132338089133895,0.0374244303896898,0.00646672502116867,0.00773705315127983,0.00804930381588731,0.0104790915490443,0.01298946643031,0.025207950831004,0.0902650504717051,0.0400778497321802
834,0.0169720586383855,0.0100233077618415,0.00673102464531019,0.0062755352834637,0.00491296212766973,0.00680728205786784,0.0135296453755952,0.0388880006139404,0.00636485040552773,0.00783672243190066,0.00811072321582934,0.0107005867363275,0.0132570552759094,0.0260341697906299,0.0946441902344666,0.0376780092478204
835,0.016457362541788,0.00995845458822123,0.0067431408700559,0.00630480347773798,0.00492780078535408,0.00692075537529946,0.0138158088928468,0.0406539790525614,0.00628896677551644,0.0078150393941114,0.00816812709408944,0.0110212058678638,0.0135206915446449,0.0269959403465964,0.0990564429793962,0.0348285497856014
836,0.0160936399282734,0.00984695844140521,0.00671858661170763,0.00629860769234888,0.00504082016452822,0.00701217402985337,0.0142033077699112,0.0424656279562432,0.00629778184688735,0.00785181339964848,0.00827412546187019,0.0113461231074455,0.0138571966870547,0.0281710507403487,0.103203237279644,0.0329175864551344
837,0.0157145138339026,0.00980822750683553,0.00669271306630695,0.006322790657038,0.00503689200265621,0.00718917898443801,0.0146420796268199,0.0447055639060769,0.00628139086652056,0.0079252471157013,0.00837616092248204,0.0115832093643889,0.0142156612179095,0.029493574728311,0.107050082162018,0.0306332431681982
838,0.0152911162687666,0.00967359987719412,0.00669141236933003,0.00633093729570653,0.0050622781846253,0.0073022601350159,0.0149407538935559,0.0464792592786758,0.00626357346070593,0.00805076783548678,0.00841928066424447,0.0119020370698901,0.0145102590405289,0.0305621342581588,0.109160675760237,0.0290520453125766
839,0.0150248687293765,0.00959986353754673,0.00664816397739629,0.00635787992169957,0.00510363579197076,0.00743813924217808,0.0154332075663007,0.0491274546536339,0.00622033907726013,0.00810441500075113,0.00847178008712292,0.0121885759605259,0.0149627218191906,0.0321360029997697,0.111355982491417,0.0272582955151236
840,0.0146400181944612,0.00952651405488224,0.00659536225864507,0.00636300708540523,0.00513981539171192,0.0075962483020443,0.0159164761455811,0.0518101359960982,0.00621237225034892,0.008152800875165,0.00856240360793137,0.0125340261303154,0.0153605647577662,0.0338406635228407,0.111842605998028,0.0255334245260073
841,0.0143257185223118,0.00942836634681795,0.00662255794316328,0.00640852049005407,0.00514355803737888,0.00768974358236397,0.0163671877742603,0.0542288275382311,0.00624770988387064,0.00821342166964704,0.00867257521478308,0.0128213222129654,0.0157536519585604,0.0353532645998901,0.111876708042558,0.0244084013809724
842,0.0140770489288604,0.00936400914458228,0.00659727899002964,0.00640227915147433,0.00523159211534129,0.0078642916962752,0.0168147475023079,0.0573161555501924,0.00618600628375868,0.00828010612459246,0.0087420153789786,0.0131634631959837,0.0161676260380923,0.0373142010637972,0.109970752302902,0.0229426738429976
843,0.0138175371359297,0.00928270126335034,0.00656679792480893,0.0064065806986744,0.00527570516279346,0.00802995301818648,0.0173064688981703,0.0600388776126472,0.00616614975761251,0.00832091777504368,0.00881783450451304,0.0135928047202077,0.0165669611716423,0.0391559831320809,0.107628467889322,0.0218604210081079
844,0.0135337249466416,0.00921492316498219,0.00652862761126238,0.00647795972274914,0.00529098670861392,0.00817424899728898,0.0178816733103142,0.0635762123389278,0.0062496657060302,0.00836279209534164,0.00893925083086335,0.0138353075179177,0.0170671084270712,0.0415178103447624,0.104311839589377,0.0207222601445694
845,0.0131859696790879,0.00914364325280387,0.006516715081385,0.00645487089774786,0.00532914554271607,0.00833401077359487,0.0183957685906824,0.0667408679193376,0.00622161605656218,0.00847803760774963,0.00903736427600552,0.0142927731770516,0.0175078425348869,0.0437048548851729,0.100640801157085,0.0197645799079973
846,0.0130057436770217,0.00912760027242985,0.00649499705860284,0.00647907130971659,0.00541302988826868,0.00846943344646684,0.0189689315295882,0.0702887999986248,0.00625177007712096,0.00847842688099766,0.0092036281919558,0.0146641557947761,0.0180017112355176,0.0463697921948586,0.0954540962130442,0.0187619624471718
847,0.0127512400512335,0.00908489946723493,0.00649068697271379,0.00652604625887362,0.005479780254295,0.00864762179404528,0.0196256395640527,0.074060198708518,0.00629248325915744,0.00855134332045603,0.00931879729557107,0.0152013962552646,0.0186301485627601,0.0495564698633437,0.0902905389044219,0.0178658675178212
848,0.0125859067277101,0.00900043335522699,0.00646571130902895,0.00652014203159245,0.00555072563038692,0.00880758337381626,0.0201681719211674,0.0773464719970178,0.00638946969004233,0.00860728156971494,0.00955328239389571,0.0155942923006508,0.018969887029078,0.0519371867585021,0.0853894623964402,0.0170718276973075
849,0.0124091157411253,0.00901279719328956,0.00645545631308257,0.00657793233546656,0.00564789474300162,0.00904060067935603,0.0209059060450279,0.0813242702239918,0.00642979658811801,0.0087237349450309,0.00971312098871329,0.0161203396045357,0.0196724235718813,0.0557096750705027,0.080100004812698,0.016392238617076
850,0.0122869312179912,0.00902007162737617,0.00647164793438266,0.00660198126203171,0.0056893358704758,0.00925888239301284,0.0215731029586897,0.0848626524789722,0.00651576780636664,0.00878669032816936,0.00993426479062564,0.0166827802480368,0.0202150147429997,0.0589689389042734,0.0754576344003324,0.0157440095954908
851,0.0121141968994429,0.00896301392131142,0.0064531103024192,0.00670923692016427,0.00580346674338798,0.00954376201006686,0.0225058361615565,0.0887238049199565,0.00653941593612227,0.00882069175361645,0.0101809152498711,0.0170546894405713,0.0210746564125066,0.0634222319404666,0.0708561044560523,0.0151963505851252
852,0.0119952255666184,0.00893801965701046,0.00644976784058167,0.00673843628873163,0.00587513619600103,0.00978654662803816,0.0232500084258924,0.0918766908284935,0.0066289189785258,0.00890221180972181,0.0103535964396576,0.0176585622678793,0.0217250858606875,0.0671940311216996,0.0666022593259686,0.0146732211510544
853,0.0118344184139744,0.0088568071871376,0.00644774188321898,0.00676457707477819,0.00588187362839431,0.00999204752856843,0.0242599373971067,0.0952037912704589,0.00669642977230323,0.00897220375052157,0.0106289309523647,0.01809590338813,0.0225902714130141,0.0718765427307487,0.0619153108738386,0.014097230731983
854,0.0116745574674062,0.00884447695138468,0.00646216776852218,0.0068131325755605,0.00596206214272952,0.0102307943876993,0.0253126134165734,0.0978832821138555,0.00674134047916966,0.0090267645649175,0.0108313824984747,0.0186310370830215,0.023470070744085,0.0766849446501377,0.0576748429413837,0.0135810153004236
855,0.0115790532018203,0.00877868493349092,0.00643172889512042,0.00683308641600805,0.00603143814184445,0.0104341420197217,0.0262210600997279,0.099460606178822,0.00678107702336748,0.00908361022510286,0.0111199949028899,0.019084479135217,0.0242667864732368,0.0805961002431094,0.0542666295115094,0.0131779154451454
856,0.01144959497436,0.00865475844076501,0.00642669992434567,0.00690351078641851,0.00615375667168715,0.0107032792500154,0.0274112136850587,0.100744410115982,0.00676244888826713,0.0090943788146486,0.0113163669169714,0.0196059992841077,0.0253054011190579,0.0852942558456762,0.050536404361409,0.0127703226457994
857,0.0112874712562998,0.00870682152087017,0.00639774236099475,0.00689169306902981,0.00632240396300013,0.0108929862630704,0.028424282480622,0.101116575747647,0.00675860982804907,0.00913245102415771,0.0116005400669139,0.0204560664622395,0.0261900891804232,0.0888381406169512,0.0477775649084058,0.0124099670356259
858,0.0111118972726887,0.00876713261889602,0.00645292039910014,0.00693613718313745,0.00646889135512169,0.0111251287979293,0.0297008867896872,0.100546370761385,0.00697635548056384,0.00918222873359179,0.0120450476148223,0.0210371664262042,0.0273557187428623,0.0926243445944656,0.0445560845154311,0.0119964441554489
859,0.0110538250988661,0.0087174836427639,0.006520839109238,0.00701030483346396,0.00655238856760181,0.0113971818877591,0.0308385759002402,0.0986884725061523,0.00701762733689677,0.00942183023455056,0.0123636967553828,0.021827827597392,0.0284443174827333,0.0953549490630689,0.0413994533886523,0.0115207552248158
860,0.0110646669859236,0.00870376246095674,0.00648855838055109,0.0071282806155725,0.00666822758532137,0.0118190928797978,0.0320734123870243,0.0968645672216599,0.00707970323438731,0.00952684274801986,0.0127628830810005,0.022420269097108,0.0295513586107383,0.0974700652644633,0.0390952148992514,0.0112355297925118
861,0.0110311224979683,0.00867573718033973,0.00654195930091065,0.00718312219584851,0.00679066438044874,0.0121710076735637,0.033891769439626,0.0944889388120095,0.00710628861941732,0.00962902591049054,0.0130921292381476,0.0232461425168067,0.0312474173000356,0.100198054372463,0.0372366888770459,0.0110326786724678
862,0.0109895838275306,0.00865224476746307,0.00651441835685556,0.00725095741060484,0.00690611978497435,0.0124464129080763,0.0355224585704737,0.0928055931875926,0.00716771415406286,0.00973382024730968,0.0134726834267821,0.0240825300047663,0.0327024537649843,0.101085562974307,0.0354427497724519,0.0108418162301057
863,0.0108936039396077,0.00860980311864831,0.00656612210267791,0.00729669790576653,0.00704413140994065,0.0127860566694395,0.0373696006820884,0.0894526452881619,0.00722493119460989,0.00988293381345823,0.0138940447524962,0.0247871552084824,0.0345019652676215,0.101244897171978,0.0334930500141086,0.0105754358841928
864,0.0108035897407851,0.0085933562655968,0.00654886354443587,0.00736169234950057,0.00710904160361074,0.0131560994908206,0.0389808302017162,0.0864684903126837,0.00720982884438416,0.0100294168334412,0.0142327740140956,0.025759669916525,0.0360648011705863,0.100627935316264,0.0320267423784979,0.010345176164516
865,0.0107806865589538,0.00851857344222689,0.0065770844816767,0.00740207224466232,0.00722155515972116,0.0134394390546383,0.0410636542673815,0.0821423707585098,0.00724038601870909,0.0101799022867049,0.0146645724079374,0.0264987525352017,0.0381783424209188,0.0986484405892247,0.030227042068817,0.0100557702506129
866,0.0107163174315261,0.00847420560228686,0.00654508421614054,0.00745207050651885,0.00736090569890838,0.0138405148084544,0.0432981019845039,0.0781824692651685,0.00718254308440971,0.0103227620653482,0.0149402320595589,0.0276056077958742,0.0404590696539252,0.0961593885636664,0.0287300577317536,0.0098651502949715
867,0.0106148145619097,0.00840462592200393,0.00654390642496315,0.00746348141684459,0.00746378132162779,0.0140839091025013,0.0451890430157445,0.0748381194973289,0.00717624629900934,0.0103872445319677,0.0154345036931035,0.0284636877890618,0.0424607569489365,0.0935080399134517,0.0275442052310881,0.00969237657662342
868,0.0105499955527938,0.00836748964478146,0.00657269355647953,0.00758101172697055,0.0075900474311699,0.014493068654116,0.0477893958198986,0.0707130710109008,0.0071553911780002,0.0105835558213813,0.015761927542978,0.0296788243927985,0.0451835472981091,0.0897672575129523,0.0262229177828706,0.00948254536466476
869,0.0105098975257887,0.00831212357617841,0.00654216707743586,0.00762367271591253,0.00771328327936433,0.0148573808994944,0.049745825360924,0.0670087416320457,0.00717371294423812,0.0106911576803544,0.016199560180294,0.0308843015490185,0.0473841114864642,0.0858668500487999,0.0250832252683993,0.0092860462838697
870,0.0104351593788006,0.00824265613233652,0.00655048252309644,0.007695403527326,0.00787299620897507,0.0152571184416923,0.0526914833405781,0.0628719013194512,0.00709605208802695,0.0108854926328477,0.0165929405144319,0.0320674230924446,0.0506361114355338,0.0811688250863121,0.023851547032428,0.00906458021206681
871,0.0103747502264515,0.0082289353603335,0.006547738502494,0.00775688388588184,0.00810117972187001,0.015674398927204,0.0550236818028043,0.0598965643131763,0.00715642907904493,0.0110454694038681,0.0170224163790651,0.0339330548395045,0.0532616306062145,0.0774493209338731,0.0230397722819749,0.00893072674029566
872,0.0102713342621418,0.00829892780076886,0.0065660246611828,0.00775547814522116,0.00825374587103436,0.0159813944572147,0.0582689458733213,0.0562540407140791,0.00728718942600423,0.0112216997878107,0.017720888173139,0.0355564809900726,0.0569504202573477,0.0727992005151858,0.0219841077702145,0.00875578376941306
873,0.0102435144256551,0.00825252097447889,0.00667664575528625,0.00788209141122478,0.00838023791319507,0.0165386325924832,0.0615151249489472,0.0526725858203298,0.00734234767176333,0.0116398547723279,0.018215581550856,0.0373700496962927,0.0606762736341698,0.0677466268041143,0.0209482768499185,0.00855023309912246
874,0.010327689700065,0.00825505240367943,0.00671630418914548,0.00804066497777831,0.00852346241316021,0.0171650271533538,0.064395718501533,0.0499966323433901,0.00737587434493758,0.0118949963277495,0.0187342882623379,0.0392296810739787,0.0640151174578648,0.0643077380741251,0.0202513155011907,0.00844251708595713
875,0.0102983085014018,0.00816932314058074,0.00669049350098093,0.00813579558705767,0.00878143768576737,0.0177726250007984,0.0684468578166698,0.0469933654210342,0.00740597380533419,0.0121297517291652,0.019255345463256,0.0412628864397258,0.0688709746159768,0.0603518218501414,0.0194920470673698,0.00835381612334263
876,0.0102557712692995,0.00815209557235569,0.00671751234029085,0.00822092972609416,0.00902429862999047,0.0183171274398635,0.0725496640933847,0.0450865657613622,0.00743955587854383,0.0124111419991305,0.0197718544941974,0.0444585240432095,0.0733878357775336,0.0573837469558516,0.0190168667285034,0.00828648742586398
877,0.0101431922208962,0.00825085837862665,0.00674512197897099,0.00827364913788679,0.0092471440132081,0.0187889417684929,0.0768884824380997,0.0424543817442213,0.00772957960929939,0.0126634252579324,0.0207683740054862,0.046539717099346,0.0782125243025898,0.0536059381647003,0.0183550564882727,0.00816697555359899
878,0.0101254464840372,0.00822479733659619,0.00686106748825875,0.00840458410222002,0.0094107669043684,0.0195768540376131,0.0806919997907104,0.0403637004807527,0.00775881976762444,0.0132324684001358,0.021266826300066,0.0495929823345586,0.0824371675398375,0.050582566131263,0.0178024133695965,0.00804658494959057
879,0.0102283201041757,0.00820100547038066,0.00688325704203464,0.00858578060451696,0.00960174660659492,0.0203596081715992,0.0846555476134571,0.0379570279542206,0.00790618511396673,0.013498298039202,0.021961482415946,0.052305239279681,0.0868107803763129,0.0471309151969458,0.0171740741594702,0.00789619327481297
880,0.0102121129002767,0.00822384718231007,0.00690640663947424,0.00867074650301966,0.00978812747847966,0.0211463299523905,0.0904478324427342,0.0360392819444537,0.00797874265000451,0.0138806188265919,0.0225800729671334,0.0554737711581937,0.0927769187133926,0.0448223324957653,0.0167642815876986,0.0078864997550224
881,0.0101805533810615,0.00821575812206591,0.00693518884128736,0.00878650908521826,0.0100169609350769,0.0218047891479183,0.0943047973155766,0.0347020111807008,0.00809896637233043,0.0142134294517022,0.0232892745802262,0.0587028731786898,0.0960350828862437,0.0424616422018105,0.0163666077860628,0.00781186407933861
882,0.0101207067147535,0.00822038047073565,0.00698700985990443,0.00891024130282878,0.0102487475974415,0.0225665726449026,0.0988984589330593,0.0329186745536352,0.00824008550481861,0.0145776876228347,0.0239768389425079,0.062709905593166,0.0998413386531925,0.0399063595528739,0.0159213645994857,0.00772809575612797
883,0.0101017784651407,0.00822884342748824,0.0070404103778942,0.00904933718362881,0.0104682980872572,0.0233375917355117,0.102563430192911,0.0314751030439934,0.00838322134505121,0.0149194944824299,0.0248672694854987,0.0669396729314897,0.102338682276426,0.0378894021544444,0.015540311852806,0.00768207410608585
884,0.0100415335602964,0.00826632092891466,0.00707136620235359,0.00920969505132249,0.0107390463611212,0.0242774557837019,0.106216503435385,0.0299994261690952,0.00854031859410282,0.0153771712277284,0.0257993270169657,0.0709589123552144,0.104286925080637,0.0357784466292095,0.0151390534297248,0.00757914219888964
885,0.00998964504238787,0.00822868375945926,0.00714264827797756,0.00933151703224512,0.0109718702369096,0.0253139603671562,0.109283817513566,0.0287255294621315,0.00870490569603241,0.0158066749989858,0.0266172218678828,0.0754338447471749,0.105332680258717,0.0340823901668648,0.01477801463435,0.00752889398516057
886,0.00997144391160911,0.00828420203455599,0.0071793230206151,0.00945681003219526,0.0112732749758766,0.026269460187843,0.112386032707347,0.0273468275760908,0.00890054896462316,0.0162954869565737,0.0276434664686661,0.0796939835035844,0.105565850400663,0.0322660904801818,0.0144453583870781,0.00750612519754834
887,0.00992686848427224,0.00827192808687474,0.0072401353462441,0.00964626569657917,0.0115364528141893,0.0273482069665342,0.11478300252796,0.0260943813396368,0.00906849780322498,0.0167263050578725,0.0285865900214342,0.0849080773546896,0.10461698759392,0.0305477150209632,0.014121873813936,0.0074142116755727
888,0.00988846221147119,0.00831347864702058,0.00732084678607902,0.00979056610546839,0.0118468025779652,0.0283755008012012,0.116257975377944,0.0250866769204719,0.00932296127487618,0.017148302791312,0.0298232845099611,0.0893592358214133,0.102993325416643,0.0292046505538783,0.0138490784323518,0.00737792096560644
889,0.00987723749970175,0.00831352890447126,0.00740589728523286,0.0099594023541049,0.012184294322076,0.0297293418885695,0.117182815242772,0.0240136168947087,0.00955486812594488,0.0177260140300057,0.0309774677771755,0.0947600010082886,0.100312800797974,0.0278315724971611,0.0135471999147383,0.00730034913664988
890,0.00983658732627257,0.00838095783690229,0.00752478042018909,0.0101381343106404,0.0124386724212317,0.0309726270831457,0.117382148559549,0.0231546846995625,0.00984365402805447,0.0182389945473908,0.0324678986004627,0.099497795866614,0.0973547213050244,0.0267113483404064,0.0132890012395994,0.00727744204901503
891,0.00979497715552802,0.00838974007102708,0.00760367537350013,0.0103373393159554,0.0127293647805994,0.0325425618306719,0.116806897247561,0.0222049414536956,0.0100888313065332,0.0188887753986715,0.0339259049695635,0.103295556540687,0.0932086009749776,0.0254850437645453,0.013051621919925,0.00725558841374099
892,0.00975970686859783,0.00837440245720136,0.00764343936523252,0.010526729055748,0.0129433386481225,0.0341348957341893,0.11582570381177,0.0214837777079775,0.0102766137833955,0.0194998889338902,0.0353225510641126,0.106355088554359,0.0894909392365501,0.0245552362140135,0.0128182945131174,0.00719053315240496
893,0.0097299951891574,0.00837369488174161,0.0076751827301306,0.0107167988799478,0.0132200806079535,0.0356075138446318,0.113696775443523,0.0205801698689689,0.0103847149416599,0.0200217162273185,0.0367312652863523,0.108753624890507,0.0843846935434992,0.0234566713226197,0.0125980839650565,0.00714389595564688
894,0.00963658254686651,0.00832513596275021,0.00769012866026604,0.0108608810782611,0.0135929709433099,0.0372975307067826,0.111223913658459,0.019856287142871,0.0106302146326462,0.0204537483248703,0.0382527167130181,0.110909202133371,0.0797074594784178,0.0225770142452206,0.0124230680787352,0.0070955932485772
895,0.0095214494765806,0.00840975444631778,0.00773728043797623,0.0109230509809117,0.0140316844052643,0.0385664490209053,0.108120080975935,0.0191564992620198,0.0109443485694609,0.0210255707820418,0.0404064487072564,0.111674157860037,0.0752390598685781,0.0217168488256903,0.0122350150857247,0.00704770495662997
896,0.00943174097634267,0.00843669438237775,0.00784583761476486,0.0111381215170328,0.0145474580813993,0.0405254742994469,0.103660722011275,0.0183716949370182,0.0112593053473251,0.0217601999353481,0.0423495575656075,0.112767538261113,0.0698339830899866,0.020742695945173,0.0119710135056207,0.00698523634240367
897,0.00944253206018847,0.00855846284594786,0.00791848885127817,0.0113612941131301,0.0150203943817703,0.0425852856934079,0.0998376723950165,0.0176980425575601,0.0117209324342788,0.0223591398548704,0.0452908235330408,0.111052611777469,0.06564732837839,0.0200159830231658,0.0117618261959291,0.00694947396520344
898,0.00942474657082022,0.00859976533775874,0.00814889598283824,0.0116168808079583,0.0155262971789892,0.0450119588796811,0.0950358516390886,0.0170315325963956,0.0120054613977738,0.023510684425365,0.0480901368140693,0.109820629135191,0.0611747037194115,0.0192908011451809,0.0115941235720147,0.00688669142195753
899,0.00949054266804041,0.00864982308919525,0.00824907111403866,0.0119800336983304,0.0157011977899113,0.0479745776060745,0.0913030554082996,0.0165276971601782,0.0124738160306884,0.0244378617903587,0.0506921482217587,0.106413838671886,0.0573996304275285,0.0185912511689927,0.0114626833547555,0.00683596448778051
900,0.00947653022075026,0.00857490344612755,0.00836025052967302,0.012239678039563,0.0162208705323578,0.0504645651037301,0.0873591632342091,0.0160460882507956,0.0128943287720371,0.0252226972320998,0.0542058143877037,0.101627782411738,0.0538632149571602,0.0181565086138775,0.0113344618488337,0.00684251306080399
901,0.00947526581171667,0.00857490344612755,0.00836025052967302,0.012239678039563,0.0167273226919072,0.0537888007701776,0.0828409403674288,0.0156151101778929,0.0129528614959981,0.0262489748102342,0.0561688736230829,0.096666534100036,0.0500889896995559,0.0174876539964443,0.011126313279564,0.00679271399784714
902,0.00930862659882459,0.00864060254400804,0.00846849821187683,0.012490638012851,0.0172777864344056,0.0554943506574938,0.0797243904971333,0.0153014260438114,0.0133420029139212,0.026610071788436,0.0598379269981037,0.0912166976124167,0.0475625338629033,0.0171502966397892,0.0110968447124509,0.00680599056122588
903,0.00931711177296653,0.0086967431700526,0.00857806009129116,0.0128479848818814,0.0178177481108383,0.0587603442450404,0.0752504802801859,0.0148112373983281,0.0137512168222964,0.0276667146724009,0.0639066343075632,0.0856750061389417,0.0442938729730283,0.0166032182742974,0.0109522719572107,0.00677908280377492
904,0.00930341289353091,0.00902974972262618,0.00900050830513064,0.013496980975957,0.0184146015716633,0.0623681121406505,0.0709508268599223,0.0142578637266324,0.0142377350463832,0.0287786275915125,0.0681123677615716,0.0809407604890841,0.0414205822667115,0.0159945031182068,0.0107068007893819,0.00669099389751789
905,0.00924754202072573,0.00892546003922433,0.00897631268785802,0.0135473654622232,0.019105625574971,0.0659580964567706,0.0669641698917773,0.0138311855032144,0.0145920775498415,0.0299184441401881,0.0720199542740288,0.0753430315232579,0.038751884941439,0.0154994643610059,0.0105648502688173,0.00668304313214758
906,0.00926802550175164,0.00897050693285664,0.0091081995015839,0.013966218007873,0.0197040993372346,0.0692240498892819,0.0631051567572196,0.0134398084942686,0.0150987008158891,0.0310253131208063,0.0769022120623655,0.0699442435444064,0.0361762136255674,0.0150771564108495,0.010441150880769,0.00664433632541554
907,0.00928419631068569,0.00864200396513847,0.00876925397807724,0.0135608737368293,0.0203605503216078,0.0731825218400586,0.0596214493337556,0.0130725994957379,0.0155823176379232,0.0323868902146791,0.0821374920934017,0.0652871924698792,0.0339644353788904,0.0146327908365751,0.0103212691632741,0.00660154676896538
908,0.00925405043669684,0.00886409063137669,0.00911985450487528,0.014232729143526,0.0211303792008516,0.0772166337481263,0.0567877448808025,0.0127552048040796,0.0160541730764736,0.033802743272348,0.0871436068353219,0.0612312439181676,0.0322182048469863,0.0142900556906515,0.0102158640737773,0.00657206546793465
909,0.00927162072539168,0.00879181930624155,0.00910937809030249,0.0143373074783948,0.0219195992566161,0.0808798385040387,0.0535850300386987,0.0124267184314652,0.0165641873281434,0.0352090362952209,0.0921675423719006,0.056766668508598,0.0302779067114203,0.0139230665699562,0.0101121704591801,0.00655193000293439
910,0.00929257540384121,0.00894520379012045,0.00932147782724464,0.014867575693853,0.0227300871960456,0.0844614667497368,0.0506320815642255,0.0120843357794978,0.0171587630495145,0.0366668007759552,0.0981218079215515,0.0527381848820872,0.0285369774236033,0.0135808602491485,0.00998800737114737,0.0065543530708716
911,0.00929923657082866,0.00905854915806729,0.00946088682106687,0.0152293096334219,0.0236738950374692,0.088418470947357,0.0480985363931918,0.011817381277557,0.017743592773325,0.0384820502821175,0.104001997465549,0.0489490031228995,0.0270411556183176,0.0132916988029884,0.00990893497233759,0.00651804830718181
912,0.00932463416079476,0.00881956703324053,0.00932186033601784,0.0151450515032345,0.024537020532483,0.0919762016530663,0.0458888045691079,0.0115549960069056,0.018371174180037,0.040362614344453,0.110109948226582,0.0454968375637999,0.0257597946441739,0.0130382453361009,0.00977861915895337,0.00648252519256933
913,0.00931663242445265,0.00905640979095518,0.00961059753184245,0.015819046067559,0.0254820012187873,0.095410492971337,0.0434208222618907,0.0112767527514541,0.0190350795936806,0.0424504913549899,0.115970161299433,0.042835556397768,0.0243950547392325,0.0127019737945056,0.00967657166056114,0.00648495061602296
914,0.00935103766262978,0.00904055726293492,0.00971292498671417,0.0161478890131275,0.0266511874256434,0.0984124506887233,0.041177740673582,0.0110279179907406,0.0196571542333729,0.044741335745094,0.120594665588093,0.0400442208068254,0.0231435469644484,0.0124296208969059,0.00959565565338561,0.00646755457906848
915,0.00938680867597321,0.0092269307715465,0.0099833008186534,0.0167229943648984,0.0277967217943847,0.10062627818824,0.0390238114433748,0.0107979434543774,0.0203619049226266,0.0468610232951058,0.12508324091386,0.0372697032574851,0.0220034881597374,0.0122098540148886,0.00954048426518109,0.00646894647518837
916,0.00942354497758742,0.00930166077326305,0.0101537392206119,0.0172917043322204,0.0291505875144102,0.102482711602035,0.0370559019121935,0.0105402621302823,0.0211397574220276,0.0493697083165704,0.128932966035335,0.0348064196633108,0.0209516483088493,0.0119642287249576,0.00946776432292435,0.00645023436693969
917,0.00946165743891444,0.00959410612290613,0.0105834630976545,0.0181436130579334,0.0302999300048175,0.10397933609895,0.0355159417221415,0.0103472125043981,0.0219538797811697,0.0523390515492247,0.131298026624114,0.0325257309797955,0.0201333515626859,0.0117604874025546,0.00937284010917745,0.00644808746894673
918,0.00946929070979401,0.00945641546907586,0.0104695749638229,0.0180676254802843,0.031803543278641,0.104451094893762,0.0338867758493997,0.0101678864229001,0.0228802098765199,0.0554954956628495,0.132342305314783,0.0308871484743995,0.0192804456724319,0.0115662129898307,0.00932066483904984,0.00644829224229525
919,0.00953206197366112,0.00983685539753899,0.0110056625702355,0.0192826429555797,0.0334311307134882,0.104313403521465,0.0321853199158577,0.00994975362022793,0.0236356443588668,0.0590126608021788,0.131975641146154,0.0289211281221076,0.0183889404638003,0.0113601045037771,0.00925878332081573,0.00644786534648392
920,0.00957138875949285,0.00943470610538184,0.0106445792625204,0.0187293552912118,0.0351997198318875,0.103783698363671,0.0306414941021282,0.00974147587830885,0.0246673254509407,0.0620724172592355,0.129987709555997,0.0271673758778575,0.0175950879564476,0.0111439593639905,0.00919053019969852,0.00644834996510066
921,0.00964348020269305,0.00950428974907887,0.0108768854799392,0.0194804481467988,0.0368008706822833,0.102284644834659,0.0291795003795054,0.00955657603430624,0.02573407514683,0.0660970944299843,0.126338120952959,0.0255969507966853,0.0168820256073281,0.0109610542183781,0.0091347044325172,0.00644787852331915
922,0.00966563032098283,0.00976866916803877,0.0112663916542374,0.0203271187314704,0.0387652912749518,0.10013473270944,0.0280912412458685,0.00940775014261955,0.0268703451772857,0.0704392615483634,0.121563886854322,0.0243921591857044,0.0163303327773001,0.0108351980530389,0.00911131619675073,0.00643875564156588
923,0.0097446145104395,0.00993695632564105,0.0115859653273213,0.0211821045146419,0.041191010933871,0.0974754244447103,0.0268120642604556,0.00925054016132435,0.0278976601979996,0.0750454012823539,0.116494874085961,0.0230733037882869,0.0157144024914408,0.0106481270372698,0.00903007830287784,0.00642822553927469
924,0.0098107895047804,0.00989952571977773,0.0116455485943531,0.0215327282697881,0.0434142982340099,0.0948224079479614,0.0255953731562838,0.00906211042398049,0.0291823306907698,0.0792789347567875,0.110247441044771,0.0218673068959831,0.0151343655614488,0.0105013801505808,0.00898661137562893,0.00643332980476028
925,0.00984120828116522,0.010341931905042,0.0123409797913465,0.023154241271501,0.0460342432067458,0.0913618669310785,0.0245078251042925,0.00894781728839256,0.0307445399901468,0.0843009502840619,0.103333995814007,0.0207819780128128,0.0145769819785243,0.0103514694282919,0.0089485347407899,0.00643535745850476
926,0.00997201451765822,0.0101375518716691,0.0121782777903558,0.0230817857493456,0.0483036811839431,0.0877199591878437,0.0236350522454545,0.00882467223505502,0.0321497045908028,0.0903331673976491,0.0967335410011071,0.0197296836901008,0.0141683638689156,0.0102478344849766,0.00891547894820666,0.00646410843605123
927,0.0100148448706537,0.0102058421587718,0.0123979366802263,0.0238804218650598,0.0511304058494234,0.08400593448029,0.0226963502399572,0.00866463799704018,0.0338136337654918,0.0958359858637381,0.0896237846848467,0.0189429859648907,0.0136965484659008,0.0101100409900722,0.00889514711428574,0.00644653229253001
928,0.0100751165787762,0.0101931029800759,0.0125029667128584,0.0243500648070742,0.0542401322627402,0.0798939962743757,0.0217996737150185,0.0085774533496018,0.0352030978691229,0.102219388926395,0.0842202301162596,0.0181238884060295,0.0132785874697814,0.0100071997249885,0.00886644304477049,0.00648901663973499
929,0.0101384057192391,0.0103162663609958,0.0127425133507984,0.0250730825081372,0.0573993448504692,0.0767027795542005,0.021014694288554,0.00841987294002127,0.0369806851390756,0.107562559909838,0.0781014305132915,0.017347629554267,0.0129059947888923,0.00990607938961364,0.00883894691809314,0.00648278878577237
930,0.0102188399260545,0.010517233855947,0.0131317773048013,0.0263422220710846,0.0608774965153801,0.0729064096179842,0.0201878474788523,0.00832891242648107,0.0388885068687477,0.114050314437507,0.0723500325974323,0.0165801914163935,0.0125351141462964,0.0097857410964162,0.0088127638496571,0.0064774309701942
931,0.0102570666630125,0.010682689438792,0.0134633852432169,0.0273637352136836,0.0636363427883343,0.069225041429201,0.0195933024405766,0.008214093470016,0.0409907542654226,0.120704584912596,0.0671024700370454,0.0158844377568298,0.0122417492267287,0.00973208305411843,0.00877308164908193,0.00649770602392451
932,0.0103473359723448,0.0109437581311102,0.0139215013733766,0.0287963963025719,0.0673712854521162,0.0656643900161235,0.0189056926883319,0.00810444351462211,0.0431926748139302,0.12758325121624,0.0620511315343959,0.0153734144369635,0.0118959754840302,0.0095993625148025,0.00873172343743533,0.00651411396425736
933,0.0103960567929267,0.0109440882757988,0.0140594763290236,0.0294386145540211,0.0719432307177254,0.0622082004134196,0.0182418513665251,0.00800758763073457,0.0450781607817769,0.134359975285926,0.0584496623481654,0.0148501983678473,0.0116171819841961,0.00949954249548934,0.00869314560241627,0.00654189867044911
934,0.0104005285124018,0.0110169633642622,0.0143129400980126,0.0307458330810181,0.076266797703593,0.0595114990833312,0.0176429914879458,0.00792089165087999,0.0480467991196616,0.139641118592589,0.0545502763683503,0.0143353299190489,0.0113159364124133,0.00942446041962826,0.00866470798081029,0.00653010139456311
935,0.0105010114681148,0.0111677319952701,0.0146227281571537,0.031912763645204,0.0801429581147791,0.0563230901664502,0.0170278020130605,0.00783196730097949,0.0509675383298432,0.147397891480766,0.0508281320354158,0.0138162655829497,0.0110329239471242,0.00930431359930712,0.00862894042895755,0.00650212076713377
936,0.0106587816275748,0.0111043465139685,0.0147306843909366,0.0327818546637093,0.0837744731808135,0.0538527766792189,0.0166195774247214,0.00777728579456484,0.0542259494684598,0.153456427578187,0.0472171227016528,0.0133999790893112,0.010839317907312,0.00925067244635895,0.00861615441888954,0.00652973365157546
937,0.010772007541304,0.011566425318587,0.0155265998390708,0.035146222704922,0.0875163007055896,0.0510603109841548,0.0160443238803425,0.00764493345320653,0.0572434378692526,0.158858234772189,0.0442883250480623,0.0130061199177214,0.0105817261895546,0.00917998241764504,0.0085911644889697,0.0065580442827792
938,0.0108326417338723,0.011804417604547,0.0159887031209005,0.0371175525138359,0.0921863194389651,0.0486690416144294,0.0157724119189664,0.00763292833748584,0.0601483648643618,0.162584865013215,0.0416925345863002,0.0125955592784027,0.0104326874318512,0.00915520698328523,0.00863081633312452,0.00660092863862703
939,0.0109198579231095,0.0119918675492778,0.01632637558656,0.0385935720856962,0.0959731963063057,0.0465845339470321,0.0153279866319688,0.00757430628615349,0.0640004479183857,0.164717961278928,0.0390348476542875,0.0122077717007617,0.0101993598090804,0.00907041006732853,0.0086464367061979,0.00659967193575898
940,0.0109615103870911,0.0120213886511772,0.0165844317633643,0.0402288019801381,0.0995908346481184,0.0440252023507661,0.0148974228922858,0.00751875628311136,0.0679868220229861,0.166351215919437,0.0365539445299092,0.0118350116645136,0.0100445643949539,0.0090149778999662,0.00863218482658921,0.00661677180697946
941,0.0111168702725799,0.0125201140119581,0.0174056131542378,0.0430794606765139,0.102551559440473,0.0421228149152669,0.0145836775259263,0.0074652579805535,0.0722154445786114,0.166044136763061,0.0342800239525169,0.01152393433714,0.00987261331429562,0.00896655904629625,0.00860104380877563,0.00662212094386862
942,0.0111983074414885,0.0124232343803856,0.0174158642745915,0.0438361813136091,0.105579513107511,0.0400221266967698,0.0141366661654961,0.00736589848239946,0.0767737748894438,0.163946948396382,0.0322573594328524,0.0112595492491509,0.0096777237405056,0.00890229606870142,0.00856711553062051,0.00663579917044802
943,0.0113290725207704,0.0127044117713751,0.0180124442019593,0.0466781136353384,0.107715930978252,0.0381416765495555,0.0138632916103094,0.00734189958655258,0.0811709036148431,0.160441912953889,0.0307420101572039,0.0110317484454056,0.00951891697237907,0.00885902169967188,0.00858061370352899,0.00667386716599151
944,0.0114616807089693,0.0131622639380419,0.0188579478806249,0.0500004419442014,0.107708582885285,0.0366959881744948,0.0135270294885146,0.00727060669682757,0.0859335662969997,0.156781211460552,0.0291760859085583,0.0107014598897596,0.00934032341197489,0.00881635295705082,0.00856168191724316,0.00668529812297896
945,0.0116594152855979,0.0132813988410889,0.0191712102684233,0.0523019971614708,0.107969075598698,0.0352937234604314,0.0132228423483847,0.00722528538888147,0.0913613545799181,0.151267517296828,0.0274568577769554,0.0103206751398647,0.00921045193216126,0.00878086077811246,0.00854746629300856,0.00670046717112336
946,0.0117872257612874,0.0135285919039765,0.0196796521140527,0.054740538262276,0.108081445674039,0.0336320054366698,0.0129392615830244,0.00717945230044877,0.0957457518520392,0.143614288190504,0.0257489444593227,0.0101040676443003,0.00910255774685973,0.00878675173949012,0.0085650563291608,0.00674045384424895
947,0.0117607402023296,0.0137991239485048,0.0203466928253835,0.0585241965572464,0.107137696507884,0.03174066837883,0.0127714418312588,0.00718506948921996,0.100378627220316,0.134598873234552,0.0246487613885462,0.00992204640735205,0.00900523896809841,0.00873274268071786,0.00860785365175699,0.00678908392205528
948,0.0118705073837296,0.0137998012149004,0.0204882025928051,0.0601068143730551,0.105225763101511,0.0305834687311323,0.0124766845350379,0.00714731120610067,0.106758103408026,0.128160569528936,0.0234909893687851,0.00970120646692092,0.00888657964421073,0.00870489432332347,0.00860840668437387,0.00683260399760992
949,0.0120267723014102,0.0140311835348649,0.0210347475916992,0.0635607919993709,0.102596576720156,0.0293492066242013,0.0121217587252112,0.00702524262038806,0.113005503956098,0.120324545097274,0.0223545831791335,0.00947035054958751,0.00867201751485383,0.00857938190215836,0.00852709937601012,0.00679711588480849
950,0.0122173648011739,0.0142889354782722,0.0216969948647179,0.0666243061148736,0.099942852230776,0.0281856134413711,0.0118679741599522,0.00696883396452069,0.119479787502345,0.112305806956131,0.0213015884690436,0.00926974277748989,0.00861848059538174,0.00851303003712869,0.00850785454960706,0.00681870480973754
950,0.0122173648011739,0.0150846768211548,0.0232091962892467,0.0734722522286472,0.0968566955316497,0.027013919133691,0.0116958876632277,0.00696883396452069,0.125757469313351,0.104513087002843,0.0202588533907953,0.00910478493927236,0.00861848059538174,0.00851303003712869,0.00850785454960706,0.00681870480973754
951,0.012001244819431,0.0149258893489607,0.0231788281213595,0.0746406104615943,0.0932642802289533,0.025852598554119,0.0115036194744907,0.00674252920918377,0.132074388350979,0.0968516321301483,0.0195442376322708,0.00894271055676366,0.00826248722049951,0.00824684212616394,0.00824684212616394,0.00666856500959197
952,0.0122516246763929,0.0153965942570257,0.0242873646933964,0.079963147280816,0.0895873874654418,0.0249623129267831,0.0112762842758859,0.0067665367199937,0.138675261047883,0.0910581853082095,0.0187495517724849,0.00882857188866078,0.00824052427906713,0.00826433539020732,0.00832699620899727,0.00679493918958284
953,0.0124155547992309,0.0156654868987071,0.024976983377457,0.0834187011287746,0.0855841524525199,0.0240946822594232,0.0110377487081263,0.00673397570137263,0.146656395352711,0.0848870693757759,0.018053593628322,0.00868283059009244,0.0081854254887181,0.00827032618018132,0.00832526192171634,0.00687633173873016
954,0.0124730304017276,0.0158420897962587,0.0254422996473948,0.0861776648203398,0.0820867999748069,0.0232226434389857,0.0108876437540778,0.00671543615257627,0.153052549433053,0.0789956160913225,0.0173833441781967,0.00858380362276026,0.00810134836709878,0.00819760201106431,0.0082901535918004,0.00684511491124097
955,0.0126547463046953,0.0162231291649663,0.0264922973739311,0.0908831848210155,0.0781490690406943,0.0224643446818085,0.01073128868854,0.00664997872756908,0.160239943284041,0.0737718410672398,0.0167450969827782,0.00845440324978979,0.00801982118682202,0.00819436483235423,0.00831440186577287,0.00696337280596918
956,0.0127950617271488,0.0165572282600528,0.0273454932100465,0.0946632703396639,0.0746161962306116,0.021653174813344,0.0105906365347694,0.0065910385747892,0.164741329526749,0.068709626996677,0.0161965254573812,0.0084085280006901,0.00792921952276898,0.0081526633380978,0.00830870969825949,0.00700569223169527
957,0.0130595095500325,0.0170709742452343,0.0286333537504346,0.0997831975182108,0.0709645013918957,0.0210372899549365,0.010441499517439,0.00664046602184566,0.170426895971953,0.0646974164883627,0.0157687412711137,0.00830643682977298,0.007923532864365,0.00821589624495322,0.00841060297766861,0.00713318123592837
958,0.0130024424430936,0.0171033266517635,0.0290274361200499,0.101066991897832,0.067676114121441,0.0203626968163658,0.0103212948829083,0.00648980904397991,0.174921423891296,0.0607473989613873,0.0153195647969146,0.00820350906199413,0.00771879246574534,0.00803214072868597,0.00827026171489037,0.00710512743662155
959,0.0135654721524356,0.0180168058745109,0.0311795693896268,0.107937410315831,0.0643328124081425,0.0198006730225689,0.0101850554505569,0.00659430431161856,0.177440055700898,0.0569703897672635,0.0148580920385745,0.00814932120083709,0.00780757354237498,0.00820452809291031,0.00851500540399468,0.00737098359042462
960,0.0133288389265205,0.0177839836204926,0.0311822271520743,0.106961184362679,0.0608171139149438,0.0192473608066298,0.0100634379889741,0.00640063968380915,0.178070559136286,0.0534190629287204,0.014476101911349,0.00802390341590844,0.00754754837666986,0.00797598393562551,0.00825754388968173,0.0072381226952019
961,0.013807802692758,0.0186018422113728,0.0332210811901562,0.11194802511062,0.057707731678488,0.0187364559817055,0.0100045736792271,0.00648936774367859,0.1770764084428,0.0504526652239334,0.0140892808362744,0.00795512786811025,0.007622005690568,0.00812403992195659,0.00847241414327064,0.00747772949790258
962,0.0138637279214404,0.0187460270879269,0.0338952290371866,0.112134941478122,0.0544735472893469,0.018130163292534,0.0099272423608084,0.00642043766572318,0.174291161844283,0.0475567564280563,0.013677171163637,0.00789583894277532,0.00751383928009867,0.00800305899576959,0.00835932605929936,0.00745743512464485
963,0.0141201098701686,0.0193064061494959,0.0357296777006991,0.113938777092455,0.0522125822621593,0.0176161849376286,0.00981444502706333,0.00637984901222329,0.170094486755616,0.0446602448954391,0.0132861627151174,0.00781286535646604,0.00742408783148976,0.00798793538680718,0.00837732657010525,0.00757859004331081
964,0.0141947980879589,0.0195600792210672,0.0366896848647247,0.113476490996883,0.0495224720277826,0.0171201321340597,0.00971547589887277,0.00631565866215856,0.16354013972175,0.042155045894724,0.0129364823261542,0.00773637923704604,0.00735587332000067,0.00792747119320544,0.00838925469668121,0.00761604890366629
965,0.0147034319781993,0.0203829819246194,0.0388427697018161,0.116500982488398,0.0469072484190754,0.0166061071939629,0.00958291724165207,0.00648339678363471,0.157807155003574,0.0395349435681206,0.012646048172988,0.00769130914793432,0.00754349147265147,0.0081624800202434,0.00860083436342653,0.00788922764096258
966,0.0151774252502454,0.0212613851230139,0.0414417463762102,0.11692456399127,0.0445113525025431,0.0162412530904135,0.00951650193576953,0.00650103484469126,0.149892527388224,0.0377729461577177,0.0123486296896478,0.00758325590546513,0.00753770934968954,0.00825596950269395,0.00870531305441351,0.00809450462029856
967,0.0154562361713209,0.021788990943088,0.0431328123570786,0.116448617576345,0.0421876950837205,0.0158103339515114,0.00939200280714669,0.00654779984620587,0.141063264061221,0.0357246502261204,0.0120332358173182,0.00749817489704692,0.00754316293459202,0.00827114785846435,0.00880752760930803,0.00821722304928862
968,0.0155900118016569,0.0222213423163887,0.0450335347763088,0.113087547268904,0.0403775731884212,0.015383755395777,0.00931490644522632,0.00646887018944246,0.132164057215288,0.0337639573053677,0.0117057701863138,0.00743979427340874,0.00740406446215915,0.00817033172578276,0.00875725984260084,0.00824903856137139
969,0.0160135510851028,0.0229774337457451,0.047557758524716,0.111921724301859,0.0382917944019936,0.0149772727601349,0.00922491047092022,0.00648093726036852,0.122948834546443,0.0319845791126623,0.0114104575587506,0.00734433276254069,0.00747299893599234,0.00827230457105234,0.00889919986757394,0.0084379315520089
970,0.0158707858892145,0.0229948575619796,0.0488567992232827,0.105411538292343,0.036696081285099,0.0145528395699764,0.00910466008940771,0.0063195292384873,0.115607129928213,0.0302992789262862,0.0111796910994085,0.00728437501490452,0.00722949400678507,0.00805328703702777,0.00872357486733797,0.00835374205468923
971,0.0162963969015245,0.0238261108153832,0.0515515058292106,0.104152468299287,0.0348866782815684,0.0142542506779239,0.00904058314683117,0.00639302982997282,0.106808115837449,0.0290068654692096,0.0109242235300251,0.00726016687070803,0.0072840406476967,0.00816657237978586,0.00885274217272777,0.00854942331141931
972,0.0165316934888682,0.0244450683015511,0.0544887703714489,0.098403364428145,0.0331896372318766,0.0138867538569012,0.0089171746964307,0.00631443664299634,0.0996783339738881,0.027580588240501,0.0107180077780647,0.00720891317246803,0.00717350630931328,0.00805338757502302,0.00879612353342471,0.00861487659788425
973,0.0170172184369816,0.0253395551502901,0.0575289790965369,0.0967498350208728,0.0316840495939247,0.0135873477663832,0.00881671496448543,0.00640911080454178,0.0920101196650308,0.0264364543845391,0.0104905164003293,0.00714840994791483,0.00724504501186786,0.00817342335222042,0.00892742518745118,0.00884105177837215
974,0.0173047072055374,0.0261282846098467,0.0610328117164097,0.0917610941405008,0.030376821755225,0.013257339573831,0.00873677325406932,0.00636662640273579,0.0850243459224989,0.0251826732566208,0.0102679134845636,0.00706418173722975,0.00720985367077146,0.00818952056525618,0.00896002696470546,0.00896164002764918
975,0.0176631663113383,0.0268647397410621,0.0640716859114194,0.0888823670759374,0.0290352342455044,0.012945107843511,0.00868369308715244,0.00640124508596103,0.0785940360309764,0.0240816911156089,0.0100639215554483,0.00706874180252999,0.00721747989441154,0.00821216050527862,0.00905960044225182,0.00909506717391969
976,0.0175578238718229,0.0270889722136162,0.0666164991701624,0.0816163881815087,0.0278124537196439,0.0126820695636419,0.00861823197316461,0.0061921479056886,0.0733597330319934,0.0229954138715712,0.00986267452887234,0.00703245299931288,0.00700746295092409,0.00799985382287186,0.00883497773132581,0.00899691599076499
977,0.017902677865039,0.0278483599102612,0.0700412587485953,0.0783679855593318,0.0265367358176094,0.0124515815954778,0.00853023026967641,0.00619080821693244,0.0678297832641293,0.0221455741014941,0.00971880663197206,0.00698264852483915,0.00699242559663103,0.00802019048439946,0.00890971193386352,0.00914322425849
978,0.0181086509399262,0.0284726381747507,0.0737312766866364,0.0731687559720405,0.0255472225875999,0.0121951167919408,0.00845121409890439,0.00614452662304022,0.0630891340105882,0.0212449100583758,0.00955594972980143,0.00693770592364467,0.00690411171174876,0.00793087965120227,0.00886254823222199,0.00918497065600283
979,0.0186914194312852,0.0296791999862531,0.0784855050931082,0.0712908860397015,0.0245079192971476,0.011961810266803,0.00838882705331697,0.00622963709404227,0.0583303583851712,0.0204343213900114,0.00935645272341769,0.00691836328779636,0.00701347694997953,0.0080797271693909,0.00904099908534671,0.00945164950768758
980,0.0190895533116707,0.030644331495012,0.0824988421295162,0.0689172162050521,0.0235805430054677,0.0117110596652052,0.00834725053956005,0.00627349353249862,0.0545437414841007,0.0195915170978824,0.0092203349577465,0.00688553057298455,0.0070120894649902,0.00812889071963034,0.00914107238281135,0.00964252490739135
981,0.0194749851964299,0.0316936257746565,0.0877007251426551,0.0647840303788518,0.0226434039349208,0.011493860198278,0.00829188663340205,0.00622532083839755,0.050869698752745,0.0189136296342869,0.00911358485187042,0.00686033331722891,0.00700040566185554,0.00812831690684802,0.00916325720682754,0.0097624600557298
982,0.0193344173668714,0.031857663124982,0.0898883926620815,0.0603375281703364,0.021816654919586,0.0112911721137898,0.00821454456028455,0.00609030408969779,0.047447281028053,0.018278183676532,0.00898843424343944,0.00684952968866715,0.00680281475275141,0.00794991912773259,0.00899986168011381,0.00966512273077273
983,0.0201264698834747,0.0336692763551894,0.0972204294303776,0.057880042249893,0.0210103521690647,0.0110709577839602,0.00815426286049732,0.00614989582378791,0.044235383767272,0.0176207543496352,0.00888108469076824,0.00678935201891309,0.00689555375408536,0.00811997451566853,0.00921540362494935,0.0100193515974384
984,0.0204447689539232,0.0345509111956718,0.101317164654743,0.0556700943211907,0.0202614130058544,0.0108687181009377,0.00809277696996503,0.00615163763506293,0.0415616011353493,0.0170209109803905,0.00874162141818189,0.00676794350149649,0.006909369486445,0.00810384020788848,0.00926937220675731,0.0101525021887769
985,0.02061459392141,0.0354610301565949,0.105790082449949,0.0513194716692945,0.0195270202337994,0.0107191598229353,0.00807569861275162,0.00602410854915513,0.0388541867598433,0.0165095579097862,0.00862571786613156,0.00674832345504037,0.00673800238387689,0.00797628250879554,0.00915692276991127,0.0101719705409491
986,0.0210475271353263,0.0365777568227215,0.110227880707858,0.0496861505688639,0.0189139458629806,0.0105219131872358,0.00801080738149182,0.00605931811598723,0.0364368130928547,0.0159866575976113,0.00850948463656804,0.00673337570538015,0.00679600058154554,0.00805312367299071,0.00926669520540955,0.0103843554392985
987,0.0217322166322305,0.0384184459213903,0.116794547713926,0.047376120122793,0.0181928116759657,0.0103500904544519,0.00793923595248452,0.00608468341090823,0.0341488425350573,0.0155160920468389,0.00842911739956008,0.00672735624745737,0.00683159328296238,0.00813947867898302,0.00938804843298023,0.0106655406901128
988,0.0219724871835178,0.0393155012860677,0.119726989410103,0.0452597529824428,0.0176811714566364,0.0101882193293042,0.0078968628925514,0.00604879841718534,0.0323146924893739,0.0150628380152893,0.00835686895484092,0.0067121359885922,0.00673457793310562,0.00809176570133563,0.0093772420130508,0.0107150483065471
989,0.022524654297963,0.0410239682822742,0.124709225088687,0.0427473514879129,0.0171098827662893,0.0100445551160031,0.00784655908487561,0.00599748220811506,0.0303281730445146,0.0146637984901383,0.0082906446125641,0.00669411626441222,0.0067162083531391,0.00809908445535746,0.00944780953035581,0.0109254427081001
990,0.0227247222628391,0.0419321424510348,0.126737916981474,0.0406852085492565,0.0163983830977183,0.00986708127303476,0.00784901428148974,0.00593615792206119,0.028700915073357,0.014261213970915,0.00825576508439478,0.00668517362730754,0.0066619080367291,0.00803083876547343,0.00942350268993108,0.0109756536895823
991,0.0234436090067331,0.0440961770116299,0.131285242627425,0.0388874504590514,0.0158688790146217,0.00972413820833547,0.00779977526819138,0.00598912123109331,0.0271018686718701,0.0138818448724471,0.00818622114927279,0.00657084714461676,0.0067216044586341,0.00813145565168847,0.00957502170991862,0.011279284401691
992,0.0236381024358523,0.0451170458006907,0.132243395934657,0.0371483516183462,0.0154313291208649,0.00959981326974671,0.00776426859966076,0.00588614827643489,0.025445751852409,0.0135506180629961,0.00802169599228413,0.00651563775686221,0.00665729235685144,0.00807082382311071,0.0095448548113167,0.0113537436186697
993,0.0242159346909812,0.0467911749953927,0.134502237609045,0.0361245867850744,0.0149831906014867,0.0093277062690109,0.00773780266641664,0.00592865946443542,0.0240516883543814,0.0130352971586756,0.00794846987149075,0.00648511790040068,0.00667228114927301,0.0081302285784421,0.00962855716023873,0.0115335145580291
994,0.0249898753611505,0.0493346892540279,0.136804105024348,0.0345767686183503,0.0146346808506765,0.00924813458337386,0.0077074175392172,0.00595046050170811,0.0228771830077056,0.0127009416473136,0.00790674389868117,0.00646138880105927,0.00669177429717713,0.00821951012864643,0.00978671990962156,0.0118487638433304
995,0.0253639281605224,0.050868122325195,0.136113020408514,0.0330268350025624,0.0142430844892832,0.00912332793864148,0.00759958509487989,0.00589966636642652,0.0217611679970872,0.0124058909831958,0.00785791160931438,0.00645945306307613,0.00663814661513435,0.00816781254260254,0.00976989967938334,0.0119425359587615
996,0.0259711736564206,0.0532225247314744,0.135283600162278,0.0314577202325842,0.0138894824757545,0.00900201045927893,0.00757758538271372,0.00589120575718205,0.0208528902356938,0.0121299663451748,0.007828786659094,0.00643545703160434,0.00662400266179497,0.00819728393961381,0.00982263926089883,0.0121613628944462
997,0.0263137335428371,0.0547119539974962,0.133426504490699,0.030238748241266,0.0135160922351622,0.00891721666425071,0.00752447320806903,0.00583308759768251,0.0199215052524834,0.0119483844505062,0.00778145868166098,0.00640893308907402,0.00658475557484605,0.00814173312310487,0.00984017111683855,0.0122796793152534
998,0.0267785185325909,0.0571399824291994,0.129021031349946,0.0283945406233353,0.0132216855940504,0.00882306234690492,0.00747925165169703,0.00574466831176231,0.0190602187041871,0.0117009384535653,0.00776188330754173,0.00639186760902573,0.00648150178282937,0.00804731310919465,0.0097723443247876,0.0123641399935356
999,0.0274845705624689,0.0595680691970381,0.127923908381141,0.0277690326629568,0.0129154132886397,0.00871178605872653,0.00747767334726956,0.00579037642859146,0.0182622460507326,0.0114666140415188,0.00774501819965107,0.00636794494520669,0.00654799092140062,0.00814361398384083,0.00995465515420349,0.0126637964530028
1000,0.0282871876247398,0.0628137245206735,0.123924174218891,0.0265457341898748,0.0126019656229801,0.00860344571943147,0.00746627429816191,0.0057790701048206,0.0175442841094657,0.0112591637302773,0.00771956217494728,0.00636794494520669,0.00653512249746748,0.00816935012063719,0.0100203721631825,0.0129124544175337
1001,0.0290406977439604,0.0656157613080098,0.12137960123898,0.0258952326009705,0.0123305432744915,0.00850087453649716,0.0074398308650577,0.00578946392341499,0.0169209940013916,0.0110513804583201,0.00775916771308413,0.00639578419497352,0.00659761029852327,0.00822519685863513,0.0101391885324318,0.0131656850696978
1002,0.0306615596380052,0.0711203332851273,0.118804824353839,0.025351989446787,0.0120809683186493,0.0083988252973724,0.0074203621409394,0.00592166490048117,0.0162583937545797,0.0108872641244004,0.00770096875591674,0.00652318534061998,0.00672756118445072,0.00846043164650782,0.0104641342401446,0.0137719276858418
1003,0.0309236339369026,0.0731809062086092,0.113142259214296,0.0242589829963301,0.0117845965866014,0.00833187409805488,0.00741616771443453,0.00582086504130429,0.0156274999938977,0.0107254625291585,0.00768520252931437,0.00643096346219035,0.00666374231506095,0.00840286893698838,0.0104105865429973,0.0138199014342712
1004,0.031051345523993,0.0746151002517368,0.107860558136104,0.02324269852091,0.0115610082667663,0.00824153468663112,0.00739724532138753,0.00571006278096,0.0151039054552224,0.0105694440771333,0.00762517021193964,0.00630330020420528,0.00656119643476696,0.00828563034440003,0.0103224394157526,0.013777458082085
1005,0.0322488920589554,0.0797429488645256,0.102190118351859,0.0223652010444684,0.0113369602104451,0.0081479982136678,0.00736326940689826,0.00573961156572395,0.0145224053084453,0.010408743229983,0.00766194268597012,0.00632617257004856,0.00657655342105693,0.0083590370626489,0.0104559218779239,0.0141568227229513
1006,0.0323799745353156,0.0815015737573183,0.0965582222971605,0.0214116538306479,0.0110868392311911,0.00808557172611068,0.00730362208496939,0.00564001262766961,0.0140422236667436,0.0102803719693373,0.00764867469423204,0.00620479590297996,0.00646082736234401,0.00822903122659521,0.0103471876383189,0.0140731529967022
1007,0.0339611244079036,0.0877665799775669,0.0922055982750414,0.0209150421501007,0.0108873180536551,0.0079913001688345,0.00731349403827539,0.00570435568801865,0.0135165171289446,0.0101646779984853,0.00759531075702953,0.00628707569201006,0.00655284260938659,0.00838983739333776,0.0105895564065422,0.0146089563980056
1008,0.0345939115470585,0.0912940609778158,0.0869120387822783,0.0201105271201901,0.0107496562055059,0.00792550769499495,0.00725555030250327,0.00564942140284595,0.0131027620858809,0.0100192935882058,0.007543859063901,0.00620929887668304,0.00647891597665306,0.00830224427613388,0.0105560213950289,0.0147047971817511
1009,0.0357411361943279,0.0966035253101462,0.0818881064960096,0.0194586351909157,0.0105431288266539,0.00780884995346967,0.00724119694858388,0.00563622061063986,0.0126476906632794,0.00990633231185458,0.00754587537237876,0.00618936646181622,0.00648945438449514,0.00833285162380853,0.0107008721621759,0.0150213742342392
1010,0.0365602153959463,0.100508107123916,0.0782827102480511,0.0189451191660306,0.0103853362948071,0.00775713904415814,0.00720131604728883,0.00562064866720272,0.0123317481342442,0.0098079420807051,0.00753409232330805,0.00615196522763385,0.00649247367245412,0.00832767055123736,0.0107522089691326,0.0152312046663839
1011,0.0377490930804378,0.106474991143312,0.072252971214856,0.0180596939054,0.0101575461805489,0.00772823068426767,0.00717622000042458,0.00557188958147552,0.0119871293575043,0.00973259991869616,0.00749163374767534,0.00610170067330334,0.00644179410010705,0.00831501370918503,0.0107855822380468,0.0154798705783962
1012,0.0395726964501866,0.113215899417873,0.0709688225594511,0.0181183400991605,0.010034302627577,0.00765258520667606,0.00713406116025334,0.00569425265663237,0.0116956838638087,0.00964854905405501,0.00745604115432232,0.0062467568744543,0.00658905074716111,0.00855564597855115,0.0111430474883908,0.016112474184446
1013,0.0409956037605549,0.119549958001938,0.0664811292213888,0.0175083719449576,0.00989239104823837,0.00758137337737983,0.00714235400701213,0.00568047346916121,0.0113721424899303,0.00958715322250038,0.00738846819352344,0.00624138108268218,0.00656448021827281,0.00857478110629493,0.0112329674672507,0.0164257526607967
1014,0.0421770422835933,0.124475371465096,0.063663503177055,0.0171298229400513,0.00978227372574358,0.00750070392188237,0.00713995531265736,0.00569357559742016,0.0110631697305531,0.0095211351776489,0.00738093245457277,0.00620781872885674,0.00658174317156652,0.00860194463201092,0.0113334016972048,0.0166886390476895
1015,0.0440388153847408,0.131822601968273,0.0597788411592325,0.0166147485985769,0.00960061586064768,0.00743212174738399,0.0071453855993241,0.00567049064375893,0.0108352349173115,0.00947219108940106,0.00731277912426266,0.0062364218835528,0.00658810611263607,0.00867389958572108,0.0114907267840995,0.0171361179608497
1016,0.04567288079898,0.13762346002289,0.0575770824837219,0.0163924877946718,0.00947741218635031,0.00739540137623465,0.00705283858848628,0.00572318477116124,0.0105674915396972,0.00942775044903882,0.00728010182199532,0.00626704609597439,0.00665684221935378,0.00877293845286152,0.0117006188395825,0.017574501243077
1017,0.0468683504803804,0.141766052384404,0.0552960873118515,0.0160868724688997,0.00936847132551663,0.00737745473346067,0.00705188263823402,0.00573618719289224,0.0103644300820645,0.00938555068654159,0.00723921014828124,0.00624463704995956,0.0066479496274729,0.0087869317173617,0.0117958447826561,0.0178392447877025
1018,0.048890119149087,0.148031980244483,0.0516888096695877,0.0155407275830391,0.00925760701603081,0.00730767774787076,0.0070122495370307,0.00570054204551815,0.0101680299283642,0.009364990746228,0.00718503404834969,0.00621216568660423,0.00662409316706089,0.00881674448836147,0.0119126434534888,0.0182112681874543
1019,0.0505690424156701,0.152741785650319,0.0499328856331993,0.0153487300804003,0.00913037833095025,0.00725439953214115,0.00701944668170334,0.00572019885679052,0.0099215689918215,0.0093571123940031,0.00714848527008545,0.00623613147916607,0.00662898157234732,0.00886469353121374,0.0120503128582486,0.0185836801222026
1020,0.052799268948852,0.157740658980763,0.0470481014093039,0.0149547841251258,0.00903685290755878,0.00722310088238756,0.00701098876369806,0.00571886945455952,0.00977779746568915,0.00926877112649482,0.00711120719824877,0.00624325625973128,0.00664276510624032,0.0089161606851846,0.0121866740994635,0.0190188543730964
1021,0.0546491707267137,0.160958780996847,0.0448153386456585,0.0145966711096756,0.00897688269840104,0.00718263594402561,0.00700485102396279,0.00569283774281669,0.00956351377516607,0.00928326322283178,0.00708029446042036,0.00620817626606305,0.00661986340164182,0.00893262476508781,0.012275836563695,0.0193554583532736
1022,0.0573153175554204,0.164900626792368,0.0425925017218717,0.0142993302213588,0.00893365465691827,0.0071173530128429,0.00701113915979029,0.00569940438801726,0.00948779024567691,0.0092723339671262,0.00706526202168321,0.00623633014087137,0.00667462313654452,0.00903573666899932,0.0125071650724049,0.0199199442663296
1023,0.0586457047466391,0.165087258546809,0.0406610043614069,0.0139337297410416,0.00880111839369142,0.00709782825403444,0.00700202409142296,0.0056586044035811,0.00935776737973086,0.00929288086121491,0.00705330996826974,0.00616120576057867,0.00660239051153326,0.00897790730359976,0.012511432877759,0.0200560968757347
1024,0.0607393299644857,0.163660806639334,0.0375577004311424,0.0133006036006763,0.00875571364947826,0.00712034259853263,0.00697108401602575,0.00555556288795574,0.00924479748743717,0.00928879862964218,0.00704669992160284,0.00604815899475516,0.00649289986373826,0.00888768885282184,0.0124590807998296,0.020244224168013
1025,0.0628723795271234,0.164108532029877,0.0364165090974758,0.0131475217679815,0.00863837490781289,0.00706572983956071,0.00698085500791413,0.00556882389246072,0.00912574158787911,0.00925306459704546,0.0070340043106042,0.00606842345985036,0.00655107130648376,0.00898137785659585,0.0126365620832792,0.0207348055165533
1026,0.0665941531548681,0.16454160072439,0.0348689972847667,0.0129589829013055,0.00855361630333544,0.00703979181622714,0.00703940133604678,0.00561995872944865,0.00901237730823098,0.00923093377904297,0.00702464203173163,0.00609459529483024,0.00660366487845216,0.00910312929096724,0.0129047359484577,0.0214228505430949
1027,0.0695565165419055,0.164611575764496,0.0339172226478119,0.0128440574461604,0.00846939977541579,0.00699891934806509,0.00700800716295307,0.00565998938020356,0.00891427798869997,0.00921019150715065,0.00697560275114214,0.00613339015199642,0.00664384547092712,0.00919612206558058,0.0131208418042224,0.0219444266028815
1028,0.0741323761234189,0.16292342560208,0.0325030751437272,0.0126817868175854,0.00840343302806468,0.00694975423946826,0.00704472826822466,0.00571683376804641,0.00884339192133044,0.00916687525270652,0.00696120714870294,0.00618928127369583,0.00672938177296835,0.00937221521749404,0.0134504114763603,0.02275700329004
1029,0.0758940913614549,0.157706919105538,0.0309682054018567,0.0123152419450738,0.00832756651907302,0.00696469696196383,0.00704156678140802,0.00563981930892113,0.00875720693310484,0.00911062192173187,0.00692324349708678,0.00609985531874119,0.00664443639026631,0.00930283645226977,0.0134194471365193,0.0228692774745704
1030,0.0795662381292025,0.156658368526248,0.0304405992708624,0.0123387123222447,0.00821482090388416,0.00694454824841039,0.00702727457987998,0.00571468028772283,0.00868134104215491,0.00905133461837129,0.00694282668778643,0.00618586026584642,0.0067584272590454,0.00949305786719896,0.0137685149242239,0.023622840009661
1031,0.0848759484739323,0.151585627505235,0.0291157132461745,0.0121319500950752,0.00817874842191072,0.00688158220863447,0.00702151408211111,0.0057546027982658,0.00862167664150135,0.00899193555339289,0.00691394013372945,0.00623494663496182,0.00682358263874538,0.00963525044147467,0.0140587351347795,0.0244390894276115
1032,0.0877627023908133,0.14693935740877,0.0281425378780155,0.0119431188559502,0.00809741338443492,0.00685233747522584,0.00702139297520831,0.00573763871527741,0.00854174123718478,0.00894575270688593,0.00689480794253256,0.00620449984462945,0.00679673503624278,0.0096418250265181,0.0141782285407496,0.0247845508793237
1033,0.0924711793045026,0.140088968668551,0.0268527088052359,0.0116862348789359,0.00803108776933411,0.00683126451141664,0.00701768845037359,0.0057348632177971,0.00848188456421861,0.00886888111106309,0.00683804894935528,0.00618811248027264,0.00678440159517316,0.00972322716080751,0.0143582508775491,0.0253424828879003
1034,0.096978983512091,0.1346076399325,0.025952541319873,0.0115211371105218,0.00798436418130609,0.00682307580808326,0.00701057402495278,0.0057551427686356,0.00845542170881904,0.00876953706468117,0.00686529937053489,0.00620519353763039,0.00681476484986516,0.00980436219004928,0.0145910023468024,0.0259554604546302
1035,0.100415185495155,0.124977373977293,0.0243686084132548,0.0110674007180443,0.00793194926157631,0.00678747795408715,0.00700036227811241,0.00565137494303125,0.0084122050250507,0.00869460802614526,0.00687294345279406,0.00616268945685235,0.00674490637365362,0.00984865879262773,0.0145856828782075,0.0265004456505892
1036,0.106377725997508,0.122347828797299,0.0241339893367547,0.0111711340622281,0.00783955427707951,0.00680324818127734,0.00701740388377536,0.00574966590626596,0.00843814104287009,0.00861895476859478,0.00684767674779138,0.00620862560162504,0.00684072636096761,0.00995558695964537,0.0150400090869785,0.0272252087371933
1037,0.115579423134027,0.116376487702348,0.0234505674000434,0.0111365590343931,0.0077950273931631,0.00680139038938532,0.00700721193207473,0.00584894440866192,0.00839930887904392,0.00854453506141136,0.00683156507912106,0.00632139587142644,0.00698104678183249,0.0102218729016627,0.0155894911626314,0.0285097243178021
1038,0.119240031033284,0.111085381300611,0.0227015399181815,0.0109693628251787,0.00769879351320583,0.00674755035848801,0.00701832904786545,0.00583230719125327,0.00838130157594686,0.00842055697949376,0.00684935410287102,0.0063002651427814,0.00697949020526068,0.0102488627975461,0.0157088614279807,0.0289323678485571
1039,0.12518140915274,0.103660854541603,0.0216720874585938,0.0106741625396748,0.00771033770217626,0.00675266528089619,0.0070095594821174,0.00579359125322528,0.0083529754530936,0.00834664719384016,0.00685174048138416,0.00625094615315309,0.00694883044167517,0.0102771724404459,0.0158541682790437,0.029512109518378
1040,0.133760042804576,0.101866991746023,0.0216563798433856,0.0108321663564865,0.00766558004474987,0.00671523708466706,0.00698589337233095,0.00592508592219901,0.0083016650079924,0.00828029854130821,0.00681265633394994,0.00643862976038331,0.00714385000434327,0.0106210207446612,0.0164926782824776,0.0308813459472377
1041,0.137909645541114,0.096342663180293,0.0208722436337764,0.0106086265854018,0.00760040911379112,0.00663590647918999,0.00697332383802178,0.00587441066690486,0.00839757249571204,0.00813787147135006,0.00685637371685586,0.0063756806806849,0.00710219390316823,0.0106128438125508,0.0165541500968907,0.0312899085239987
1042,0.14606299539973,0.0902808588807744,0.0201087569118386,0.0104399279337809,0.00756048822018108,0.00663576434283624,0.00697750630637434,0.00587469534377074,0.00836646532563137,0.00816389386064534,0.00689976301097461,0.00636588753186646,0.00715209598362894,0.010707374047852,0.0168628946066827,0.032222732435008
1043,0.150977985983752,0.0866114641108339,0.0196768659618579,0.0103082173182714,0.00755846227789825,0.00667199778511853,0.00692833973878736,0.00588051018965735,0.00832827717805306,0.00806427085985998,0.00688213752197476,0.00639297835539379,0.0071925287765309,0.0108043960049994,0.0171243074013935,0.0329436845819021
1044,0.16149220029342,0.0818831173376476,0.0191773157298372,0.0102831916646642,0.00751066122513951,0.0066907433582329,0.00698521721540791,0.00595616257440633,0.00830557091843065,0.00800320104825623,0.00689346977505456,0.00647785030860182,0.00730039803855067,0.0110730227664696,0.0177054355322339,0.0344754621343631
1045,0.168531638596567,0.0794668914929907,0.0189752539263605,0.0103109965362777,0.00744835538881716,0.0066225396176838,0.00701407685170839,0.00601104973138909,0.008269409903548,0.00795445394900269,0.00692187753479375,0.00655534644355937,0.00741607550185836,0.0112615908107103,0.0181223572426983,0.0356014814794636
1046,0.174641563118955,0.0743965731175966,0.0182525483619915,0.0100958263945506,0.00741533025315547,0.00661321850852996,0.00701291526404585,0.00597673140180259,0.0082614868774348,0.00789091792669381,0.00692628246182313,0.00653932736036486,0.00740994109746032,0.0113233174312639,0.0183561069798905,0.0364933211498411
1047,0.179372278548414,0.07043953107818,0.0177020854139936,0.00993969768743667,0.00740554013986695,0.00661756813834505,0.00701966816375862,0.00594963448903456,0.00822555861934918,0.00787082305917469,0.00695837280819278,0.00653109344766374,0.00740838756867465,0.0113813685341151,0.0186161131525768,0.0374153269323934
1048,0.184667996120122,0.0662645115486771,0.0171384152737702,0.00978920846088684,0.00735024430079043,0.00658888799270782,0.00703390024482597,0.00594908464344584,0.008224054866899,0.00780921537699075,0.00696719763234427,0.00653955751674039,0.00743718802816983,0.0115005622972724,0.0189433839897399,0.0386683450063772
1049,0.188045552201005,0.0636400382359288,0.0168025361875212,0.00970606700661795,0.00730929960503228,0.00660219885274207,0.00704269455238271,0.0059414922968361,0.00817215350962633,0.00779704566408629,0.00696971608270202,0.00654909172645661,0.00746841359668652,0.0115879491952198,0.0192544569953082,0.0396637769836059
1050,0.194304265500511,0.0601504631567694,0.0164008835739334,0.00964002572011142,0.00730929960503228,0.00660219885274207,0.00704269455238271,0.00601521815137607,0.00817215350962633,0.00779704566408629,0.00696971608270202,0.00663479983689857,0.00759030724075083,0.0118791898048556,0.0199814565593935,0.0418607718450065
1051,0.195520051897306,0.0578322675136453,0.0160628025555541,0.00954242160694809,0.00725107162626116,0.00654365046167529,0.00700633506769105,0.0059979801400512,0.00812335227121305,0.00777450267364884,0.00694648896769066,0.00663869525495192,0.00760471124523646,0.0119519701964821,0.0202205135682207,0.0428498962783007
1052,0.196647991556545,0.0546912463078126,0.0156196674757845,0.00938226130028591,0.00719004692337137,0.00650206911944523,0.00697157951411234,0.00598965019687705,0.00802859238072325,0.00772246776556563,0.0069266664592132,0.00662201796658528,0.00762401428928953,0.0120952882024321,0.0206213592479419,0.0444913116904429
1053,0.198423535366414,0.0531405710213356,0.0154456237080958,0.00938468679152375,0.0072076661983533,0.00653981810414488,0.00702610373166733,0.00604212346687738,0.00804530137651439,0.00775435710563394,0.00699601397161488,0.00671909930358232,0.00772674027890293,0.0122954591010788,0.0211220208445261,0.0461984727166438
1054,0.196800733210689,0.0509107251054931,0.0151241538710944,0.00927933618541895,0.00714725500409392,0.0064916316408366,0.0070056328083806,0.00604105481345134,0.00797502781652838,0.00771040350416582,0.00696489379967697,0.00671292710512848,0.00774825417109357,0.0124090813927859,0.0214227353111701,0.0475549099750868
1055,0.192809575596772,0.0478101640701694,0.0146128044384902,0.00909445938669828,0.00702566476599818,0.00643214724240068,0.006956359930781,0.00600840453763078,0.00786422582384123,0.00762216091717211,0.00691946314341972,0.00671324061138377,0.0077722410161093,0.012533339509288,0.021850414795631,0.0496302778033063
1056,0.190845269052446,0.0464598771298157,0.0144424115805852,0.00907907537439386,0.00699606084167639,0.00641156305044766,0.00696889966860338,0.00603053795380041,0.00787332396805431,0.00763798413748368,0.00695367306466786,0.00672630400719443,0.00784368150773427,0.0127106282145564,0.0222689442300224,0.0512994548735679
1057,0.188102992474374,0.0445624298651161,0.0142403879038007,0.00908074308277082,0.0070430336608658,0.00647758846369107,0.00704424675116202,0.00614575394654171,0.0079114238328865,0.00771376625573894,0.00705138890429176,0.00687967517880462,0.00803160354027994,0.0131118078852538,0.0232362419934041,0.0549283650691125
1058,0.181585457636046,0.0423921362849652,0.0139228325582747,0.00901302615685255,0.00698565352431507,0.00649117838264692,0.00705825343904659,0.00618464089581489,0.00785976990505024,0.0077201228443897,0.00710041028845278,0.00692530632252796,0.00811327382073677,0.0133849027314546,0.0239277903542307,0.0582207729746966
1059,0.175571115763374,0.0407992108703629,0.0136197851871132,0.00887660231164989,0.00692342316607264,0.00643387012364515,0.00701393777955498,0.00613817079873735,0.00775762564608813,0.0076375068034242,0.00703280976764445,0.00689354620788911,0.00812236388120396,0.013436001651974,0.0241959440583336,0.0598301906522561
1060,0.166201280635911,0.0385954980912507,0.0132284168471169,0.00873096202403399,0.0068584260847589,0.00636333542904946,0.00698863471522346,0.00613504032387201,0.00769105683644549,0.00757518167498941,0.00704202039333717,0.00693364245204633,0.00818471667365868,0.0136574390244792,0.0247949090717631,0.0633727282745333
1061,0.161033857301745,0.0375315177921178,0.0130722080242715,0.00871565425428144,0.00683509225895829,0.00636668078966332,0.00699895711470202,0.00615482875108906,0.00765753247728267,0.00756594445349682,0.00704391717257902,0.00695309823017857,0.00825398876112264,0.013834267857976,0.0253097861439274,0.0660188321612755
1062,0.15121513861988,0.0355358015812527,0.0126590095391457,0.00855140681444741,0.00672776254526307,0.0063127910194173,0.0069222320584969,0.00612233648479078,0.00752451317519102,0.00748458346961254,0.00699677082074837,0.00693750050626929,0.0082554567718677,0.013920261979959,0.0257786354441003,0.0693495008667656
1063,0.144411169820309,0.0343720005860038,0.0124860851368741,0.00847794415958984,0.00671106805219538,0.00630737792859227,0.00698210839874913,0.00617000392483192,0.00752954757470252,0.00750002138150801,0.00703261832321652,0.00700169781320647,0.00838628948819149,0.0142209178189255,0.0265395051906047,0.0734117624985172
1064,0.137144288922356,0.0332574271736412,0.0123535672505983,0.00849809765160957,0.00673420793425682,0.00635995796642359,0.00702625895727085,0.00625749722498563,0.00754870183276947,0.00754775535322782,0.00711449177329649,0.00712461813409622,0.00854339361328705,0.01461089201104,0.0275834835069806,0.0789588517129284
1065,0.131341279297245,0.0323735432862076,0.0122148859436247,0.00841875257419373,0.00669635584336977,0.00634335382329215,0.0070338041151468,0.00627841385601398,0.00751471756420363,0.00753008799852122,0.0071168382692661,0.00714929243648509,0.00860107551674783,0.0147893640016929,0.028129108534271,0.0825727770534135
1066,0.121792053505737,0.0307897864378944,0.0119038767924794,0.00831937238168235,0.00665046003302097,0.00629479557630629,0.00704576209205551,0.00630968897834741,0.00747302307227013,0.00748258295200239,0.00711709776227511,0.00720784138641741,0.00870206248593049,0.0151028953572484,0.029060914634409,0.089027386033519
1067,0.117522340804564,0.0302771885152235,0.0118707331047614,0.00835393788373941,0.0066862247460157,0.00635635938689717,0.00708690656564717,0.0063847981752425,0.0075043917962157,0.007548243054633,0.00721663097773469,0.00733199003174839,0.00889024132875474,0.0154631760176356,0.0300385574346328,0.0943568352677625
1068,0.109770601080545,0.0290902896091573,0.0116486640578234,0.00830672478794037,0.00665578192760572,0.00634682414382679,0.00714288090888245,0.00644660459898386,0.00746576660121278,0.00755405150979081,0.00723005388569031,0.00740359827009158,0.00899291846403667,0.0157928997796515,0.0311127918920471,0.101489910555097
1069,0.105096775781659,0.0284058073460139,0.0115358594532216,0.00827754909919201,0.00664575080512683,0.00635428525167375,0.0071767067147914,0.0064672648004756,0.00747354220114028,0.00756050186288389,0.00728342675519447,0.00746513311656055,0.00909326546383073,0.0160512102476717,0.0319434725848044,0.10696941507593
1070,0.0976667882394506,0.0273290252376282,0.0113335109907947,0.00820224040304101,0.00661017549249318,0.00636634385889232,0.00719600147504485,0.00651086950524613,0.00744404550082356,0.00756163904870251,0.00732600416557131,0.00754284608256321,0.00923963408302482,0.0164532418549553,0.0332740307592119,0.116151011433516
1071,0.0922378667251484,0.02632348941803,0.0110845335892074,0.00808136841266449,0.00652143403585334,0.00631740892637331,0.00714150681022558,0.00648572001481645,0.00734943550412607,0.00747513333492579,0.00726929426199212,0.00754897854826595,0.00924064039202934,0.0165812826862342,0.0338432255997776,0.121309848509824
1072,0.0860761350701982,0.0253581595779714,0.0108779250581584,0.00799021658659613,0.00648885638051968,0.00626720773533032,0.00714903244240262,0.00653230652285504,0.00727968115361141,0.00745969571694897,0.00728928576339217,0.00757898268443873,0.00934237068301504,0.016853189386031,0.035053327446634,0.129811912246313
1073,0.0821144609014416,0.0247277289640989,0.0107522585760816,0.00796410106469603,0.00644751925004743,0.00625215711912507,0.00714401391168575,0.00652820919484895,0.00727416376738521,0.0074542250261566,0.00730498454983874,0.00762225349593015,0.00940037755581228,0.0171094812101697,0.0359616374359655,0.136201608859608
1074,0.0765047236093272,0.0238414603956291,0.0105752623243252,0.00787550558340837,0.00640464780363761,0.00625204540487928,0.00714166281999633,0.00657660074279827,0.00726010550923172,0.00747014835204938,0.00734370328774519,0.00771491491507398,0.00956178989062321,0.0175285353387946,0.037493080757215,0.146312833332615
1075,0.0725670062415108,0.0233056958247549,0.010511653291751,0.0078900847001152,0.00645836868114466,0.00630632707097934,0.00725007550883262,0.00670372040529869,0.00725571381603661,0.00749215224137707,0.00743105560826894,0.00785482469721085,0.00980281269700754,0.0180398465641274,0.0394531508295804,0.15717037824472
1076,0.0688796637928401,0.0226040276911111,0.0103241651261796,0.00779861708571003,0.00638012336312257,0.00627231886571551,0.00723260161950858,0.0066827766755393,0.00721093985042457,0.00744399930392578,0.0074157729343972,0.00786245523218704,0.0098524142839522,0.0182250611453684,0.0404145158910264,0.162867916328025
1077,0.0640367913735552,0.0217234986186943,0.010075808105795,0.00768647565138037,0.00633505283512238,0.00624488804000991,0.0072048355117407,0.00669180230618516,0.00712626184275881,0.00741146144803981,0.00742056858909794,0.00789764267068168,0.00992888540130141,0.0185235746375863,0.0419755136862469,0.170750137973591
1078,0.0617495488726017,0.0213556239222219,0.0100008177440275,0.00766821671181898,0.00632637526212405,0.00622850155918043,0.0072370063010889,0.00673717089546471,0.00711811804023388,0.00744997787686171,0.00746326455069288,0.00797200429870216,0.0100594106874413,0.0188419020898448,0.0432537177094408,0.176250525564964
1079,0.0576996484282096,0.0206058080032148,0.00980064448573573,0.00758202384880844,0.00627632363657655,0.00622898877260941,0.00721532379459379,0.00676137226181167,0.00705760187900292,0.00739680769623107,0.00745530921722803,0.00804517070704354,0.0101733798850868,0.0191635751620813,0.0450281706996605,0.18228970093799
1080,0.0560587530940269,0.0204457381090295,0.00981066118204144,0.00763300092735893,0.00629197552159229,0.00628029023828207,0.00729685435561063,0.00686323438244648,0.00710926140314739,0.00747441712420796,0.00757634734092142,0.00816244608702385,0.0103860607461498,0.0196480964997744,0.0469454972421589,0.187660161415098
1081,0.0532115786398534,0.0199363171607405,0.00971571585367408,0.00761651808461642,0.00630989901071599,0.00629406031046213,0.00736459131581426,0.00693085400091809,0.00712175513141702,0.00751391261253533,0.00765674136514036,0.00829316948336573,0.0106074853742282,0.020165809543659,0.0494012448777377,0.192547161330466
1082,0.050950584064209,0.0195609461308494,0.00962350392113912,0.00759361075118303,0.0062925370833837,0.00630981769354697,0.0074015562725108,0.0069758063376986,0.00713787726369682,0.00754980661852533,0.00771491591496055,0.00841110925406959,0.0107934506098526,0.0206085147094064,0.0513914078046641,0.195034041849647
1083,0.0480802318499458,0.0189688033558591,0.00948326550394746,0.00751449212379143,0.00625469694720157,0.00627187661159902,0.00737492093533802,0.00698508831938267,0.00711082338307564,0.00752227872931748,0.00774076526117842,0.00845999365314169,0.0109229327395741,0.020965995474445,0.0536724187502596,0.194826217623576
1084,0.0462334678479999,0.0185935212026992,0.00938058323369057,0.00746247184747446,0.00622046370144521,0.00625365433496436,0.00738072407796479,0.00699539843593667,0.00710331883847221,0.00751759720858208,0.00775835208937821,0.00852404293681639,0.0110420680104244,0.0212618174020256,0.055403152402543,0.193606528859091
1085,0.0436007754444897,0.0181055602117033,0.00926574009458971,0.00742414513950648,0.00620017256848589,0.00626720848741798,0.00737953916395737,0.00703851304628188,0.00708531210645978,0.00754826254667212,0.00782004998224852,0.00866179267863774,0.0112710214822492,0.0218481692943614,0.0587390615715762,0.190524033670223
1086,0.0418186835479867,0.0176519461926659,0.00910464478253368,0.00732792747257172,0.00612236433689886,0.00620317312741119,0.00730936477387849,0.00698924393814379,0.00702967687280249,0.00747080134593004,0.00778666748675217,0.00865452603471285,0.0112876604251789,0.0219659294818294,0.0601407069887192,0.185873991179129
1087,0.0401416246144849,0.0174020487022137,0.00908068897800249,0.00736020249958519,0.00616790233711071,0.00626164438550356,0.00740832562883275,0.00709292860584555,0.00708271857755612,0.00755907471439613,0.00793404807039175,0.00882746887608189,0.0116311051515021,0.0227032158268295,0.0641377716643462,0.181638202622784
1088,0.0386467999233748,0.0170733340775133,0.00897737451494483,0.00730704171869255,0.00611714578418848,0.00623062385786306,0.00736676801647135,0.00707314097640548,0.00704833608398879,0.00755264125511215,0.00795381921901965,0.0088835715914834,0.0117449855027272,0.0230024810871778,0.0664011674874047,0.176191354436147
1089,0.0366794871627518,0.0166337731936972,0.00886812406401355,0.00724911989320428,0.00609701869643992,0.00622437481211733,0.00736705719574923,0.00711097124342688,0.00703112268064251,0.0075687570633984,0.00799443286709151,0.0089919274224663,0.0119568369474607,0.0235845075851831,0.0704619262131004,0.16739985338562
1090,0.0353872751881064,0.0163049608743535,0.00875145184157735,0.00720513344621663,0.00606823763975533,0.00619455134915836,0.0073591682689174,0.0070831539419585,0.00701321870750952,0.00755101715588353,0.00801934237159524,0.00904493696378202,0.0120522758763617,0.0238914278598174,0.0731791503609831,0.160416609516468
1091,0.0337134667374895,0.015933861496488,0.00863921906848228,0.00713769730025429,0.00600329477275244,0.00616430099405682,0.00732667121701934,0.00708813180038895,0.00698936823600978,0.00753914515822255,0.0080665792646909,0.00913981075406169,0.0122296020444365,0.0244258781427519,0.0773178953044326,0.15087029875785
1092,0.0325436231189196,0.015644057778892,0.00855560244689619,0.00709812777669771,0.0059718056088698,0.00612787204287601,0.00727480662579249,0.00706105340380393,0.0069368950282496,0.00749401951992207,0.00804372294119664,0.00916780896563571,0.0123287726734569,0.0246910143744083,0.0804003796746239,0.143322151364428
1093,0.0306695922974066,0.0151181783419004,0.00836450034523743,0.00697791118403813,0.00588270904233873,0.00604615800394222,0.00719962321382294,0.0070202199655402,0.00687696824289864,0.00746306549669126,0.00805698064308745,0.00922340858826194,0.0124541598435173,0.0251641446234046,0.0852609334993687,0.131886951019966
1094,0.0305469079572772,0.0152795754547829,0.00850068987241571,0.00709879511053399,0.0059886895784645,0.00617241636031378,0.00736072605717582,0.0071975823115113,0.0070245590152103,0.00762005877885236,0.00827580096915722,0.00949682638025586,0.0128875016412127,0.0261399113518872,0.0904719409859549,0.129361788074478
1095,0.0290169714485304,0.0148335559799194,0.00835491129128579,0.00701221730748511,0.00591491883991312,0.00611701148303857,0.00730610003305399,0.00715761229555824,0.00696544199646315,0.00758971179448503,0.00829869288289732,0.00956871141192552,0.01305856019967,0.0267166637208893,0.0963629936609003,0.118674787265551
1096,0.027809646844416,0.0145711817357248,0.00826167017968601,0.00697398538725856,0.00591045178012627,0.00610859789841935,0.00731234782984631,0.00716875729808693,0.00697025564565791,0.0076214342721871,0.00838394867058592,0.00971944491899784,0.0133515900188454,0.027533143741565,0.103770756473825,0.109540370064186
1097,0.0272375367576948,0.0144248991223022,0.00824101810984033,0.00694502360107715,0.00590388154173778,0.0061368620715846,0.0073067343340194,0.00719646162531111,0.00694797788517501,0.00763483980247564,0.0084022044747775,0.00978778026390303,0.0134960346103961,0.0279747279392367,0.107971313946515,0.104824578867705
1098,0.0261677765852371,0.0141318070151111,0.00814291583522987,0.00691933281973577,0.00588993022724492,0.00613898107580895,0.00734636638969411,0.0072424269715836,0.00699355107202743,0.00769497435557246,0.00853306087248577,0.00999373556528205,0.0138918985248262,0.0290175250520511,0.11699910008774,0.0971092766429551
1099,0.0255262197560954,0.014001096562774,0.00811676878576385,0.00688411521335719,0.005869057412977,0.00612778613590104,0.00730884012713479,0.00723890078937882,0.00699981585323454,0.00770306924654469,0.00859565620398736,0.0101001487539993,0.014072480819417,0.0295995852308612,0.121862548741289,0.0922504962709313
1100,0.0248075650584577,0.0138563418809744,0.00808032129762775,0.00689171479593329,0.00589789885489986,0.0061810083076523,0.00740456084068851,0.00731375596785511,0.00703997910048837,0.00778065037582822,0.00873156609570733,0.0102999507629198,0.0144269046757166,0.0306462973317679,0.131726031715173,0.0860668435520772
1101,0.024042849624495,0.0136269610014577,0.00800173805359903,0.00685377510612047,0.00586638222980649,0.0061715988543882,0.00735793845098831,0.00730569104016956,0.00701459807337174,0.00777421509131025,0.00875725457094142,0.01038242996237,0.0146030447459848,0.0313130349156524,0.138543008249565,0.0808001971192328
1102,0.0233179039089303,0.0134399700410305,0.00796806839795545,0.00684497238871065,0.00586451683034242,0.00620584830799068,0.00740712772982547,0.00734376387074765,0.00703033760217924,0.00781199298012198,0.00884247113110759,0.0105472667405547,0.0149503411376512,0.0323117455469786,0.148025966690716,0.0754801703341552
1103,0.0227660771858391,0.0133102481841676,0.00791318399502006,0.00679755588046682,0.00587442280061778,0.00621969328572544,0.00741921650686391,0.00738126655030706,0.00702212862963026,0.00782678627991715,0.00889300512423762,0.0106702607625308,0.0151816782258969,0.0330894459575406,0.154844911046167,0.0719983614559117
1104,0.0218673088956263,0.013010436959952,0.00780531810139621,0.00675380228864744,0.00583469102604109,0.00620016932155019,0.00741465390316709,0.00738904934292594,0.00701948672065936,0.00784415369659618,0.00896904255457307,0.0108496482514997,0.0155179203074875,0.0342852225670639,0.165605890443037,0.0664907204115539
1105,0.0216492680512525,0.0130110109712189,0.00784321091799994,0.00680662405462718,0.00590037100344269,0.00628780926213969,0.00754526672348489,0.00749651125836426,0.00711291871784504,0.00796554650620303,0.00914938211439311,0.0111095309734731,0.0159576998439984,0.0354861038467539,0.174305732100686,0.0646330458678026
1106,0.0210922768610857,0.0128895419699108,0.00782218999070195,0.0067972177534276,0.0058777005941209,0.00630068846874699,0.0075434772278017,0.00753846495057392,0.00710448557167539,0.00796909082164979,0.00920315127092313,0.011302298521922,0.01626948432592,0.0366750387921273,0.183679588811166,0.0603623397297328
1107,0.0206447632290757,0.0127327192340222,0.00776558568610717,0.0067750195143332,0.00586941208148602,0.00630326587077039,0.00756387333782175,0.00755885298857179,0.00714239665115582,0.00807254793952428,0.00934834875110005,0.0114768170710197,0.0165197170838207,0.0376221430242206,0.190335196969224,0.0577704976949129
1108,0.0202832008123982,0.0126969238038574,0.00779818008420175,0.00684147731633619,0.00594525616334572,0.0064119323542433,0.00768343159097994,0.00770824934118019,0.00722451814153661,0.00818001128458554,0.00951608880520894,0.0118131689734431,0.0171250401480005,0.0395460699218812,0.201984915128417,0.0547139626243959
1109,0.0198569638729772,0.0125688485907909,0.00775149816477402,0.00681997419778284,0.0059431029660941,0.00642582777086515,0.0076946369442604,0.00771687992684825,0.00721045743941268,0.00818875325791929,0.00955848873866443,0.0119629407366063,0.0173842486125378,0.0405322389711934,0.207527395857689,0.0523414889156689
1110,0.0192331414655607,0.0123306462701223,0.00766280065133547,0.00676053623692431,0.00589579023641006,0.00641109623260387,0.00768962404784512,0.00773814803032966,0.0072067790938712,0.00819152692948736,0.00961309439441722,0.0121465079525261,0.0177161295034044,0.0419166312324791,0.213507299126775,0.049149496773214
1111,0.0189029510946403,0.0122510828014243,0.00763164884977044,0.0067584005594397,0.00590939257325453,0.00644803469918377,0.00772623379268043,0.00777476586028953,0.00722621597717686,0.00825491345760297,0.00971527178198743,0.0123630931883209,0.0180278486077709,0.0431710886472993,0.217795212121916,0.0472202640012744
1112,0.0183629143982636,0.012086705728284,0.00757380763792358,0.00672758159357585,0.00587794789584752,0.00645366304032526,0.00772290546094508,0.00780260006744306,0.00724992178950095,0.00831095727626754,0.00980067923807427,0.0126140042891237,0.0184475509347178,0.0449269660700674,0.221801450707026,0.0444456558557973
1113,0.0179277658324996,0.0119604369387631,0.00754711885519961,0.00670107756350768,0.0058879226024602,0.00646292334167831,0.00777946810132126,0.00786765697955537,0.00726376958529824,0.0083709140836319,0.00993805931116581,0.0129109916027506,0.01888090957675,0.0468339563947941,0.224232056737677,0.0421194917921596
1114,0.0176557344470569,0.0118652723597986,0.00752705598511144,0.00669325659540304,0.00590300144592342,0.00648840113281683,0.00778087317737206,0.00789361883707069,0.00730715403214758,0.00843891888973704,0.0100263952773337,0.0131281724413117,0.019218120797518,0.0482862134809467,0.22491743700528,0.0406161397117863
1115,0.0170497390074432,0.0115900376118039,0.00739281346145611,0.00660287773502796,0.00582615499425656,0.006443781452404,0.00769881044200187,0.00786970719079454,0.00722167978263945,0.00838378897805908,0.0100220805224172,0.0132811187633156,0.0194108913490662,0.0497936022467697,0.220535757757717,0.037910443716193
1116,0.0168885965499709,0.0115848477591409,0.00740942488802417,0.00663775673794764,0.00588705591030869,0.00649894458361936,0.00777879389576644,0.00794513959113855,0.00730993102412332,0.00849802705548138,0.010190352927507,0.0135896973192238,0.0198761469772257,0.0516697008302845,0.220611774317639,0.037034488060131
1117,0.016492789115897,0.0114483835950269,0.00735698335537862,0.00661952880980188,0.00586967533107704,0.00648458145430249,0.00778198613002219,0.00798214301516139,0.00731941286988781,0.00853252031382221,0.0102892352846541,0.0138943518114343,0.0203314168981397,0.0541097550723453,0.215136403969199,0.0349362563927858
1118,0.0161820092673573,0.01131657032023,0.00728768345933482,0.00657114239452501,0.00585241433797708,0.00645717641958835,0.00776746499008641,0.00799422388513789,0.00731117063088685,0.00857281612329009,0.0103495276951105,0.0140860724392141,0.0205867230835852,0.0556802662401153,0.210343573552061,0.0336790866564051
1119,0.0157453647873147,0.0111316935710746,0.00720450790856608,0.00650461190789062,0.00580632168166392,0.00641776632403445,0.00770684266870054,0.00798533969811199,0.00728199061317136,0.00856602970804879,0.010406090852431,0.0142976384791497,0.0209017071214021,0.0578955252778397,0.201794913810343,0.0318076206868404
1120,0.0154849451942211,0.0110124014297356,0.00716546853509781,0.00649526910533758,0.00580152219731166,0.00640535928330744,0.00768278609237026,0.00799511446424318,0.00728949004550412,0.0086122249403518,0.0105004914824801,0.0145856295688149,0.021242255966585,0.0602080107584108,0.194327084543986,0.0305248303820394
1121,0.0152478566827825,0.0109314539006132,0.00716351444542902,0.00654280267579747,0.00582449687119232,0.00645833904742404,0.00774518681086839,0.00808730116453608,0.00740001691235729,0.00876243494696553,0.010737586193661,0.0150464046489584,0.0218989634365626,0.0637754170535921,0.187056531488755,0.0293930073463951
1122,0.0151265322057292,0.0109475549612913,0.00721432565700697,0.00655706805546666,0.005848033567891,0.00647809534223619,0.0077699409422987,0.00815378585976872,0.00742365820746846,0.00879356022506259,0.0108425548122389,0.0152971654289338,0.0223232393255935,0.066272428334624,0.180802750597687,0.0285290506689441
1123,0.014619493364326,0.0107224458429253,0.00707529191604225,0.00645821625032386,0.00579178596447119,0.00641320634563509,0.00770688472492564,0.00810036941750181,0.00742379084677626,0.00886570743406451,0.0109855883672684,0.0156406050775342,0.0227366067052759,0.0701020872165589,0.167633788546387,0.0268699946180462
1124,0.0145540264513284,0.0107317314225411,0.00711644587303735,0.00650904151455192,0.00582816063046824,0.00646108342774658,0.00774894658879841,0.00819638769637383,0.00748764043158456,0.00895534470374961,0.0111253636848579,0.015984801702391,0.0232921774806309,0.0730220827768958,0.162678548575363,0.0262995965509229
1125,0.0142012897988599,0.0105898227083049,0.00704093054258614,0.00645593502761867,0.00579989472227968,0.00640874686893894,0.00771101859483368,0.00817888365876473,0.00745633210981683,0.00893234866186961,0.0111550723288895,0.0162075245719957,0.0236521354567392,0.0765990845249035,0.151360375325122,0.0249408282636837
1126,0.0139657258496666,0.0104313968607426,0.00697681099163311,0.00641262618232055,0.00577681498690129,0.00638612681716288,0.00765962246523306,0.00816621955394824,0.00743602855704607,0.00895589572324156,0.0112336844314349,0.0164070227773085,0.0239780334475962,0.079405535550423,0.143747334416764,0.0240615589179139
1127,0.0137931133562552,0.0104032015145193,0.00698213700243044,0.00643763736804219,0.00579215124651914,0.00641675249255398,0.00770684357734131,0.0082640957817641,0.00753258818110525,0.00912322134096335,0.0114983360947463,0.0169190273201578,0.0247728191776525,0.0850448566228331,0.134470569638926,0.0231416368852431
1128,0.0136706042427656,0.0103567247466104,0.00698871914943627,0.00646718795790891,0.00584041763667139,0.00647392222370759,0.00775632533703375,0.00835769155873824,0.00761089391587267,0.0092244457349832,0.0117220941153696,0.0173460080441098,0.0254636126375933,0.0896890922829848,0.128738223484539,0.0226305478564604
1129,0.0133980417798759,0.01025444093716,0.00694632653007898,0.00642539151005136,0.00582865952832037,0.00644347413219527,0.00771600881647609,0.00836713552866955,0.00762809908090448,0.00930242624975898,0.0118812711816571,0.0176608520947297,0.0260179645478328,0.0947861776878833,0.119578090927375,0.0216397727574164
1130,0.0132092203579554,0.0101923699657904,0.00693277630233499,0.00643867293453716,0.00583911909499949,0.00646515626646477,0.00775786638364626,0.00843203909027272,0.00768500090920519,0.00937272770318316,0.0120712349105287,0.0181929819040857,0.0269310364315607,0.101720622167376,0.111297375354804,0.0208246814087251
1131,0.0130441537608272,0.0101116477962644,0.00689055278458841,0.0064166028291244,0.00585427361134027,0.00647026662557304,0.0077403289811055,0.00847288960777294,0.00771581452510183,0.00943826100330778,0.0122327091825575,0.0185013096324597,0.0275276882913626,0.106517750901937,0.105716904944533,0.0202437880401887
1132,0.0128570631673991,0.010021526098986,0.00685885266078614,0.00640035107776434,0.00585769682226399,0.00646760232547261,0.00776244434853704,0.00851419850454621,0.00775018902745782,0.00951229411137509,0.0124297767449299,0.0189124904806969,0.0283175890836363,0.113010211137244,0.0988104012408259,0.01952723057633
1133,0.012799872551116,0.010041350388833,0.00689540943254858,0.00644432682008527,0.00589934860511751,0.00651796797281448,0.00783256040963604,0.00860826995502236,0.00785339267547583,0.00965846048966693,0.0126756989150835,0.0193940831423445,0.0291725736633614,0.119067812582107,0.0948471372175961,0.0191916149026499
1134,0.0125413739632249,0.00993696494492147,0.00683402925864164,0.00641778577872304,0.00590198124685085,0.00650702123958597,0.00781790999232855,0.0086604521643645,0.00786178541283144,0.00971173611849046,0.0128992569117197,0.0198410929903254,0.0300677085112475,0.126589360470492,0.0879241188105349,0.0184387284149721
1135,0.0124198257876416,0.00988905778166094,0.00682197750010142,0.00642080277959505,0.00589464494120675,0.0065317750735549,0.00777153430369911,0.00868794281719106,0.00786576880412145,0.00971866003137837,0.0129791559422421,0.0200260025340177,0.0305947998974338,0.130680636840107,0.0840618280848761,0.0179824661065443
1136,0.0121257032616681,0.00971373425452907,0.00671151974901941,0.0063572671539537,0.00586479747434343,0.00648763517030719,0.00776327291660567,0.00869436630924811,0.00788851316098241,0.00982012695060022,0.0132131741652272,0.0204697016408491,0.0315206430299381,0.138074379601577,0.0780739675408683,0.0173105678107734
1137,0.0120589156504501,0.00971637065265018,0.00672715425551817,0.00636024487876162,0.00588109250805862,0.00651514664720564,0.00779265977031663,0.00873832879165321,0.00792099651531828,0.00991449846615454,0.0134274455550337,0.0208374002126713,0.032299225535793,0.14318544114971,0.0748712538394275,0.0169674529323933
1138,0.0119056540587758,0.00963381757572424,0.00669595772390629,0.00636182659626414,0.00588136790367307,0.00654556416795277,0.00780462804659723,0.00879778688412916,0.00795461533409812,0.00997152203829629,0.0136809022012369,0.021337560131883,0.0334247761901194,0.150150488917068,0.0704056496815594,0.0164696088704981
1139,0.011821096920099,0.00961994675845331,0.00669408398908999,0.00639209512577065,0.00594834203890545,0.00659982809130355,0.00786595119740638,0.00893147655985541,0.00805297105843501,0.0101149107697107,0.0139744703204423,0.0218799941790581,0.0345829878401846,0.15639620745829,0.0674984706685763,0.0162041328367012
1140,0.0116054265329733,0.0094729968727458,0.00664245665873998,0.00634063510652958,0.00592501416320112,0.00659407563635071,0.00786464017227275,0.00895499355409022,0.00806547026145273,0.0102032665996095,0.014228941483022,0.0223341703138354,0.0357078627992123,0.161880946043448,0.0634244217764057,0.0157037997165322
1141,0.0116287656881746,0.00953270164418498,0.00667704986710969,0.00642357605079204,0.00599511223706119,0.00666634045008303,0.00795273394836387,0.00909838715143087,0.00818553595022862,0.0103911876603566,0.0145865156214259,0.0229353098364381,0.03699266731622,0.167315683626059,0.0615510994375651,0.0155849827453068
1142,0.0114605673416773,0.00946693269662148,0.00665913617592145,0.00640982435294077,0.00600722776501442,0.00668630669636703,0.00796820337172422,0.00916842613855807,0.00821649056753022,0.0104656870713011,0.0148681609188341,0.0234773634942458,0.0384135955112625,0.171616358091332,0.0576819503843891,0.0151101553013685
1143,0.0113060850937896,0.00937164293144896,0.00662238279055807,0.00637584985551104,0.00598194318818785,0.00667104300704192,0.00793244030490303,0.00916976539519773,0.00819423280455738,0.0105102591897527,0.0150153523549107,0.0237619860229644,0.0392040272133257,0.173057582286778,0.0553041376282016,0.0147514747201918
1144,0.0111486194600785,0.00929063355826943,0.0065807480955702,0.00637190350459036,0.00597746958378438,0.00667113999048433,0.00793893525994118,0.00925008177462205,0.00825063265107836,0.0106646239748563,0.0153345671343496,0.0243505567159599,0.0406953577741866,0.17503768363907,0.0522607385756867,0.0143742133080285
1145,0.0110656733741331,0.009270697332253,0.0065865091056079,0.00638737462094422,0.00600456668577807,0.00669075489912928,0.00798448462731221,0.00928993924132417,0.00828554213755005,0.0107414052132283,0.0155794118870959,0.0247612881925937,0.041986095424268,0.176071882962936,0.0505345042428318,0.0141653698855717
1146,0.0110207143695248,0.00925151688772757,0.00658181061573495,0.00643691532559516,0.00605981368353068,0.00674716155063675,0.00805035737216189,0.00944304253500051,0.00840712874838487,0.0109517639740173,0.0160444350669075,0.0255869718819085,0.0440513609737288,0.176905503185359,0.0481694142068746,0.0139006661431038
1147,0.010965655464541,0.00924996957725943,0.00659533173143467,0.00644030315842523,0.00606046751202859,0.00677698971858649,0.00804669125177845,0.0095268495296307,0.00847531758191035,0.0111600042486766,0.0164211258311159,0.0260866117710049,0.0454270343771141,0.1758066477453,0.0463173579749352,0.0136432640639756
1148,0.0108561359324945,0.00922388886139266,0.00659317777596736,0.00646393091812652,0.00607671174265469,0.006793805114674,0.00809416980822067,0.00964785801704483,0.00853850990936135,0.0112335111506368,0.016703751132908,0.026829065715979,0.047524596051706,0.173408262431409,0.0441954632298444,0.0133723467514643
1149,0.0107816974130158,0.00918305997887965,0.00656604700607687,0.00646976156870319,0.00607669781693472,0.00679224824947498,0.00809053725215285,0.00970989142521452,0.00857929644602143,0.0113702848093411,0.0169763674907465,0.0273198519436071,0.0490655053740391,0.170738419479079,0.0426880210306517,0.0131701135710807
1150,0.0106359864310598,0.00909640449945192,0.00652041589776067,0.00645497180797582,0.00606723476413982,0.00678492098446105,0.00811337346367714,0.00981168247280607,0.00871757630476759,0.0116640453605483,0.0175808211527697,0.0281998492558334,0.0515272892812529,0.165591638700944,0.0405191451632603,0.0128444073188777
1151,0.0105802336583024,0.00912555274537837,0.00654958463311674,0.00649813335893014,0.00613367128138442,0.00679851675750032,0.00820229688966975,0.00998212187367392,0.00877890124999636,0.0117681005482991,0.0179035145996433,0.0290820763921509,0.0543914286696296,0.160417382519581,0.0389348238289143,0.0126310298040291
1152,0.0105721333177677,0.00908234503074076,0.00657172360435588,0.00651379862159115,0.00614465257936432,0.00682389827153601,0.00822740487036212,0.0100811369543972,0.00887139310237877,0.0119614290800329,0.0182697339230121,0.0298334443497949,0.0566195521449731,0.156549529289873,0.0378206089119221,0.0125097938190855
1153,0.0104260982156772,0.00902405137261323,0.00652672131906538,0.0064967446086232,0.00612804353058458,0.00679852617980186,0.0082130210873153,0.0101478044333403,0.00890014776475103,0.0121067787583016,0.0186357615667495,0.0306600955089595,0.0596040455911961,0.148103221000982,0.0358929164832454,0.0121720879851663
1154,0.0103836256898816,0.00903032707389987,0.00653648162851971,0.00651837733004802,0.00614422419115322,0.00681042245834474,0.00824594739019101,0.0102702631365677,0.0089735308349602,0.0122922041490212,0.018975652629329,0.0314198564552614,0.061959475975574,0.144015318616211,0.035039004412763,0.0120653389596014
1155,0.0103531088625446,0.00902766223026329,0.00654492264293046,0.00655915123018604,0.00617051061130643,0.00683234594355423,0.00829245423427549,0.010425768353457,0.00911262653704553,0.0125678852820638,0.0195064526827832,0.0326314515885333,0.0659597827623546,0.13636899866044,0.0335971368720644,0.0118541037665356
1156,0.0102678948070307,0.00898436391515226,0.00653920761824416,0.0065491318309253,0.00617124506671917,0.00683435990063811,0.0082963617760827,0.0104964866641708,0.00914660666093712,0.0126869472676914,0.0197734320201375,0.0333032365776898,0.0683819844540598,0.13088050084901,0.0325829177707394,0.0116648207157946
1157,0.010146850212795,0.00894744977998119,0.00650710818906092,0.00655078327232183,0.0061662014106265,0.00680624737701835,0.00829854561606817,0.0105992724803344,0.00922755344688829,0.0129000769830468,0.0201838622268015,0.0344178044490435,0.0723898836114645,0.122962098229129,0.0312055796852993,0.0114220713768187
1158,0.0101256282898615,0.00893205140419041,0.00652547552376194,0.00656753857981371,0.00617864006095056,0.00682626297350613,0.00835811442878415,0.0107181828221314,0.00931796139076407,0.0131238906221539,0.0206271092332007,0.0355016317297893,0.0760176475943503,0.117253021099965,0.0302776786345479,0.0112598640698837
1159,0.0100429055344986,0.00888074448455226,0.00650739647086815,0.00658103967558395,0.00618900725555343,0.00681700881345335,0.00836636690963067,0.0108351705555072,0.00940514713042132,0.0133599308656766,0.0211140648557776,0.0368748111252697,0.080720359594951,0.110355404453159,0.0292001850797395,0.0110944412287429
1160,0.0100087868186281,0.00888093653487049,0.0065382061148445,0.00663524367801624,0.00622433333502592,0.00686252328732807,0.0084351884645303,0.010997448423257,0.00950169943586971,0.0135810017170892,0.0215368346821287,0.0379917797423026,0.084555586214336,0.105950823280173,0.0285512876326477,0.0109814647890255
1161,0.00987016293355922,0.00879190393512213,0.00649028298407573,0.00660763568576462,0.0061991182133929,0.00681448138339681,0.00840210613371664,0.0110647114766071,0.00956248434325902,0.0138293105089738,0.0220040558140446,0.0395370224824694,0.0902079653144029,0.0978072975127422,0.0272066954431102,0.010688783356223
1162,0.00980713004055921,0.00874512658358598,0.00647236200008,0.00660704551592811,0.0061764912401498,0.00682318011056994,0.00839129181068191,0.011128486461347,0.00960363221843572,0.0139702507703658,0.022294553670646,0.0405278340334847,0.0938370094030571,0.0937159556322576,0.0265585516932853,0.0105742889868723
1163,0.00973127350198411,0.00869969964378732,0.00646871093619936,0.00662097661216196,0.00620784273244036,0.00682660238828731,0.00841153823129637,0.0112897386778666,0.00972200930144158,0.0142404419053073,0.0228269415490485,0.0423183247564102,0.0996005587406432,0.0876504518884331,0.025577664898292,0.0103580918617549
1164,0.00972262937261426,0.00873483080162218,0.00652813670437026,0.00667583505931285,0.00628966384589988,0.00688375346242625,0.00851815924719556,0.0114590960782983,0.00983074556045387,0.0145441946285784,0.0233632191088522,0.043929166045374,0.104737908643039,0.0844448821200864,0.025159891142598,0.0103255970245369
1165,0.00958629531689308,0.00865591630171136,0.00647349397447937,0.00664863187342598,0.00624967287660736,0.00683616340403331,0.00847025285183012,0.0115109969221831,0.00990724328818005,0.0147421398724948,0.0237554789146884,0.0458130349417795,0.110874557578991,0.0784361236322572,0.0241334742524918,0.0100852373107562
1166,0.00954265527794282,0.0086195337296035,0.00646010117660808,0.00667586653436041,0.00627368565070611,0.00683887484581682,0.00849698886245353,0.0116414196619942,0.0100100454130244,0.0149993716086141,0.0242769849023551,0.0474979027700591,0.115789057114752,0.0749636949624094,0.02359698076297,0.00997081827105917
1167,0.00952591271805408,0.00863109357957207,0.00650366195476086,0.00671840231331764,0.00633108582967248,0.00688498009879357,0.00857371525099951,0.0118438677322378,0.010144272260195,0.0153390602118346,0.0249223016297656,0.0500092027652445,0.12297810011272,0.0708552460476397,0.0229680859295813,0.0098788750399572
1168,0.00940312881033352,0.0085593520707304,0.00645618106454376,0.0066982377862165,0.0063110154079858,0.0068675295807953,0.00856268143573338,0.0119152837543306,0.0102359018352301,0.015604697966578,0.0254841687366347,0.0524787383774745,0.129105620243552,0.0662111418445911,0.0221126923549645,0.00966374500423962
1169,0.0094724807567378,0.00862574113287602,0.00654362920481273,0.00681422746246511,0.00641299760589334,0.00696476701830915,0.00869484455640978,0.0121950254865225,0.010459416123525,0.0160527978306479,0.0263333766159894,0.0552116694145826,0.135495776482309,0.0641485662016885,0.021917494386096,0.00966730687598019
1170,0.00938663426795892,0.00858033834154921,0.00651433683525614,0.00683022014008455,0.00642247964213599,0.00695563225402316,0.00869085898280709,0.0123252745228902,0.0105713116518279,0.0163800056317119,0.0269589344416735,0.0580592776122652,0.141156841029546,0.060525495242027,0.0212435575506717,0.00952271758798396
1171,0.00927845823634502,0.00854466778004275,0.00650958957275023,0.00682550717168321,0.00641891603831211,0.00694950323479962,0.00869558942618629,0.0123917549565001,0.0106460070879323,0.0165761667732146,0.0274231516142801,0.0601738046328004,0.144609821809816,0.0579154388098892,0.0207823771448555,0.00940164359910252
1172,0.00929144133188328,0.00856241135714239,0.00657638466606909,0.00689197178835231,0.00648944473658376,0.00700222616152502,0.00879037409969388,0.0126233820587286,0.0108435599855643,0.0170779996529881,0.0283450679415864,0.0640256807307114,0.150215502742751,0.0550131904206938,0.0202837630906144,0.00933267854682647
1173,0.00924061420950525,0.00855598100938703,0.00658119926728948,0.00689233910479699,0.00651403699650233,0.00699953915606627,0.00881211623930751,0.0127277705163486,0.0109706323140093,0.0173309701268586,0.0289065194239772,0.0665365990161641,0.153106035568775,0.0531314412648221,0.0199577766767861,0.00925416279684391
1174,0.00915042345528718,0.00846353120277249,0.00654169807981492,0.00689264820608146,0.00651049387414609,0.00701938134961882,0.00882099080419344,0.0128918756687052,0.0110655602955864,0.0176384309864292,0.0296128687936014,0.0703120268549325,0.15510918825557,0.0498669566097804,0.0193065581853751,0.0090602706262545
1175,0.0092106855828614,0.00853480114490635,0.00662789176969671,0.00699799895161924,0.00657522397356852,0.00709355819973922,0.00892320606314163,0.013116926739753,0.0112669214588957,0.0180649413389728,0.0304957224134598,0.0737308982056352,0.157494132141778,0.04858754706959,0.019123755360508,0.00906421241745534
1176,0.00919040654662933,0.00854638920530682,0.00666238235875005,0.00704710075059717,0.00661605570905456,0.00712640234538394,0.00898326816994358,0.0133628016969481,0.0115063374701674,0.0185818880799763,0.0315372349269966,0.0784478317346334,0.158683414871997,0.0463593192841768,0.0187330343349343,0.00898816396150757
1177,0.0091472833724316,0.00852862311812278,0.00666805707395,0.00705523910878932,0.00662407805430397,0.00711650635199861,0.00903156774586452,0.0135109075416429,0.0116368588141389,0.0189370322011574,0.0323667735390429,0.0821709215845361,0.157923918353983,0.044475673756509,0.0183434650244382,0.00889344719016515
1178,0.00909413249859702,0.00850460027659467,0.00668675867557551,0.00706988942650757,0.00663903432449419,0.0071479515254948,0.0090681936900446,0.013708223352743,0.0118420513478156,0.0193487114149212,0.0333268802562575,0.0869999416280381,0.155722755935475,0.0423811347481589,0.0179253266831732,0.00879436864842858
1179,0.00909878474421776,0.00849677577100776,0.0067079994009025,0.00709102832434905,0.00664404694912491,0.00715999043036576,0.00909461093147771,0.0138620668722421,0.0119621956459901,0.01968085079058,0.0340863084481506,0.0906106914587207,0.153500465016802,0.0410192102795273,0.0176245941524649,0.0087128530327697
1180,0.00893478453596022,0.0083943278137078,0.00664402857716757,0.0070179228795382,0.0065775785636395,0.00710333996806127,0.00906965174317288,0.0139556467765491,0.0120393064474655,0.0199902915409204,0.0349992012106094,0.0958588182255346,0.146958620247723,0.0383989935361895,0.0169883813613272,0.00851487029260247
1181,0.00894030062479939,0.00840416273774229,0.00668508965638153,0.00706672128061828,0.00662550297294289,0.00714414444269901,0.00914214612208479,0.0141995473344296,0.0122373807961772,0.0204272738073133,0.0360166108308666,0.100123220250357,0.14449594513717,0.0375583709048121,0.016840144255958,0.00850690689076445
1182,0.00886675174452405,0.0083748125121756,0.00667950351457819,0.00707012616088937,0.00657958561631762,0.00710970213123882,0.00914832629053582,0.0143289998226385,0.0124225278085354,0.0208678618688983,0.0371866465344796,0.105735030727287,0.138092109426858,0.0357313008574265,0.0163742416704557,0.00837625166110039
1183,0.00897848215895552,0.00850917805301891,0.00679732874098117,0.00719666948310876,0.00667453381725701,0.00723247496621451,0.00930133206466916,0.0146915118381023,0.0127185532051819,0.0214754162642378,0.038629860427089,0.111403478554488,0.135179368816093,0.0350602488923224,0.0163187339644,0.00842166189502913
1184,0.00881770004345232,0.00836650041602668,0.00672068280820039,0.00711564617677498,0.00659972585333788,0.00714465050553967,0.00924132753585066,0.0147515764017006,0.0127822104505173,0.0217195366641696,0.0396448121337939,0.116454435073953,0.126235524460061,0.0330085359952324,0.0157355892175672,0.0082194055352395
1185,0.00881940296612411,0.00838688373959832,0.00676353690152945,0.00716046905670518,0.00662036259783238,0.00718238147973935,0.00933807826784998,0.0150885687899719,0.0130766481644791,0.0224312685613348,0.0415210933446146,0.123312411940016,0.119609713592778,0.031743715891522,0.0154801768553771,0.00817201623923806
1186,0.00877221392983847,0.00835190261971521,0.00676502719284554,0.00715603264751426,0.00661805680006502,0.00717957920722886,0.00935222192612682,0.0152131341061461,0.0132294401130437,0.0227400028347226,0.0425877226098444,0.127560993174542,0.114187348009179,0.0307231782765095,0.0151778376887498,0.00808602498893795
1187,0.00874515997928631,0.00836672506613169,0.00680729419358397,0.00719286556361415,0.00662386443685934,0.00718940493402712,0.00942840318882748,0.0155207755982597,0.0134847542038575,0.023396255755408,0.0446003159788125,0.134001843032768,0.106715410987073,0.0294458938719064,0.0148646325350426,0.00800916760243222
1188,0.0087036638273569,0.00832622857769615,0.00680150169194752,0.00718745990260552,0.00657097387772865,0.00716958859391024,0.00944816887851254,0.0156268023469145,0.0136206158388485,0.0237690734302731,0.0458556331568208,0.137277982975883,0.101757287244462,0.0284802400655186,0.0146263574553126,0.00792933083013549
1189,0.00866759580022546,0.0083262996089946,0.00682557449381772,0.00722004578278793,0.00663140842989022,0.00723223355466494,0.00955905919007366,0.0159773823971525,0.0139418603750283,0.0244281022731049,0.0481175855935172,0.142959409017313,0.0954644104174273,0.027526573423652,0.0143796060511594,0.0079014228520643
1190,0.00869713537640993,0.00835579694439384,0.00686279103632347,0.00725234304578686,0.00665771329177214,0.00726050880365828,0.00962586853261865,0.0162255637568472,0.014164674863692,0.0249433435178827,0.0498239385098545,0.146268422834981,0.091199029346284,0.0268554037279486,0.0142291131654164,0.00787960591785324
1191,0.00866447247120637,0.00834625701378774,0.0068669568357769,0.00727229699013073,0.00664644446862772,0.00727430802218358,0.00971430943951511,0.0165375205175236,0.0144613509186484,0.0255751709162082,0.0522315079498654,0.149576311254691,0.0849946337462007,0.0258175012528778,0.0139352799305805,0.00778799564745095
1192,0.0086371817444158,0.00834645353518016,0.00688546556674689,0.00728896747565819,0.00664548432794855,0.00730780392732865,0.00975564516070482,0.0167410461824556,0.0146488414114134,0.0260300447444217,0.0538772096236656,0.151052738505931,0.0814819845185833,0.0252510490444625,0.0137901552835752,0.007753260507941
1193,0.00856691726287756,0.00829311268661519,0.0068527684099618,0.00727511019742378,0.00660442281755483,0.0072928808161602,0.00980092625005609,0.0169945417065706,0.0148705406282793,0.0265995572130605,0.0564354285656486,0.151349703930695,0.0753212902475325,0.0241407907535441,0.0134430279218061,0.00763526853175185
1194,0.00855853016346085,0.00829484735298011,0.00687737785325295,0.00727819413236068,0.00662832955501616,0.00733084766232915,0.00988781773382252,0.0172304088410054,0.0150923104971849,0.0271175392486791,0.058406365777291,0.151488201771849,0.0721734109397654,0.0236272391673935,0.0133110212184226,0.00759226915438165
1195,0.0084776638493197,0.00824095842292012,0.00685543340505046,0.00725594751984893,0.00659065463988023,0.00729897778981409,0.00992836032524846,0.0174640293217711,0.0152894334753354,0.0276413710042741,0.0609105234844348,0.149423458128619,0.0673593357822306,0.022726682420384,0.0130244037617907,0.00747613868989291
1196,0.00851687308898537,0.00830140658839747,0.00690856956673991,0.00730629513221198,0.00664345934539798,0.00737589634019137,0.0100609751522593,0.0178801640197835,0.0156628857838676,0.0284746287863825,0.0639523761856283,0.148375679099583,0.0643022102817764,0.0222789929216661,0.0129300226741908,0.00749552539033014
1197,0.00844911989829322,0.00825566851448329,0.00687257826050526,0.00726100119229392,0.00657885384991832,0.00734120143764774,0.0101104804543212,0.0181293610253447,0.0159024603817037,0.0290980116491876,0.0667519227227885,0.144122230408577,0.060222910035098,0.0214914136077963,0.0126715699137116,0.00740006084859863
1198,0.00845062135085169,0.00825722092005185,0.00687234816015477,0.00725725913907875,0.00659141134303171,0.00738860116473236,0.0101636716589148,0.0183768018298184,0.0160968351865416,0.0296028216155567,0.0689991593338274,0.141047188947975,0.0577599031203126,0.0210591110607489,0.012526963857194,0.00737035160685059
1199,0.00840724702191456,0.00823941676321134,0.006865656166451,0.00723178534469794,0.00656681414047752,0.00741569157777875,0.0102868125491249,0.0187754875251655,0.0164860311249158,0.0305417206784437,0.0729686411624872,0.134884664186138,0.0538237667463101,0.020315571744365,0.0123085682265658,0.00729345400586707
1200,0.00839999412433896,0.00824390724076862,0.00686432317118508,0.00725032790687203,0.0065704791137462,0.00743497107292324,0.0103768986179263,0.0190386527045858,0.016713127255174,0.0311148768528488,0.0753615146128469,0.131105084557658,0.0518537273279463,0.0199647460337943,0.0121940769915607,0.00726125422270708
1201,0.00837562762582707,0.00821334721750972,0.00685145085977753,0.00721428556491476,0.00655511715798755,0.00744664694821589,0.0104516508043854,0.0193769831220818,0.0170111393412145,0.0319222377887337,0.0788691659237977,0.124506381278618,0.0488149582798584,0.0193419155698551,0.0119972265044311,0.0071989151368121
1202,0.00833161299570286,0.0081955224034153,0.00684581159352986,0.00719765904845797,0.00653112032007741,0.0074716140592516,0.0105716274288251,0.0197956755915074,0.0174218826194255,0.0330223982708929,0.083385514922603,0.116992149681795,0.0456953407195716,0.018743851632882,0.0117912764754267,0.00714377982635324
1203,0.00834683248744604,0.00823049055932848,0.00687398572877709,0.00719495529719628,0.00655478278430646,0.00751160398804575,0.0106416701555211,0.0201562643349488,0.0176794260634544,0.0336736555159261,0.0861719026904615,0.112683482046606,0.0441012747066476,0.0184380014044528,0.0117202299738018,0.00710597382097988
1204,0.00825212061863674,0.00815540928555715,0.00681745321712509,0.00713474208594245,0.00649650625081587,0.00748616087634649,0.0106802256550608,0.0203993093643874,0.0178857080721586,0.0344578535971226,0.0896178826958716,0.105103943473956,0.0414046710888399,0.0178300475306926,0.0114782691449561,0.00701403546495882
1205,0.0082637389228217,0.00817453681604811,0.00682361272244971,0.00715010637107022,0.00651047253048692,0.00753086908800977,0.0107814676680613,0.0207514160085929,0.018148481374375,0.0352491074824539,0.09278755427241,0.100675049427153,0.0398959392348658,0.0175177926695039,0.0113875270466345,0.00698852204630027
1206,0.0082641627164483,0.00821137778475406,0.00685539930765482,0.007147424927994,0.00651727861109018,0.00759506756591586,0.0109209886619038,0.0212520885039555,0.0186106828884632,0.0365833610958009,0.0979350545247477,0.0940175108232956,0.0377219575410505,0.0170664028196015,0.0112611691358981,0.00696441492344341
1207,0.00822324052481886,0.00818555765072346,0.00684293080332432,0.00713093771451944,0.00649128213101738,0.00756987545911292,0.0109829247303829,0.0215322050462401,0.0188562617014215,0.0373698808393071,0.101163918254011,0.0893751533120831,0.0362478598302921,0.01671827355235,0.0111412352208456,0.00690676966751015
1208,0.00825057354659311,0.00822425760647256,0.00689126751956658,0.00716653317175942,0.00652955126761802,0.00764356707202816,0.0111323661332617,0.0220709167240273,0.0193428749568569,0.0388415459983947,0.10667534835983,0.0840072605646057,0.0345609726643461,0.0163875030120148,0.0110428396478717,0.00689979736747006
1209,0.008248675457886,0.00823111312723984,0.006919558274585,0.0071666998050077,0.00653326017674729,0.00767128062415953,0.0112052558006256,0.0224438800294789,0.0196831405610034,0.0398756757082232,0.110608017666556,0.0801129908468269,0.033340634670042,0.0161008725840554,0.0109619730465391,0.00686436237826852
1210,0.00823342630369605,0.00824501229440101,0.0069228049915261,0.00718796480925918,0.00653626518231552,0.00770243720260603,0.0113491674085427,0.0229273400129312,0.0201123892924594,0.0414276059099948,0.116585159974228,0.0745857778995727,0.0316344046626273,0.0157028470983816,0.0108304742782851,0.00683547098543005
1211,0.00823152086618291,0.00823608710348866,0.00694981317935972,0.00717408660037707,0.00652670080093435,0.00770902429412398,0.0113993525234557,0.0232441938213289,0.0204112006954176,0.0424501029320487,0.120243511967248,0.0715753657888148,0.0306674927097675,0.0154659282513376,0.0107468083197519,0.00678296734174219
1212,0.00821079295290444,0.00824025122856514,0.0069749481501865,0.00718925875810176,0.00653269409703831,0.00773205236383159,0.0115238691914509,0.0237470289668847,0.0208811103729018,0.0441935102977851,0.126659172933975,0.0665876078999264,0.0290788980405086,0.015071696851653,0.0105894570056637,0.0067706312496143
1213,0.00818180484238475,0.00821915989948217,0.00694734239475407,0.00715476285173971,0.00649425959064896,0.00772365685189902,0.0115567095423278,0.0239986356824392,0.021109243140914,0.0452261364362347,0.130376072352023,0.0635454905875948,0.0280599530411892,0.0147891740366252,0.0104822900531524,0.00669866934601294
1214,0.00821239511046165,0.0082670836461584,0.00701345413557141,0.00719783063459414,0.00656364677225793,0.00781416855309871,0.0117432354422025,0.0246246407961349,0.0216956329854597,0.0473067208123091,0.137212133792995,0.0600889734227344,0.026998267026981,0.0145350223864687,0.0103940473432508,0.00668271700774175
1215,0.00820150678139904,0.00827386993317218,0.00702132320465452,0.00720294946274713,0.00655381398362018,0.00780834108308529,0.0118087733174807,0.0250270946256856,0.0220709744496141,0.0489081661963076,0.142140373209095,0.0569602988625032,0.0259746733825446,0.0142486787960293,0.0102914451061593,0.00664363666294916
1216,0.00817257040933461,0.00825691713566773,0.0070356323047948,0.00718810312760726,0.00652913805531873,0.00780672239821252,0.0119026655043199,0.0254963977128298,0.0225289408955378,0.0509346677507246,0.147695079183768,0.0535534282769065,0.0248496835234855,0.0139166950519458,0.0101575582789965,0.00659724976054541
1217,0.00820205589989192,0.00832356524529014,0.00710251888389651,0.0072321866641518,0.00656731165432188,0.00788151515028153,0.0120406667673038,0.0260052886619133,0.0230150503509971,0.0527700950499125,0.152323971592163,0.051745204660965,0.0242909654492051,0.013804606603221,0.0101316262718781,0.00661168678767442
1218,0.00823864330639332,0.0083723189877097,0.00717170030262343,0.00727657622327923,0.00660789526757135,0.00793638753556302,0.0122575087367885,0.0268229901259955,0.0237665580233098,0.0558706087314942,0.158979872816695,0.0486851362733259,0.0233333652932139,0.0135701855081605,0.010059337771505,0.00660416126290383
1219,0.00822783691557297,0.00835892281893486,0.00717914968867779,0.00728629557423244,0.00660391730337382,0.00796224542908541,0.0123185822869908,0.0271721284897036,0.0241294750147043,0.0576216867322144,0.161791092859463,0.0468322725312716,0.0227018432225129,0.013382404654905,0.00998684501441894,0.00657447087042791
1220,0.0082237547007307,0.00837794571096478,0.00721009808219868,0.00730232324344401,0.00663900522531588,0.00799807061465249,0.0124579586814119,0.0277944295741683,0.0246929377093865,0.0602019595212595,0.165055044140748,0.0444177979483244,0.0218742587196932,0.0131496976864733,0.00992803791167721,0.0065486722516268
1221,0.00820039237047305,0.00835102540560071,0.00718239330051727,0.00730160303367437,0.00663785195928591,0.00800015879370261,0.0125302055226224,0.0281354954354552,0.0250014269429878,0.0619876611232556,0.166196475263168,0.0425966541408817,0.021244016392817,0.0129217511331821,0.00980009586441511,0.00650825639514126
1222,0.00822769477959222,0.00838540631289297,0.00720941920044101,0.00730969114103295,0.00665707758325741,0.00805485034993692,0.0127076684456258,0.0289341983024674,0.0257421649607391,0.0654174107916303,0.168053083293978,0.0403935504048747,0.0204902268191594,0.0127089112070255,0.00973884473381413,0.00649019313547672
1223,0.00820736801127609,0.00837394209285856,0.00722686036474012,0.00731425920113018,0.00663658903371494,0.00808842312413618,0.0128114358581223,0.0294279732623316,0.0262033218676659,0.067683445612065,0.16773308226246,0.038829426734559,0.0199569462856318,0.0125447626495785,0.00966436201754608,0.00646807562111808
1224,0.00822053379714368,0.00840580898581025,0.00722397785810376,0.00732717735807369,0.00666327989969375,0.00814698843428499,0.0129919089166152,0.0301510987432632,0.0268654843371056,0.0709263166299061,0.166386591173095,0.0369573634923165,0.019333943093357,0.0123339728145287,0.00960191486058543,0.00644045049223128
1225,0.00824087464447484,0.00840897681150675,0.00725019722914237,0.00733153247335876,0.00668362537472894,0.00821075605103855,0.0131812242498727,0.0309912039921426,0.0276147651913754,0.0747157736220939,0.163284891329776,0.0350363765888702,0.0186562120523828,0.012151000329386,0.009542314649382,0.00642658227369874
1226,0.00822978391569542,0.00838101498765051,0.00721161193125362,0.0073144980404158,0.00667395030043655,0.00822927367711068,0.013295372186705,0.0315483933250214,0.0281230433710657,0.0772953172900932,0.160088891883885,0.0337493524355192,0.0181868669873727,0.0120009634727181,0.00949501888088484,0.00639138838239917
1227,0.00822061336895596,0.00836739746482196,0.00721248471053813,0.00732459033349354,0.00668626270019118,0.00828065038225993,0.0134708129216195,0.0323933836306348,0.0288908738932778,0.0811172341890434,0.155065834543646,0.0322021742518664,0.0176375468219027,0.0118431116573601,0.00943089584463227,0.00639522199759981
1228,0.0081936703173067,0.00834027395537854,0.00716919848283821,0.00727610393143292,0.00668150245388468,0.00827554403510536,0.0135687369051397,0.0328841440655319,0.0293766385362036,0.0836983178423455,0.150055906881195,0.0309610232170945,0.017174859840324,0.0116692365316214,0.00932415918654544,0.00636562483954438
1229,0.00822000415044353,0.00837104633061829,0.00719087526314552,0.0073094321025031,0.00670902488921192,0.00838754117213598,0.0138166045744156,0.0339416965253302,0.0303351503683809,0.0883044977826161,0.143072664941298,0.0294941149683812,0.0166502484584151,0.0115338232249,0.0093112201144057,0.00635034087961225
1230,0.00819441450035976,0.00835848587430354,0.0071680882019775,0.00728851768910333,0.00670075471768268,0.00839424160524372,0.0139026551301541,0.0344911225604856,0.030846912513672,0.0909118990274721,0.1381032585168,0.0285696362063463,0.0163112988017569,0.011405696177082,0.00924558534690756,0.00634006134633244
1231,0.0082530989427483,0.00838932372701232,0.00715834704011751,0.00731304882170592,0.00674659141244331,0.00847453640412141,0.0141836829533532,0.0356269303872779,0.0319564961951763,0.0960348532104369,0.130212628215058,0.0272694251389481,0.0158419987188266,0.0112822273607393,0.00923739486751169,0.0063405759653083
1232,0.00826247561914281,0.00837248581722442,0.00717266491492138,0.00732468002025226,0.0067818921306605,0.00855222185053006,0.0143765987744056,0.0364178206062743,0.0326724748843173,0.0993327730605946,0.124930667379283,0.0264736108966536,0.0155539280044523,0.0111942830570292,0.00919241193864611,0.0063360477984381
1233,0.00827608801359338,0.00837809957775338,0.00716284683258606,0.00732617848085566,0.00679523569108079,0.00861808117929508,0.014580684100001,0.0374621062294762,0.0336888184121995,0.104074309574674,0.11721739856722,0.0253439753527762,0.0151275685388479,0.0110434913183115,0.00914665852850437,0.00633705671863663
1234,0.00822056806868057,0.00832527065681868,0.00711765364363126,0.00727004798657572,0.00676277907758549,0.00862766334380372,0.0146623736533126,0.0381494010272289,0.0344162652692268,0.107623842420949,0.110120129995284,0.0242966566214905,0.0146818811950231,0.0108485989198578,0.00904521828760349,0.00629051450283536
1235,0.00823398837691415,0.0083420552668388,0.0071111556747135,0.00727377079051119,0.0067800716460014,0.00870595236676376,0.0148972317229736,0.0392755294868297,0.0355812719621543,0.112736659574151,0.103007319361344,0.0233388106766802,0.0143162527176384,0.0107181181536138,0.00900332357113949,0.00627432253503822
1236,0.00825447928585589,0.0083518793687259,0.00711980386789577,0.00730636483604215,0.00682156054845073,0.00876412878342996,0.0150858355458542,0.0401777174182891,0.0365257420257639,0.116689193147017,0.0983470400744924,0.0227343922595959,0.0140869567195729,0.0106530361577249,0.00897287138715496,0.00628630852449947
1237,0.00825338285980494,0.00832108583722389,0.00708577234871589,0.00728527537967822,0.00682043989031027,0.00880241556641224,0.0152901950697256,0.0414300964902399,0.0379080131920212,0.12280356952278,0.0904169259596632,0.0216431698605467,0.013619728053773,0.0104597293681167,0.00888184995422413,0.0062394400717608
1238,0.00827154561381176,0.00834180584682483,0.00709841263229045,0.00729598772193052,0.00684608495202927,0.00885002410632505,0.0154770423625637,0.0422975675183657,0.0388301425837664,0.126689938406037,0.0865234140160406,0.0211285393206948,0.0134206204128561,0.0103731062191182,0.00884510467351138,0.00623574818793672
1239,0.00831400716944195,0.00838662169453362,0.00712441039073428,0.00730877010469316,0.00691458318613167,0.00897952781266059,0.0157556235518605,0.0437974610839893,0.040471485042275,0.133276974463119,0.080889505789211,0.0204052917568527,0.0131250331785419,0.0102658556452001,0.00883299176107984,0.00623909874114093
1240,0.00835313217788434,0.00844054535845762,0.00715432284430791,0.00734472461093839,0.0069449251648921,0.00904309087316366,0.0159952510991157,0.0449086548554289,0.0417069387249112,0.138095236410627,0.0772469028398313,0.0199525282085696,0.0129299631213237,0.0102058959422863,0.00880873639613269,0.006258985880396
1241,0.00839344654001744,0.00846931990559159,0.0071524005040534,0.00736051654116436,0.00697990065604006,0.00911161436584447,0.0162527315130091,0.046428102586865,0.0434782621134951,0.144786381192649,0.0717891465257293,0.0192055205907462,0.0125964328622845,0.0100642329222848,0.0087381546208042,0.00623086371464344
1242,0.00842527080239388,0.00848515595617634,0.0071765940541799,0.00738475319147216,0.00701541506389041,0.00923862954261799,0.0165439535773628,0.0480926366226413,0.0454136038152719,0.15175956471193,0.0670824544076684,0.0185798989028446,0.0123342322690075,0.00996492618473305,0.00870090270068074,0.00623189159846337
1243,0.00847833420317549,0.00851902849390691,0.00719717798006081,0.00742226932694751,0.0070437860866715,0.00928799744414064,0.0167619224151034,0.0493253959683409,0.0468692357900502,0.156536714790926,0.0641839943999438,0.0181879503110834,0.0121613196360966,0.00988289917763108,0.00869327269636223,0.00623979124548472
1244,0.00844581530894131,0.00849946096206251,0.00718638590288415,0.00740993022809518,0.00705105793355911,0.00933684341308183,0.0170015919371738,0.0509859868308078,0.0489080426767744,0.162830759392002,0.0596896514731163,0.0175228416667189,0.0118360738333437,0.00972408860764753,0.00860124860605854,0.00619735766815885
1245,0.00852608022977993,0.0085481712897593,0.00722128246132098,0.00746454715431962,0.0071093907971412,0.00945602967036061,0.0172711205517298,0.0525615337696887,0.0506086891384201,0.167627818951453,0.0572794112803069,0.0172009692766965,0.0116955969151892,0.00969251080021219,0.0085886824942993,0.00621645154045742
1246,0.00853405300109843,0.00858461356210293,0.00723870567057456,0.0074827467826275,0.00714498021748009,0.00955112353454145,0.0175778705432437,0.0544855750794355,0.0528687869593981,0.173148738870708,0.0539498238878146,0.0167477483010315,0.0114709348215473,0.00959766112218109,0.0085548786483996,0.00622589950730234
1247,0.00855183602836018,0.00861847186057416,0.0072732832690887,0.00751559352056894,0.00718270946439544,0.00964460939461947,0.0178384846540394,0.0560690438242617,0.054642442748259,0.177006395879863,0.0518140510865254,0.0164471981086511,0.0113413011278277,0.00954425358709101,0.00853605778563774,0.00621474842814531
1248,0.00860072767859617,0.00864388289522939,0.00728681182672189,0.00755448770180975,0.0072451426712675,0.00977071211446772,0.0182345589606276,0.0586200394485275,0.057419246624102,0.181709308695741,0.0488172694851358,0.0159950212369052,0.0111333774876797,0.00945419888053914,0.00853306259946752,0.00624416856296073
1249,0.00862861811882095,0.00867497019962453,0.00731542801420865,0.00757506500391485,0.00727909659959161,0.00987116425301283,0.0184480362643449,0.0601564729823803,0.0589632383978269,0.183603674143987,0.0472747712464899,0.015785158382924,0.0110433120268931,0.00942890591661022,0.00852115104825976,0.00626275404293828
1250,0.00865840152870166,0.00866801683085585,0.00731439596092639,0.00760626895191337,0.00731397306569276,0.00996612875150405,0.0188403750353969,0.0628256646881787,0.0615019220047967,0.185146932830001,0.044477192149686,0.0153505440428211,0.010818253972801,0.00932573074630145,0.00846789851644947,0.00626663154924336
1251,0.00866451951236475,0.00866345034658089,0.00731950895627456,0.00763287342411445,0.00735188834504813,0.0100363829334443,0.019079594082731,0.0646527488784782,0.0632480231148011,0.185599189379038,0.0429489331810932,0.0151108418947688,0.0107027205547363,0.00928909181882322,0.00846176978200837,0.00627918734957095
1252,0.00865986034044201,0.00865558755872723,0.00731001738371262,0.00765605304771721,0.00737904209526831,0.0101643315038394,0.0194678433341192,0.0674323325632375,0.0656686774480753,0.184579928334185,0.0407286967312693,0.0147279061250027,0.0105331311272375,0.00920006806367092,0.00843541601393771,0.00628364452180074
1253,0.00865167979786493,0.0086563134170044,0.00731969251138937,0.00766323720807111,0.00741627822316345,0.0102702533808978,0.0197818424207347,0.0698442021899164,0.0677171706069908,0.18289565319382,0.0390882927944166,0.0144200575067372,0.0103823102239774,0.00912723721787588,0.00841623688413455,0.00629504216151512
1254,0.00866888289151454,0.00863780650552575,0.00731116630365979,0.00768471504832919,0.00747431360926924,0.0104189640693057,0.0202085624763196,0.0730399284710023,0.0702906903767651,0.180022335938562,0.0373503892617566,0.0141418443358188,0.0102534862439023,0.00908970668144134,0.00840938369519614,0.00631385743418193
1255,0.00865609006013354,0.00862751974885329,0.00729114343871963,0.00769846483207922,0.00749721424901365,0.0105051406217767,0.0204948538890285,0.0753254784207316,0.0720492207187857,0.176861658408131,0.0360870875416983,0.0139086916353132,0.0101430139245617,0.00902809730391777,0.00840837058816931,0.00631983240932668
1256,0.00861328076711195,0.00855662382345934,0.00727988275989149,0.00771001957468766,0.00752916737307998,0.0106318683208657,0.0209210071658051,0.0791349973626554,0.0748494282912252,0.170066669861697,0.0340555624501156,0.0135124571666962,0.00993418382469291,0.00894207688563282,0.00836864825495995,0.00632869803194875
1257,0.00866148005012263,0.00856972936146324,0.00729059573714547,0.00777009891692791,0.00760372258894921,0.0108329433460722,0.0214580297365066,0.0831767176021041,0.0777990943268642,0.164648401937108,0.0327366366885559,0.0132703528010725,0.00985334083037736,0.00893165115096288,0.00840897560825377,0.00638785358852878
1258,0.00865366297015269,0.00855644692468109,0.0072739843322052,0.0077743912533067,0.00762953139149686,0.0109382595551775,0.0218231290419026,0.0859908226459129,0.0797425309283156,0.159727379392468,0.0317078935976258,0.0130696659843355,0.00975447227908849,0.00891214110268563,0.00838799458696159,0.00640132086017129
1259,0.00859641204777678,0.00848412946112944,0.00722577779739706,0.00775566870589999,0.0076307013453422,0.0110600626775408,0.022266313768561,0.0903883670045609,0.0828063406201705,0.150177132773008,0.0299341555959132,0.0126723594699134,0.00955724109154753,0.00880017651733758,0.00836291497056442,0.00641547246089525
1260,0.00860399854782861,0.00849202993273278,0.00724494359472634,0.00778712857776572,0.00769543110472077,0.0111750873551594,0.0226514646782544,0.0932865532542848,0.0849408164031396,0.145709057662695,0.0291978132189617,0.0125465570696171,0.00950113517175465,0.00878889674242697,0.00838176184054425,0.00644778850694562
1261,0.00857135652201301,0.00842657130501701,0.00720378130405082,0.00779814484666921,0.00772348348017708,0.0113293893802049,0.0231323460900563,0.0977015728101852,0.0881307196288681,0.137063541230363,0.0278613574152345,0.0122460185538261,0.0093432854683252,0.00870424233306442,0.00836592537910283,0.00646792110327153
1262,0.0085304948708651,0.00837087616739167,0.00714891821820584,0.00776900015339952,0.00772217596629046,0.011395814433525,0.0233980794075667,0.100526688048975,0.0901681675051206,0.130791035267086,0.0269048183922527,0.0120031473515554,0.00923768896439742,0.00862263156856046,0.0083266023411838,0.00646007399409525
1263,0.00853677917816387,0.00833770917890752,0.00713757083509632,0.00779560938838274,0.00776986155928281,0.0115590447554731,0.0239821520833194,0.105681431853639,0.0942072947385027,0.122269812773065,0.025708025407245,0.0117270792559693,0.00909208721743862,0.00857416478380753,0.00831273726968899,0.00648537538798236
1264,0.00858752181317315,0.00839334157835752,0.00717962504571581,0.00788279443754578,0.00786562421672178,0.0117669186637652,0.0245599389778599,0.109907561653004,0.0977063907662974,0.117716451774784,0.0251645309306064,0.0116642475192264,0.00908040571035515,0.008621976817261,0.00837469702387833,0.0065532459988947
1265,0.00858428871847385,0.00835048240516952,0.00715051646488756,0.00788453646069757,0.00790718713390291,0.0119183071064805,0.0251013975888663,0.114792577235059,0.102151689060567,0.110174830200152,0.0241624475911928,0.0114158273146823,0.00896539431558373,0.00856691763663792,0.00836635545437783,0.00657155559563773
1266,0.00857000868726846,0.00830864693768397,0.00712031260921601,0.00788015599555946,0.00791727372369493,0.0120343893336622,0.0254700015514635,0.11817225601795,0.105196387948615,0.104766870881741,0.0234304309751601,0.0112327727694565,0.00886663980819736,0.00850228902552685,0.00833745580653086,0.00658804352636495
1267,0.00862034163931818,0.00834241746470549,0.00715059197824949,0.00793322622718994,0.00804335195305481,0.012295484426912,0.0263013425432092,0.124305243013342,0.111197506279672,0.0982242814817639,0.0226625180236996,0.011072552951761,0.00880995425165158,0.00848150714840658,0.00840147099887974,0.00664366461113879
1268,0.0086204816257954,0.00834105240416374,0.00715050364309567,0.00794983450443171,0.0080286700643789,0.0123724702115917,0.0265779099508644,0.127158769580106,0.114452186561258,0.0938004109509016,0.0220537074196338,0.0109200319975343,0.00871923932895447,0.00842365502571289,0.00836991242512351,0.00666275549529055
1269,0.00864905911623828,0.00831672220414117,0.0071432589705475,0.00797237543620674,0.00811475130184166,0.0125983945791605,0.0273092538793427,0.132664838981226,0.12058715611844,0.0873271977654811,0.0212364206850051,0.0106897587166817,0.00862232611337153,0.00838626628023301,0.00838029008192571,0.00669334210418059
1270,0.00864632411513855,0.00829394235972722,0.00712834422194028,0.0079917378134519,0.0081490720527964,0.0126829354018065,0.027735623037999,0.135743922137233,0.124705229926435,0.0835155421270112,0.0207325200007107,0.0105840678234464,0.00855815670181882,0.00836421822920352,0.0084036689612398,0.00670330925860068
1271,0.00871356572242432,0.00832166096078459,0.00718131193059902,0.00804547264275072,0.00818033902714197,0.0129183400653919,0.0283708325117716,0.140285643197588,0.131170081875175,0.0785864472285788,0.020135616797642,0.010433213248281,0.00847121665086226,0.00834205491852246,0.00838953596665765,0.00676289502390007
1272,0.00874377807948834,0.00835240573502697,0.00716854049749116,0.00804828898560983,0.00823110227179034,0.0130269567778243,0.0289301686648615,0.143610904607634,0.135560957380284,0.0745238536828516,0.0195440871711898,0.0102901032450287,0.00839990801439167,0.00826968718303671,0.00839891142639661,0.00675520562653859
1273,0.0087750238334282,0.00832826781232295,0.00715819251895203,0.00810926487658116,0.00830217474265471,0.0132447549850125,0.0296273108420611,0.147519612853851,0.141442328348699,0.069872035091839,0.0189335876976732,0.0101225305199619,0.00834525688109606,0.00824406807022168,0.00839037713774825,0.00679524335845629
1274,0.00881378292844416,0.00831966375244095,0.00715477327011249,0.00812702521838462,0.00835515405833642,0.0133751005849912,0.0301019357524714,0.149793177035105,0.146177783735753,0.0672267306484185,0.0186261485924639,0.0100523181994734,0.00828139689578568,0.00823443434099539,0.00839064312253189,0.00681056964788552
1275,0.00882989393194285,0.00830736368329995,0.00715208760798089,0.00813302233405634,0.00838997266811955,0.0135435875570843,0.0308373948376981,0.152580922545904,0.152495067001679,0.0627635302735567,0.0180165568230653,0.00989652156123312,0.00819484518460315,0.00816891107804255,0.00837970881598382,0.00681036288052202
1276,0.00887188455814758,0.0083532450374106,0.00719399703676822,0.00818746033037678,0.00844423541913446,0.0137057885171366,0.0313661037855624,0.154354238248338,0.1565728690582,0.0606345246036193,0.0177459266491299,0.00983135658589346,0.00816365906930793,0.0081513378216814,0.00840741996829767,0.00682863523863873
1277,0.00892001760804899,0.00838491074776353,0.00722557293265623,0.00825415519647654,0.00854064393226293,0.0139130111360248,0.0321888426273707,0.15631519088199,0.161682594830137,0.057352624175726,0.017325591341765,0.00972733200469544,0.00810861008924357,0.00815827845114685,0.00842328749620126,0.00686990114405841
1278,0.00897394744906868,0.00841536685759783,0.00724412607223303,0.00830956778017035,0.00859780233965351,0.0140593802297671,0.0327843511332345,0.157145135839394,0.164699699179214,0.0552202156474229,0.0170350967336379,0.00964145532918114,0.00807322858865138,0.00813333949437867,0.00840317067119895,0.00687067652462931
1279,0.00896216951451852,0.00840790954737787,0.00726091446148104,0.00834547436851901,0.0086515023262676,0.0142378560496101,0.0335585309110528,0.157060437224889,0.167549706336228,0.0519627936338874,0.0165438933372874,0.00950713631492742,0.00798623496325076,0.00807740889144745,0.00834892685343979,0.00685941872246089
1280,0.00895453292128601,0.00839156677980932,0.00725040939837428,0.00835520456816507,0.00868835047035116,0.0143742697916535,0.0342225757459316,0.155678388429653,0.169020007309352,0.0491207002977458,0.0161018450728854,0.00938473806478946,0.00791083688455331,0.00800989745267508,0.00831942003589734,0.00683584627493549
1281,0.00899477566523543,0.00842986699245528,0.00727707401979029,0.00843216780111988,0.00880327791610848,0.0145566158551081,0.0349540272554091,0.15530206142155,0.170199033701791,0.0475611993777855,0.015896124581091,0.00932902825667555,0.00790997709138237,0.00802305825541732,0.00832270656248916,0.00685432919211249
1282,0.00894441339404224,0.00838506912735484,0.00728239305184227,0.00842443149848475,0.00880874723827201,0.0146493625032314,0.0356533619368724,0.15209910322706,0.168821349236753,0.0448024200426554,0.0154170926146394,0.00920511897723981,0.00780615251232736,0.00794075866811837,0.00826655913972196,0.00681100451478793
1283,0.0089375296983078,0.00838710109481812,0.00727529371668182,0.00848007626534661,0.00886140699805314,0.0147750148791069,0.0362931381571992,0.150143309448062,0.167718323233257,0.0432670162378807,0.0151954438082087,0.00910866876555359,0.00778478511855808,0.007921136402343,0.00823615488557024,0.00678700269460484
1284,0.00886208182459699,0.00834713287248461,0.00728805939023647,0.00847865591995878,0.00890402171800558,0.0148733657672957,0.0370380015280206,0.146134680320302,0.164254821744316,0.0410745514158573,0.014789898766464,0.00899017532786785,0.00769594174173817,0.0078409012722562,0.0081734357508288,0.00672954487161801
1285,0.00879911214476365,0.00831098089765194,0.00725967733111136,0.00848670166209923,0.00891869747011133,0.014944192300021,0.0375963771382404,0.142781037360796,0.160504448659863,0.0394545562256998,0.014479351220747,0.00885150894418303,0.00761372551690945,0.00775784868878263,0.00811748627813127,0.00668765034508251
1286,0.008738566469037,0.0082543859121559,0.00724485669987784,0.00850436055955421,0.00899039849792834,0.0150908291759848,0.0384938434747722,0.137582557070259,0.15496521767707,0.0374371673635039,0.0141012447685012,0.00874728367209543,0.00754958125552532,0.00771416896516314,0.00804401480280797,0.0066267503703259
1287,0.00866935622088011,0.00823253102318717,0.00724283182841419,0.00856842445038351,0.00905032761192359,0.0152394835602737,0.0394536572761645,0.132590493670867,0.148805357627104,0.0356534916535067,0.0137472594980163,0.008623012338639,0.0074870888644123,0.00767008569960401,0.00801526138139681,0.00659258690303485
1288,0.00858181238833149,0.00815139489064926,0.00722548833102371,0.00852603268334452,0.00904713996230114,0.0152395015479383,0.0399280175161439,0.128096707839852,0.143085852900493,0.034230475329279,0.0134197217159245,0.00850050616107541,0.00740340770320465,0.00760075163312653,0.00792687083935335,0.00651134624371036
1289,0.00850089040778398,0.00811698863656999,0.00722668652327032,0.00857134960976894,0.00911405925251993,0.0154307056643617,0.0411106887674576,0.12237978198693,0.135394515441622,0.0325384621982795,0.0130844871804751,0.0083969359355395,0.00733155288459377,0.00755663853547053,0.00787162426747243,0.00647850845809661
1290,0.00846297008357202,0.00807691167528858,0.0072207897178464,0.00859160522633416,0.00916997150221859,0.0154928264678223,0.0417857799407472,0.119060945536259,0.130761190759539,0.031632609370159,0.0128816962081498,0.00832544980331588,0.00730215947268308,0.00753605440539915,0.00784085714099322,0.00643479909719433
1291,0.00839399196933333,0.00804200119846464,0.00724105754209086,0.00863067224793079,0.00925593714476195,0.0156625333275525,0.0431203216941704,0.112868956065565,0.122315534555825,0.0300834783560809,0.0125408705585601,0.00821245057597149,0.00721661435379704,0.00748728789085865,0.00778489411817516,0.00636823461076809
1292,0.00831014849166909,0.00797349702319074,0.00721338688201104,0.00864869620621618,0.0092988152235545,0.0158039607799814,0.0443937103580647,0.106686076551088,0.113639277243539,0.0285163087725411,0.0121752990040106,0.00805489323854084,0.00712463059137664,0.00740988428910015,0.00770218543112036,0.00628799827558286
1293,0.00825220715914386,0.00795717132848518,0.00722306354114439,0.00870884828798629,0.00938886247521758,0.0159801500889894,0.045383149392104,0.103734707632993,0.109596876433958,0.0278836525266605,0.0120454735115836,0.00804369204008408,0.00713690933368295,0.00740601033766514,0.00770984492988062,0.00630094268096135
1294,0.00819262800718371,0.00792315778498376,0.00720823678731043,0.00873290059058853,0.00947833627724624,0.0161475264988238,0.0469386549695247,0.0979261477456982,0.101693599749719,0.0265274172567114,0.011722946686825,0.00793032785625489,0.00707046968680516,0.00736428548342765,0.00765135464866959,0.00623287540091121
1295,0.0081492052190543,0.00788655246475122,0.00722148340951172,0.00876447711282687,0.00954359268083177,0.0162946090551477,0.0480196528005318,0.0943881012356917,0.0965930824405172,0.025714812074728,0.0115145735352402,0.0078433433918192,0.00702046400507098,0.0073282843499087,0.00757265050085444,0.00620771028756084
1296,0.00807837655947561,0.00785816097928842,0.00722807927744848,0.00881085972076066,0.00966289455830439,0.0164816709860983,0.0497827071616358,0.0896382306656848,0.0904633711516161,0.0247771996905425,0.0112935049487935,0.00780458411060302,0.00697479221658258,0.00731565405626595,0.00755690020920288,0.00619989059893262
1297,0.00798309210472506,0.00779591957008872,0.00722449283199305,0.00884341708484012,0.00972492445253175,0.016672560386391,0.0514650312544696,0.0842425288807518,0.0833298390139519,0.0235845924507923,0.010980682062839,0.00764474018145679,0.00688124543565204,0.00723141971756249,0.0074873812466735,0.0061167376494946
1298,0.00798256727641042,0.00782034245531114,0.00725661120199113,0.00892149651256084,0.00982765954562922,0.0168693755528022,0.0530095829541384,0.0815523712582229,0.0796808214659741,0.0230295148766645,0.0108578326138642,0.00762324536816188,0.0068677733391971,0.00723143118160853,0.00748653444419565,0.00613502992538304
1299,0.00796642041128216,0.00780307693902182,0.00728045190646095,0.00899175456112195,0.0099855156463744,0.0171685191345873,0.05529132814322,0.0777619096318936,0.074685792115734,0.0222643180327118,0.0106778755946874,0.00757763832017979,0.00686843816977304,0.00724842767852053,0.00748834930556828,0.00612038707407731
1300,0.00789696842411827,0.00775416543453209,0.00725564647088629,0.00901262148935679,0.0100454477049417,0.0173178952656002,0.0568082496201787,0.0743848976167626,0.0704174528648491,0.0215130736854092,0.0104781339574379,0.00748190778368414,0.00680830860762436,0.00718754765987173,0.00744897475945138,0.00607699176022882
1301,0.00783578973211277,0.00772379707697927,0.00729578554349877,0.00903641183610732,0.0101678342582966,0.0175667926411474,0.0590651229361341,0.0707494956225997,0.06584942748238,0.0207598131932357,0.0102768625071488,0.00740251054611694,0.00675261861550503,0.00714677075971183,0.00741305301071609,0.00603335046624067
1302,0.00783251058000741,0.0077019192706022,0.00730124138947261,0.00912268636461152,0.0103208562544362,0.017906921936488,0.0617158487364736,0.0674749239513542,0.061704556571145,0.0200671850668704,0.0100887212249537,0.00736300852046192,0.00672331088637079,0.00714829677454766,0.00742069736793332,0.00602490034242711
1303,0.00775729673102911,0.0076601504503634,0.00728486291744946,0.00912803340068394,0.0103576527190133,0.0180210666418561,0.0634652603668747,0.0645469271389768,0.05825391179897,0.0194350695803696,0.00989069502365857,0.00725743596780995,0.00665010066414429,0.00710551717612637,0.00736789146511903,0.00598668795415249
1304,0.00777913543152696,0.00768155171597299,0.00735602435950672,0.00926860044315987,0.0105656331526972,0.0184576724455459,0.0666670833652312,0.0620945985901251,0.0551118159701382,0.0189408327106968,0.00979803416015074,0.00723843438602021,0.00668874928256522,0.00714110859463541,0.00738750734113425,0.00602220469015875
1305,0.00775886173460218,0.0076672040325895,0.00736987538947518,0.00930421457005573,0.010655013800493,0.0186584177374033,0.0686490529142416,0.0601196472881321,0.0527494164510512,0.0185209038905235,0.00966583776387429,0.00719786946942028,0.00664044254251623,0.00714336093228759,0.00739053486482008,0.00601616552290229
1306,0.0077286977390466,0.00764370554860129,0.00737791856707714,0.00937880663500347,0.0108258064800283,0.0190714989000533,0.0721316453395266,0.0572149317776087,0.0492305170769642,0.0178809437630564,0.00950211317230381,0.00712624189218006,0.00659392599399151,0.00710017487654712,0.00737525048888424,0.00601050502568048
1307,0.007702792143573,0.00762969859430453,0.007412282577858,0.009444992393186,0.010944298375056,0.0193840699610595,0.0753882184431329,0.054704843152159,0.0463726542345666,0.0173636639265836,0.00936843166918645,0.00705506074607708,0.00657571052661938,0.0071041280913759,0.0073851501599055,0.00599822561656405
1308,0.00771092849474935,0.00766258998878071,0.00744113218236624,0.0095242689046185,0.0111014234666075,0.0197062364092259,0.0780890735888126,0.0532889244882722,0.044586564174868,0.0170505535256448,0.00927033775220484,0.00703825776827989,0.00656591461443726,0.00711410849371447,0.0074050994585635,0.00600668790236956
1309,0.00749679247860869,0.0074627527510181,0.00727901142574412,0.00937526879968214,0.0109585389823123,0.0196296521026832,0.0801413898249753,0.0495393690766505,0.0408173024941706,0.0161492536050853,0.00890763367994717,0.0068321045166385,0.006384197038592,0.00694896458797845,0.00723016965878207,0.00588240595416398
1310,0.00761949647473543,0.00761502690648511,0.00743885142461827,0.00961039076902225,0.0112842048944801,0.0202459283587584,0.084168881857032,0.049120766261972,0.0399470751098503,0.01609641594769,0.00896408166969123,0.00691883032570234,0.00648496836164572,0.00707133314877122,0.00736605770571332,0.00600415609026227
1311,0.00757708669517998,0.00757857451348937,0.00746289663993378,0.00965718716792954,0.0114384556493935,0.0206422648906317,0.0881556122733821,0.047152010718482,0.0377116218235235,0.015676039171627,0.00886112883379033,0.00683373322080663,0.00644598183162525,0.00705721217679555,0.0073860992774163,0.00598738795562961
1312,0.00756191719706895,0.00760397954721755,0.00749789308887816,0.00976958155960346,0.0116695104173326,0.0211758831366431,0.0930195960498385,0.0451851755287812,0.0354449519667923,0.0151884299208291,0.00871707033948049,0.00681145273108549,0.00643437059829561,0.0070559910079356,0.00740327645993282,0.00601173721785718
1313,0.00756097280645706,0.00759417423628609,0.00752031038116084,0.00982886542654248,0.0117940463034739,0.0214676614265922,0.0957764142250079,0.044086291499614,0.0342894067460915,0.0149831963887343,0.00866170990721412,0.00679241439880564,0.00642720499356387,0.00709824295150339,0.00741368227802329,0.00601771738035577
1314,0.00758020598452397,0.00762739967728264,0.00760193006531764,0.00998621362629478,0.0120046614997892,0.0220272553426821,0.100733087596035,0.0426330258860441,0.0325807678215697,0.0146379529953372,0.00858288921362857,0.00676637007911597,0.00643759769165154,0.00710617047119137,0.00748732588055789,0.00606195628459051
1315,0.00760955055606688,0.00765053084315242,0.00765654629813745,0.0100919493095764,0.0121738357706383,0.0224504844802976,0.104467116054141,0.0417101842540345,0.0315119425992941,0.0144375289220687,0.00855161377425867,0.00677182926438606,0.00643731971704946,0.00715061722129772,0.00752629185253614,0.00610073461926402
1316,0.00760282584315373,0.00764717691342722,0.00767837300522976,0.0101727635460204,0.0123536601841498,0.0230004525801954,0.109158054573115,0.0401799733958069,0.0298735168520436,0.0140757450581358,0.00843327401571669,0.00669827296032218,0.00642161343384906,0.00713954490504679,0.00753136395941434,0.00610414662722117
1317,0.00758476628326778,0.00763557477075059,0.00771912650572233,0.0102657381457423,0.0125415027555668,0.0235236179372072,0.113936956482595,0.0387799515204307,0.0283730750009719,0.0137434338707346,0.00833304758781895,0.00665251733749958,0.00640838508395019,0.00715878876259064,0.00757814217968043,0.00612997042883856
1318,0.00759439158472639,0.00764603103514864,0.00775911012366452,0.0103585576068854,0.0127004110785878,0.0239433740143789,0.11735143797513,0.0378730817240688,0.0274403967719475,0.0135246423054432,0.00826488578047071,0.00662654410672879,0.0064018096857752,0.00716930547832195,0.00759796557754825,0.00615314521073859
1319,0.00759209003174854,0.00766107476242431,0.00778321166263715,0.0104495298243952,0.0128985700190531,0.0244948627698486,0.122005447983942,0.0365955427065265,0.026099250688525,0.013208897833573,0.0081803391383247,0.00658173056980494,0.0063885379092136,0.00717899764617531,0.0076208781660916,0.00616551657930294
1320,0.00759166292317441,0.00763536895816812,0.00780228079870444,0.0105435976429645,0.013051663678224,0.025009620865745,0.12606590563297,0.035313656689653,0.0248377096107181,0.0128878248232429,0.00807257071320298,0.00651948659419802,0.00636972491129397,0.0071847474032093,0.00764339255710295,0.00617870943147885
1321,0.00761933821922104,0.00767880807258508,0.00785494489942763,0.0106813108123185,0.0132840666580405,0.0255645985536055,0.129778769909411,0.0347722134374008,0.0242183933275862,0.0127587099048645,0.0080595816911602,0.00654281198219029,0.00639364437294417,0.00723846279540351,0.00770861958249,0.00621589792267425
1322,0.00766808873075497,0.00773420277065148,0.0079530630406537,0.010841119020858,0.0135167273161493,0.0263259365921167,0.134125460292765,0.0337880427071982,0.0231962971735791,0.0125333495520593,0.00798918002688032,0.00651314650362245,0.0064159562337348,0.00724801681766509,0.00775144843147166,0.00624360082706352
1323,0.00763560035678777,0.00771714486685679,0.00796101984348179,0.0108806965522282,0.0136183282615158,0.0266448627250662,0.135984336623828,0.0329296321109427,0.0224167384537534,0.0123382321666762,0.00791467093393527,0.00646958044286711,0.0063844314257648,0.0072498804520505,0.007751352327362,0.00625740584287449
1324,0.00767873493527615,0.007755552707509,0.00802479519632514,0.0110284334052624,0.0138404693988289,0.0272896781136026,0.139248638959107,0.0320351163157662,0.0215719738476339,0.0121173852596848,0.00783181063981764,0.00645565412610622,0.00636852903790023,0.00726287331683397,0.00779157214526467,0.00627685525030999
1325,0.00767644173623885,0.00774457358227151,0.00806505969601175,0.0111639656395883,0.014046404574823,0.0279671100976808,0.141629128894951,0.0311022681552426,0.0206348236353135,0.0118683248268745,0.00775123589935417,0.0064165790515505,0.00635739327162953,0.00726234034450402,0.00780797019726658,0.00627474330676947
1326,0.00768887897344939,0.00775594422765333,0.00809469997189937,0.0112382979760024,0.0141485418610128,0.0283837972467177,0.142485420151874,0.0303568681119699,0.0200812851238038,0.0117182802756733,0.00768947500242551,0.0063918848608982,0.00635787614873172,0.00727646198250679,0.00782340621941103,0.00628424903991769
1327,0.00769229704598936,0.00775399079921726,0.00811234772383115,0.0113486638043803,0.0143232687434801,0.0289689918526423,0.143351269716737,0.0294615546529433,0.0193182256945845,0.0114940554077538,0.00760815855466144,0.00632816024949043,0.006330963421251,0.00726512041046149,0.0078418730001991,0.00627910474368042
1328,0.00773000825382462,0.00781805807050348,0.00821734484787765,0.0114927960240106,0.0145022793508582,0.0295533784671381,0.144296323732304,0.02901261192831,0.0188860227362611,0.0114004815171987,0.00758540967289361,0.0063515257590721,0.00634624221390872,0.0072800207624502,0.00786367638483166,0.0063071439796997
1329,0.0077447663481602,0.00781833262426206,0.00825513238861681,0.0116121654632041,0.0146927004068982,0.0302195277385847,0.143834334775219,0.0281112920509822,0.0181648331272439,0.0111636007571087,0.00750209764767486,0.00631438303418724,0.00633729827606218,0.00725849099943504,0.007840185600876,0.00629076270794691
1330,0.00771702742996912,0.00783724108343989,0.00827942824827664,0.0117116409042467,0.0148368389807629,0.0307798885056516,0.142054802413848,0.0272309106118226,0.0174804882813572,0.0109692340051072,0.00741180644513361,0.0062542951111329,0.00628740712129603,0.00722475881325462,0.00783662649041811,0.00626134021967825
1331,0.00772939871858359,0.00782031476882451,0.0083224629112944,0.0117884979912095,0.0149830665770524,0.0312670833189674,0.141012795033826,0.0266797616336969,0.0170945004046693,0.0108708217521342,0.00737298599241308,0.00625480802199972,0.00629857508902348,0.00722474270088101,0.0078251280315859,0.00628163299856267
1332,0.00773639076711616,0.00783426146442303,0.00835777374335077,0.0119391801527935,0.0151251206695629,0.0320008444410152,0.138132074883871,0.0259076812894985,0.0165016454844574,0.0106902327737927,0.00730998343081095,0.00620147918011938,0.00624738728862206,0.00719344746307339,0.00779766879882786,0.00623749938832917
1333,0.00776136860495987,0.00787437203376395,0.00840853499927128,0.0120587539345778,0.0152835650993185,0.0325159877650961,0.136483041166852,0.0255145766454906,0.0162281878999833,0.0106199073891318,0.00728031610236336,0.00621644460329505,0.00626080215412345,0.00718734267582703,0.00781828447881017,0.00626222159574996
1334,0.00777986421773659,0.00789519289404315,0.00846836484384764,0.0122130178378042,0.015453757356962,0.0332493411172282,0.132507491634135,0.0246633096154443,0.0156424030751161,0.0104331980038616,0.00721856069795715,0.00615742517746099,0.00621633771806379,0.00713374083528204,0.00776225956665284,0.00623124330062594
1335,0.00778236789269761,0.00791644006322516,0.00853077652183847,0.0123396281758314,0.0156736895476536,0.0340921200029976,0.12864077182752,0.0239668892210307,0.0151732152682983,0.0102857550484754,0.00715555516592515,0.00614308392623145,0.00619178777448919,0.00711325036342391,0.00774675589331653,0.00621773946005718
1336,0.00782061778179999,0.00796514186599421,0.0086011255375693,0.0124872819911597,0.0158281634155526,0.0346671601194375,0.125797413233227,0.0235678713175932,0.014929569105475,0.0102330870637519,0.00712780787547466,0.00613620611787352,0.00620269419534786,0.00710743249689381,0.00775980207426299,0.00621699270663266
1337,0.00777759155046819,0.00793475371299507,0.00860946713487771,0.0125937871693435,0.0159627700403447,0.0354223192645005,0.120361466108815,0.0227201327412771,0.0143965488187681,0.0100179514023876,0.00705249247053286,0.00608478265575392,0.00612965988676686,0.00704251975252999,0.00766545845920955,0.00616278355727641
1338,0.00780486340455655,0.00797126348112692,0.00865630304868999,0.0127186506634745,0.0161115634886355,0.0361312211198093,0.1174021359197,0.0223530462238907,0.0141554993790539,0.00996536549623799,0.0070352804657374,0.00610127338300794,0.00613167958830553,0.0070352804657374,0.00766129057480541,0.00617854091647005
1339,0.00781904952799486,0.00800370547320286,0.00872830475186712,0.012865991808293,0.0163009678002284,0.0370179237649926,0.112476768436647,0.0216701651528542,0.0137709969388105,0.00983671488670064,0.00698638668719462,0.00607415262434971,0.00611609030032332,0.00699104642896947,0.00763050637714839,0.00616447992644673
1340,0.00779359466324628,0.00801216845439077,0.0087592863419149,0.0129943098265571,0.0164886036517675,0.0380636103005511,0.106726550233228,0.0209999078048007,0.0133216561398499,0.00968186237071859,0.00690784562405203,0.00602003144081161,0.00607335039014769,0.0069250221983348,0.00754838870668014,0.00610841922930834
1341,0.00781299549339728,0.00804706210480906,0.00880573391683926,0.0130999287663375,0.0166117272095416,0.038805117579885,0.103426751039012,0.0206049443900051,0.0131044625585953,0.00958745847946099,0.00689558824594535,0.00601119850468914,0.00606387487906705,0.0069052634983821,0.0075438301592081,0.00610651765832535
1342,0.00783832732643458,0.00809178128661872,0.00887596549624857,0.0132784284176857,0.0168764075146339,0.0400249325167401,0.0988035829131918,0.0200946197197068,0.0127730165897125,0.00946858387397541,0.00684227445365412,0.0059727069619073,0.00602696509878902,0.00685233556512888,0.00749948062820162,0.0060600230364918
1343,0.00787573108772708,0.00815417395903448,0.00896201173940022,0.0134757722073467,0.0171434801688943,0.0412134803548341,0.0953944677888036,0.0197495322399339,0.0125827748285996,0.00943294084387938,0.00683847559741112,0.00598316929679964,0.00604604352422102,0.00686413117296812,0.00750841133096991,0.00606880833070117
1344,0.00787065094982392,0.00818473795955868,0.00901575164989569,0.0136379815396653,0.0173823148021466,0.0425042476842007,0.0908572752692097,0.0192674587625336,0.0122814262469446,0.00930556544001193,0.00677047883518281,0.00596463307179869,0.00602865223702266,0.00683666814160081,0.00745732852309414,0.00604601336657492
1345,0.00789213879256186,0.00822557613867189,0.00906981112137602,0.0138098974662806,0.0176472257362957,0.0438952934469516,0.0866243302186201,0.0187943194139966,0.0120013988821359,0.00918461958188931,0.0067106797237281,0.00593136328350699,0.00600352892873919,0.00679118612192684,0.00742036900875031,0.00600316628730587
1346,0.00790310586979864,0.00827309405266774,0.00915790001726166,0.0139721634217788,0.0179241261583602,0.0452970675584172,0.0832477490932662,0.0184954520505902,0.0118003404665426,0.00912266081181892,0.00670254880606539,0.0059361375269754,0.00601915024509061,0.00678920243286986,0.0074209000904571,0.00601259660944994
1347,0.00792736511091893,0.00829007833606599,0.00922124048455826,0.0141589013921823,0.0181801539144675,0.0469149977669313,0.0793625159515173,0.0180847412327307,0.0115503979246323,0.00901840441893838,0.00665456558373901,0.00588570703342266,0.0059914797941398,0.0067446547971774,0.00739752804436254,0.00599257399511274
1348,0.00794895706437881,0.00833564373004,0.0093031560457684,0.0143302472451085,0.018411315295276,0.0482025100369254,0.076855902409648,0.0178899385828711,0.0114139905661923,0.00896903536330702,0.00663810375519621,0.00589211779141954,0.00597996697262975,0.00674571900217871,0.00739177652232877,0.00598655566122051
1349,0.00793888226353811,0.00838274248143429,0.00939636940632468,0.0145334421934319,0.018765736319965,0.0503662084213276,0.0726208970091642,0.0174226780601134,0.0111106548645184,0.00884610109062572,0.00660433117064328,0.00586929459017479,0.00595031358482992,0.00671027908673076,0.00734303376896946,0.00597084328483303
1350,0.007954733708407,0.00841151645790257,0.00944617134717992,0.0147070892953777,0.0190649183875565,0.0522764757690415,0.0694240893703483,0.0171196197290447,0.0108817868062725,0.00874287092335342,0.0065403307866294,0.00584500467668864,0.00593619498618907,0.00668667652526315,0.00734192302336702,0.00594428444912863
1351,0.00800115414347241,0.00845948670927526,0.00952545106546821,0.0149136376392908,0.0193453324761987,0.0539446695611024,0.0673531940172008,0.0169698776520085,0.0107839421164672,0.00872039399410783,0.00654168027125218,0.00584006059779019,0.00596413649793926,0.00669714441995086,0.00731493900610976,0.00594087226666131
1352,0.00799661023750052,0.00849434122306927,0.00960580662552078,0.0151396467204725,0.0197292593297241,0.0564493115973425,0.0637923282056049,0.0165853291674859,0.0105186495607178,0.0085782689383075,0.00648162138318753,0.00577769144835246,0.00594647213052435,0.00666074311372006,0.00727751278380115,0.00592025018646701
1353,0.00799408809626947,0.00851679546990603,0.00963935073657824,0.0152677941344158,0.0199645037925929,0.0579318514253319,0.0619423376751932,0.0164010378523405,0.0103933718755115,0.00850944680813821,0.0064233957920939,0.00576242481624999,0.00592360118396137,0.0066189515226428,0.00724591280621735,0.0059173167843029
1354,0.00801486157934423,0.00856516572196218,0.00972539700361644,0.0154733149778777,0.0203484877113305,0.0605015192699243,0.0593476823731658,0.0161588661702257,0.0101981460521787,0.00844419807169669,0.00639366017903938,0.0057535157573801,0.00593366062647472,0.00664274938075046,0.00723100021871994,0.00589992979707634
1355,0.00802693249109878,0.00862232794660802,0.00982523681126644,0.0157480103701167,0.0208164353514579,0.0636769790900832,0.0564280631522196,0.0158905932549416,0.00995877074918173,0.0083392255555902,0.0063761366267807,0.0057179332013885,0.0059085929174959,0.00661325338872323,0.00718894910071224,0.00588443525366163
1356,0.00803496038243278,0.0086373801210754,0.00988834172744409,0.0159085123770563,0.0210908649130826,0.0654508061325943,0.0548928621355317,0.0157207514723876,0.0098573864174452,0.00827555328211622,0.00633499913431936,0.00570403054032058,0.00591286439355558,0.0066242396048427,0.00717852411013131,0.00586968306204887
1357,0.0080820983196273,0.00873130537069997,0.010009355387178,0.0162165078172221,0.0216057221530672,0.0687285992029313,0.0529207582467221,0.0155660551572305,0.00971257615625341,0.00823712966004283,0.00633608062836105,0.00571701242407595,0.00593885768856552,0.00662163145866689,0.00718561308545204,0.0058908911448921
1358,0.00811409929347104,0.00874633494587418,0.0100741115001136,0.0164268194752665,0.0219830244006825,0.0710759555749802,0.0516563888007433,0.0154515966500485,0.00963337547243154,0.00819440790865834,0.00632298942818881,0.00570707479174513,0.00594795415840797,0.00666307652152715,0.00719256018397325,0.00589308927926168
1359,0.00814053813368935,0.00878548305390176,0.01017475248571,0.0166876904574484,0.0224973915472439,0.074513503407399,0.0495055907641373,0.0152364332162963,0.00943215362595693,0.00811284604555538,0.00630175476460649,0.00567071381755657,0.00592546320405198,0.0066483192918772,0.00718039555850129,0.00587917934210377
1360,0.0081519563063575,0.00883678456978937,0.0102732436142709,0.016927109529552,0.0230116060017506,0.0777739589176679,0.0476515823453146,0.015067852670955,0.00932022568337141,0.00810467883124845,0.00627770405167376,0.00568605834906227,0.00593983626994024,0.00667854495790449,0.00716611531703557,0.0058764860608652
1361,0.0082356102598535,0.0089418485760374,0.0104258534197067,0.0172441444620258,0.023527660125674,0.0809472639324855,0.0467473603928736,0.0150316887800428,0.00924769334160249,0.00808061156624221,0.0062794567132912,0.00570416134761743,0.00599540226252131,0.00670232339233346,0.00720764529143941,0.0059125688075032
1362,0.00821597991466894,0.00899006241640181,0.0105015820248387,0.0174911430301327,0.0240403699027614,0.0844124551757373,0.044881227892956,0.0147857992751209,0.00908213284162089,0.00801373386286,0.00623050475623295,0.0056853450612178,0.00596114510150343,0.00669800097836547,0.00715905681494187,0.00589484701489631
1363,0.00827589425256498,0.00904817294526992,0.0106523913455669,0.0178713633010235,0.0246650003245231,0.0883097009962101,0.0433792556890173,0.0146665593781409,0.00897785095973483,0.00796647897938272,0.0062312214277438,0.00568456955405087,0.006001734378955,0.00673327199793459,0.00718042865612274,0.00589728346306109
1364,0.00829881350987407,0.00912224230959972,0.0107412082358551,0.01809719949707,0.0251442219671871,0.0910003207381758,0.0424679156834313,0.0145589255308044,0.00890117008517462,0.00792834745848167,0.00623382071050723,0.00569604594690956,0.00602506911067765,0.00675014576843434,0.00716994715084393,0.00588296481061017
1365,0.0083353215236663,0.0091836342481827,0.0108857029674123,0.0184281331575591,0.025772663135321,0.0947336852140399,0.0409895296506675,0.0143979029166618,0.00879146348115222,0.00788620256152255,0.00620841007713414,0.00570333867712652,0.00603080678544572,0.00675354816333611,0.00718156824373922,0.00589866377232397
1366,0.00841904006931738,0.00926940967712324,0.0110484557008206,0.0187925037163572,0.0263913784500712,0.097882961816859,0.0403127549914045,0.0143940960759692,0.00878299896348373,0.00791886244285258,0.00624068518095066,0.00573945191660446,0.00606932338117418,0.00682409421746239,0.00720342692878578,0.00593651798634741
1367,0.00844274195813002,0.0093146441550988,0.0111722861463912,0.0190809956822065,0.0269891746887298,0.101084587661232,0.0390684181610434,0.0142327764799723,0.0086488912711804,0.00785483654358564,0.00619858523823586,0.00572901327885555,0.00607972115829247,0.00681330475398269,0.00717499677282032,0.00592358946252525
1368,0.0084738204057715,0.00940109031549397,0.0113373336374739,0.0194451122122257,0.0276848968063906,0.104457156357989,0.0378794203615753,0.014077821440306,0.00852769895757867,0.00778679168131528,0.00620572732348577,0.00572882262787884,0.00610270954520204,0.0068258227533867,0.00715436593818348,0.00592570988753308
1369,0.00851958517118263,0.00944179251542521,0.0114328324817088,0.0196576867514407,0.0282520831443513,0.106633440216592,0.0371779345323399,0.0140022740862318,0.00852862715227438,0.00781226432239069,0.00623483046751135,0.00575439171620396,0.00613173547980415,0.00687031441517528,0.00719691611451333,0.0059404459518318
1370,0.00857380455938108,0.00951308960658713,0.0116108410015754,0.0200644017804944,0.0289532702401754,0.109287081129265,0.0361536165898866,0.0138748194436909,0.00839304004645402,0.00777564952891534,0.00622190762168314,0.00576345986503002,0.00614842534546091,0.00688243163794738,0.00717187015928938,0.00594063379769917
1371,0.00862182112871666,0.00958835464810652,0.0117658686831735,0.0203552863783287,0.0295283652589041,0.111066485561618,0.0354899715551898,0.0137934500292455,0.00835979520591207,0.00775438685915603,0.00621063386390607,0.0057690881990452,0.00617998247628908,0.00688869226294663,0.00716455475149948,0.00593021508800474
1372,0.0086873490785459,0.00967961146602721,0.0119370083975472,0.0207827933218196,0.0303519790141381,0.11318484370793,0.0345197154184788,0.0136578865177223,0.00824754244467277,0.0076977528790105,0.0061947214031835,0.00578979897521886,0.00619007198073296,0.00689002139692237,0.00718124431223305,0.00593900316840416
1373,0.00869235344298347,0.00969996638705871,0.0120689535589558,0.0210560510573341,0.0310177736076623,0.11386113079745,0.0334829959818278,0.0134665141509898,0.00814716402651375,0.00764568882589426,0.00615047464494712,0.00576357401972214,0.00617752762984076,0.00685943461414405,0.00713039387553913,0.00592030956712183
1374,0.00878969274189467,0.00980908289058802,0.0122502166218383,0.021484158330566,0.0318084272786735,0.115096920231281,0.033119394612745,0.0134736098746199,0.00816850638522643,0.00766440277742488,0.00619274325795006,0.00583431240609575,0.00623111541727266,0.00691788985969425,0.00718693102221749,0.00598867313791622
1375,0.00886781905364468,0.00991146085205773,0.0124658018972721,0.0219471630833283,0.0327731559808954,0.115677068037134,0.0323025021343606,0.0133296611984851,0.00804902102687309,0.00758922790925863,0.00617082585192717,0.00584541467570684,0.00622365522432856,0.00692553117194704,0.00718834620103631,0.00597682219025147
1376,0.00884144983331495,0.0098877464615419,0.0125229540158902,0.0220590617486893,0.0330956448752705,0.114529124175512,0.0315872210990923,0.0131526836082106,0.00797440642890518,0.00754125408951779,0.00614601909706218,0.00580168799654922,0.00619706427971299,0.00688035330361777,0.00717543028052028,0.00595392801498148
1377,0.00889225267675401,0.00992583493286645,0.0126889448308737,0.0224581885731656,0.0340368736923166,0.113432222635149,0.0307368944197149,0.0129575544404666,0.00789719266756219,0.00747120399320921,0.00611807285417968,0.00578613004129192,0.00617739687667395,0.00683267825491214,0.00712295839551385,0.00596772494984307
1378,0.00892283979105741,0.00999467022724105,0.0128703853439149,0.0229079366719213,0.0350166669173309,0.111831914249517,0.0299600166880706,0.0127544237359451,0.00782695707591383,0.00741190321187387,0.00608346630443337,0.00579408124912472,0.00619511880608789,0.00683905751971171,0.00711158076864804,0.00595996496586858
1379,0.00896648964793132,0.0100284087751626,0.0130279952018722,0.0231722471480191,0.0355699778017925,0.110362630853734,0.0294571328658126,0.0126538670743558,0.00775778910175224,0.00737437727820653,0.00605517499999416,0.00576465815479227,0.00618855694779126,0.00682303477481237,0.00710898374508971,0.00595011387672933
1380,0.00897169243785216,0.0101091030612332,0.0131916794735305,0.0235951211069591,0.0366458812918732,0.107516626477106,0.0287314835950663,0.0124222701453165,0.0076779303866241,0.0073106211528895,0.00602610061540354,0.00576481123153371,0.00614852291413975,0.00679398078023778,0.00709044373501317,0.00596032146981393
1381,0.00908833033060992,0.0101917886992401,0.0133955061308365,0.0240661871092057,0.0377077761825718,0.106476649090153,0.028548911391318,0.0123685753371622,0.00766391429450958,0.00733034680097594,0.00605091811316093,0.00581429259240375,0.00618115386489551,0.00681949247903117,0.00713545174996469,0.00599497176910594
1382,0.00911905485067046,0.0102529998223359,0.0135746867943086,0.02448939023079,0.0387361110430566,0.103259983822245,0.0279104475202754,0.0121721181930634,0.00757278599868106,0.00724510763222123,0.00602014001232255,0.00579572193851726,0.00617673193400414,0.00678898813941615,0.00709989593740604,0.00598736495894734
1383,0.00916565810065233,0.0102882834609203,0.0137697935223448,0.0249441102002752,0.0399634770880563,0.099148008275454,0.027187146992016,0.0118841531465409,0.0074685909870058,0.00717143131390688,0.00596274792398051,0.00577256731602044,0.00615202720204505,0.00674825692794832,0.00706011707180703,0.0059794225270481
1384,0.00920610682441977,0.0103917343802595,0.0139843375643187,0.0254010967993226,0.0409664067251328,0.0969655973396533,0.0269616501554975,0.0117613369732709,0.007485769511634,0.00721258471221624,0.00598167293923252,0.00580338432836875,0.00619597945128089,0.00676506228999758,0.00706491131735938,0.0060046343512377
1385,0.00929773454828247,0.0105080991365098,0.0142308798379352,0.0259872105545532,0.0423895430375119,0.0936735498784496,0.0264833113182075,0.0115884976294361,0.0074011910308302,0.00712112799295431,0.00593605874252848,0.00577313961770535,0.00614048876764902,0.00671717783414626,0.00704569420639237,0.00596864256749311
1386,0.00931155335736594,0.0105356526427467,0.0143889588711357,0.0263503206409766,0.0435784443998031,0.0904141258610706,0.0261253177997323,0.0114099715984066,0.0073279252826844,0.00709260634587042,0.00592590146981522,0.00575757975377984,0.0061430764543569,0.00670666552467058,0.00702776473494386,0.0059956284075924
1387,0.00934846712086541,0.0106164124389514,0.0145885427944032,0.0268422460847605,0.0449382457203163,0.086336816386396,0.0256016329838726,0.0111738777849868,0.00727523449241024,0.00703058844344897,0.00589606913449797,0.00575837834593587,0.00612262107094999,0.00664742973150779,0.00697691982937684,0.00595853588202455
1388,0.00941842115561488,0.0107334154979717,0.0148267276048741,0.0274859071728368,0.0467130623829642,0.0828027825285118,0.0252445174062088,0.010996809400934,0.00722540724994043,0.00700932487883106,0.00590263541655931,0.00575347292381833,0.00612091132235915,0.00663926192030067,0.0069507097057305,0.00597218625628311
1389,0.00946989410435941,0.0108102410731991,0.0150109404799506,0.0279985074236649,0.0481737425388998,0.0798628577186284,0.0249225234961675,0.0108591524418869,0.00719028373247504,0.00698101600903351,0.00588653468558334,0.00576342728711895,0.00614231966896518,0.00662996416959619,0.00693229505981792,0.00597527641451173
1390,0.00949495227925323,0.0108722400026317,0.0152241321428515,0.0285485444033013,0.0499270944774014,0.076096525687774,0.0245496153004654,0.0106471531172009,0.00712797950081381,0.00691510552047008,0.00586926795950699,0.00571678587689541,0.00609712960273165,0.00661875616217411,0.00690002960834746,0.0059584312112036
1391,0.00958284476663691,0.011000898272074,0.0154672526880122,0.0290894604051525,0.0514630820904725,0.0739269384218873,0.0243720146417872,0.0105612216031274,0.00709086031126084,0.00691550083712659,0.00586404884118265,0.00574707749439461,0.00612164382914601,0.00661060126038865,0.00692668192174603,0.00597930002110616
1392,0.00961946598693322,0.0110827843578334,0.0156931633770365,0.0298580129578845,0.0538239571108169,0.0700451020370947,0.0240328750498342,0.0103404266976698,0.00701471184973528,0.00687556015681952,0.00584318225138644,0.00573708976337454,0.00613035629524195,0.00659392507820158,0.00689217705253223,0.00595651800163208
1393,0.00965370093106544,0.0111685116079896,0.0159500923976494,0.0305257441617861,0.0560217505069447,0.0669779505478591,0.0237318380991771,0.0101491822596966,0.00693806964552849,0.0068250875988146,0.00581189615601659,0.00573535706956148,0.00613285287767088,0.00659800754673508,0.00684496238922006,0.00596920300773648
1394,0.00972012776448604,0.0112714607058161,0.0161629271608963,0.0311350983298518,0.0578588823027719,0.0651053802748863,0.0236100370299719,0.0100930596058603,0.00692779779391309,0.00682812402232929,0.0058512315565698,0.00574704656561877,0.00612498078380551,0.00659697675495615,0.00687156958535746,0.00598241184881989
1395,0.00977854835804943,0.0114223991652418,0.0164635113336476,0.0320582039498014,0.0607872385263898,0.0617795383008123,0.0233078671735847,0.00989215268123602,0.00687249298249196,0.00676317590810226,0.00581869874807413,0.00575135560247425,0.00614914026996174,0.00658666157615723,0.0068476685504077,0.0059868474718701
1396,0.00979447515636307,0.0114551770995534,0.016621503613474,0.0325376522303244,0.0624533438973283,0.0600461493896872,0.0231441496080069,0.00979777422735866,0.00681244491758764,0.0067746208391843,0.00579593030177217,0.00577427417073156,0.00615700464046848,0.0065676382021231,0.00684083862448155,0.005962099461103
1397,0.00985215850008272,0.0116022307659069,0.0169507257071067,0.0335562340334179,0.0656279917291391,0.0576748395467501,0.0230006456935928,0.00968434296931057,0.00679517824509452,0.00674415941497748,0.00581460278486711,0.00578722628438193,0.00617091208663633,0.00658238918483779,0.00681052668888095,0.00599296483348267
1398,0.00993409568942435,0.011761628288477,0.0172922363945224,0.0346113991559512,0.0691406638044253,0.0549261089097314,0.0227675440628811,0.00953283793391391,0.00673781512071962,0.00671570690809192,0.00582850864501394,0.00580827936865711,0.00619428698893534,0.00657864323971505,0.00680942212713273,0.005985388747373
1399,0.00998335056188597,0.0118281001222345,0.0174909587944154,0.0353282817272608,0.0713442853657154,0.0536298156202125,0.0226886651081935,0.00945780178045539,0.00671821648815864,0.00671296924069063,0.00583039744922268,0.00582669952272211,0.00622278853900475,0.00661271434445312,0.00681568942126186,0.00600913056341661
1400,0.0100717933827393,0.0120238881203597,0.017897542101591,0.0365057313515972,0.075117845883244,0.051618950111545,0.0225814105690153,0.00935159769725355,0.0067094885387594,0.00670787735844953,0.00586001870766866,0.00586493620588489,0.00627513751542169,0.00662509947180974,0.00683491272903536,0.00605016197202938
1401,0.0101315531519115,0.0121721116267614,0.0181753518441739,0.0374222478916776,0.0778508807629584,0.0504086015040962,0.0225175155602137,0.00928425624138253,0.00671119084903599,0.00672921726889209,0.00587751614250547,0.00592462803742344,0.00632364530394608,0.00664523519534266,0.00684392449130106,0.00606186703566275
1402,0.0101097021952933,0.0122647581356986,0.01843716030279,0.038423819216774,0.081740615639754,0.0482542260243504,0.0223124731968237,0.00917663534157244,0.00665653011838701,0.00671112519374163,0.00588428917884543,0.00594573220947994,0.00634612917732338,0.00662974369621248,0.00686208787165821,0.00606454919587251
1403,0.0102653606966246,0.0124955800023196,0.0189101071272043,0.0400342536065201,0.0859070895418067,0.0468031385127847,0.0221395759308823,0.00907779638299308,0.00664263142848599,0.00668326275813276,0.00590685651192471,0.00599858040719027,0.0063829278798296,0.00664957654880957,0.00685615824212891,0.00608868087068122
1404,0.0103436679326221,0.012635650589301,0.0192304439861862,0.0409958520628702,0.0887941759645918,0.0457249390354807,0.0220286057314606,0.00901860786372652,0.00662279277233667,0.00669470424288944,0.00593566564179387,0.0060005407359046,0.00638006003645239,0.00664523698363001,0.00684432242868232,0.00610109713177624
1405,0.0103870578308176,0.012769286024102,0.0195442536886641,0.0423472442356681,0.092884944232459,0.0439751702624092,0.0217848419076691,0.00889506260398171,0.00655801800065185,0.0066437228228972,0.00589765353669749,0.00602817537726375,0.00642739495751424,0.00665137688144893,0.00683064298963406,0.00612284399619298
1406,0.0104567024640157,0.0129737891979112,0.0199418593614087,0.043884378728201,0.0973405205465265,0.0427313583035541,0.0216348229756435,0.00881918983906253,0.00655641351693353,0.00665663284215254,0.00595729160431807,0.0060857995852335,0.00649952277144088,0.00668402639294329,0.00687215563146212,0.00616072900357291
1407,0.0105749616704787,0.0131467285475367,0.0203248020205451,0.0451789443110064,0.100451815462698,0.0419766585176323,0.0215481297244522,0.0087870534974738,0.00656349954080795,0.00667145100455078,0.00598725130945664,0.00613804134243555,0.00654364234023443,0.00671942965140771,0.0068960233263937,0.00618077862450979
1408,0.0106306957014913,0.0133187723094333,0.0206799264775741,0.0467475718446429,0.104383065636238,0.0405139868297667,0.0212405140629662,0.00867575704039036,0.00652439069593073,0.00665386218409981,0.00600255290877114,0.00616056759749004,0.00655680747681561,0.00670238953774191,0.00685719580638531,0.00618623495809412
1409,0.0107273550131283,0.0134896139637056,0.0210692175587867,0.0482207914792406,0.107729601487888,0.0399594082939452,0.0211578834396908,0.00867623896251302,0.00653768020117313,0.0066325497330859,0.00602531332388444,0.00619823495034578,0.00657946681519544,0.00673509627901065,0.00689273645941262,0.00619984352361519
1410,0.0108214151351751,0.0137125461621604,0.0215309268015102,0.0500494306295718,0.111512539790705,0.0388311016173095,0.0209204553447867,0.00858061036027502,0.00650773684824383,0.00665673652063195,0.00605424777022976,0.00623040936747686,0.00664467065780681,0.00677055782661581,0.00693586014732028,0.00623604010346193
1411,0.0108565672343709,0.0138889382805526,0.0219611900795804,0.0518903766023959,0.114742946096954,0.0375626455811725,0.0205425847615128,0.00848631489245367,0.00646759629235365,0.00662122289076295,0.00606384854001658,0.00626966062068011,0.00664925177334359,0.006748954512809,0.00689630635266149,0.00625084122809026
1412,0.0109041791683666,0.0139936820987799,0.022233806642273,0.0531921072551346,0.116959517511729,0.0368861837144985,0.020309768187582,0.00841362077131047,0.00643407537215329,0.0065914710169483,0.00606553022776503,0.0062876741684018,0.00664950862306061,0.00675877942629275,0.00690007097772478,0.00626205756984188
1413,0.0109936086811476,0.0142002952822971,0.0226546429802972,0.0552351866643377,0.119587398221631,0.035898534057069,0.0199923321926581,0.00833666795892621,0.00642688397114516,0.00661023562362255,0.00608535339048131,0.00633459243868786,0.00667504577740981,0.00678666326448786,0.00689187974872273,0.00629018548146326
1414,0.0111108896915859,0.0144327561107592,0.0231032424251037,0.0570663835904209,0.121888105015895,0.0354410498931029,0.0199095386229771,0.00833000722102728,0.00642884838917249,0.00663213066040567,0.00612372893422623,0.00638255163119031,0.00673139961405494,0.00682222869715103,0.00693395650733118,0.00635602632373747
1415,0.0111940755926243,0.014621801550694,0.0235262293188637,0.0593070490118435,0.123993508387932,0.0344068308456337,0.0196001323259335,0.00824003475393498,0.00642159910191446,0.00663844048689734,0.00614470197077088,0.00641659852588026,0.00676818199478459,0.00683305274872821,0.00696159294635724,0.00638696620617762
1416,0.0112703308269708,0.0148876080426369,0.0240454315744454,0.0616901937744012,0.124916966120419,0.0336498892531261,0.0191757110008878,0.0081697126767397,0.00637376733954065,0.00659645025410989,0.00614214375906045,0.00640592171521691,0.00675495718982758,0.00681659877594001,0.00692627276681538,0.00639191226382772
1417,0.0113745080769767,0.0150212736307658,0.0243973629033709,0.063606348335999,0.125779193660853,0.0331553444509442,0.0189812213366055,0.00815292472157825,0.00637600483044647,0.00662451399044329,0.00617886851400475,0.0064580487584703,0.0067853635278437,0.00683951486836504,0.00696105454375736,0.00643117364873008
1418,0.0114858600478338,0.01530243033447,0.0249991233461859,0.0664998664220625,0.12631877318907,0.032420443985341,0.0186829922938561,0.00810961300207288,0.00637668275727951,0.00663091200994712,0.00620894123902343,0.00648504557061548,0.00681524871899261,0.006872152659611,0.00697754516934788,0.0064674133636633
1419,0.0115689853105004,0.0154676717881415,0.0253746498479808,0.068350244232555,0.126245224873053,0.0320051075379329,0.0184931856779433,0.00807283302552804,0.00636961834468275,0.00664478085853013,0.00623214390474428,0.00651299417806103,0.00681353209571616,0.00687460397203111,0.00701362284837961,0.006501342306922
1420,0.0116754491375499,0.0157112720416887,0.0259041383308084,0.0714449350184144,0.125245020167467,0.0312144933315274,0.0180787310258,0.00798179953496024,0.00633487363293015,0.00664576343350674,0.00624303860977684,0.00652357945504976,0.00680251261639562,0.00687164302525943,0.00701070768495059,0.0065183544822868
1421,0.011753582707301,0.0159058008662956,0.0263543011560192,0.0743226186875861,0.123112497932039,0.0303539525920282,0.0176171216893555,0.00787126205183824,0.00630512179150775,0.00661763869397765,0.00623166655041879,0.00652345026849859,0.00677836022000788,0.00684850053685399,0.0070132300809897,0.00651663663771926
1422,0.011845736872258,0.016098221097111,0.0267546111302484,0.076421878287508,0.121960736316046,0.0299327924355874,0.017408889873262,0.00785527263792539,0.00627949839438594,0.00664123060609872,0.00625322447410375,0.00654332251671681,0.00678104174608029,0.00686484784727962,0.00700345024541697,0.00652559430300157
1423,0.0119421802312653,0.0163054169575358,0.0272797376444705,0.0798430452514927,0.119075471399317,0.0291822216836959,0.0169693596455374,0.00776732995305514,0.00629062855928435,0.00664595151191716,0.00626826292814362,0.00655102658564394,0.0067658143425503,0.00683700803725521,0.00701760673173266,0.00655826662239359
1424,0.0120458809088446,0.0165392412507679,0.0277673918305906,0.0823903296313093,0.11750031103672,0.0288312412678366,0.0167921294959122,0.00776573856421397,0.00629593341109715,0.00663022014234589,0.0062993129804146,0.0065807048370934,0.00678762245416479,0.00683995570361864,0.00704405537648867,0.00660083300996027
1425,0.0121636029342148,0.0168121024662118,0.0283218187989648,0.0859229138233028,0.114292539280352,0.0282148550209054,0.0164089171105154,0.00768913648341649,0.00625904799428396,0.0066115900955691,0.00629447201197859,0.00655846879222653,0.00675203960213393,0.00683735563477503,0.00705668222812126,0.00660998035910417
1426,0.0123357498019136,0.0171716025968616,0.0290998638494506,0.0903802098550707,0.110737373463175,0.0276874436137978,0.0160520593144389,0.00764930555178493,0.00628246499067238,0.00666549300995584,0.00634308645025499,0.00661095054684855,0.00675558907864418,0.00685214943925634,0.00706991527344025,0.00665337246259867
1427,0.0124487897900581,0.0173987536828409,0.0295973187523061,0.0932611863323474,0.108634766522048,0.027400788338738,0.015892214351274,0.00764698950667685,0.00629677332593312,0.00668762320005969,0.00639427089971826,0.00663947296041744,0.00676733410098006,0.0068660623234398,0.00713351869657868,0.00670461740228637
1428,0.0125780364230532,0.0176781199305581,0.030257475681931,0.0973260672900949,0.105067848717886,0.0269163257031217,0.0155679608270382,0.00758090132844652,0.00626395633657728,0.00666679280845727,0.00638921209307722,0.00664170533855412,0.00675864531923172,0.00686911111412786,0.00715073819562132,0.00676350095856781
1429,0.0126834178896359,0.017896474723764,0.0307695783453973,0.100570973709818,0.101585429086847,0.0264335024793607,0.0152464552027207,0.0074969352974364,0.0062576433112863,0.00667017569049536,0.0064037250102898,0.00664790397710431,0.00672727226482512,0.00685442350127579,0.00713221250829861,0.00674549457578143
1430,0.0127877459972086,0.0181912115306754,0.0314495719858228,0.104701181022546,0.0975551445048621,0.0259417161574311,0.0149171901392311,0.00744455607272777,0.0062499949482762,0.00665870903650831,0.00641440486537362,0.00666966620032996,0.00672932187002565,0.00684700992588787,0.00716152110965761,0.00679019500236818
1431,0.0128398113848202,0.0183493088901042,0.0319761913471079,0.10824659430032,0.0931244226549261,0.0253471195864382,0.0145155298039408,0.00733463386301717,0.0062258512229235,0.00665276117003804,0.00643833868036885,0.00667582170194586,0.00668472225812081,0.00682996315206654,0.00712165865216368,0.00679597921030765
1432,0.0130410342729758,0.0187178914009903,0.0327690190034719,0.112477902549487,0.0903389558572274,0.0251431138400921,0.0143337595955754,0.00731884154775894,0.0062361740043708,0.00665821052714948,0.00647965497300051,0.00670417129621288,0.00671393287548298,0.00684856132291649,0.00721462054554535,0.00683920647611597
1433,0.0131130638267621,0.018905507682646,0.0333278074315076,0.116072759938416,0.0862897943471062,0.0246410372683509,0.014003266503658,0.00723870984374324,0.00619743539981993,0.00664691336808919,0.00646857067146383,0.00669433631241912,0.00667528606982504,0.00678634493090538,0.00721234078125368,0.00686295122559218
1434,0.0132566358268587,0.0191692157274791,0.0339971132487119,0.119307285989287,0.0839205216133547,0.0244802781015633,0.0138181544751782,0.007243321043126,0.00622695739492575,0.00667299088882155,0.00650204510209968,0.00672671670750556,0.00668357324704719,0.00684108757909805,0.00723792601255953,0.0069049887422298
1435,0.0134044576388494,0.019513428027058,0.0348444283210787,0.123712998468535,0.079829573237181,0.0240691051612689,0.0134809358121731,0.00717190807491561,0.0061868286836506,0.00666252490638049,0.0065079608365133,0.0067259775245365,0.00667879480847178,0.00682400368463648,0.00725881681802603,0.00694602795032111
1436,0.0135697952293733,0.0198894275295732,0.035745226337458,0.12749538627792,0.0766509604503096,0.0238042040946614,0.0132644011982552,0.00713712881094404,0.00620014395369665,0.00666840586607438,0.00655139483137376,0.00675646992006509,0.00666310571467679,0.00684168004638017,0.0072677306779556,0.00699253050923463
1437,0.0136911511702312,0.0200796756393854,0.0362946883282948,0.129949373484894,0.0743610636002894,0.0235904674586753,0.0130590894763378,0.00711039713786577,0.00621470206632795,0.006689770226928,0.00656134816455477,0.00678843098595759,0.00667101652893064,0.00684061518908068,0.00728785011740904,0.00701795994188181
1438,0.0139086967853966,0.0205068841911368,0.03737804152226,0.134042309467016,0.0712113473650009,0.0234217370283553,0.0128356132544945,0.00709892433702688,0.00620588802641188,0.00669575025743681,0.00659937914926123,0.00680559698667085,0.00667329088900606,0.00684724890630606,0.00734748029408188,0.00709593536765747
1439,0.0140294148540602,0.0207495361398962,0.0379996112515698,0.135875897695261,0.0692535657865425,0.0232487186796402,0.0126936658258692,0.00707018199131971,0.00621027171073521,0.00671543891522776,0.00661683889216391,0.00682017586918769,0.00669539160763386,0.0068823634356014,0.007388864798892,0.00711229377984156
1440,0.0141493948041157,0.0210287518883972,0.0388471667681521,0.138030927186802,0.0663435989841861,0.0229596464893396,0.0124481655913507,0.00703482197859282,0.00620050354340702,0.00669241039457417,0.00662329842655199,0.00682572697194241,0.00668913882212342,0.00686703057413318,0.00738721059380311,0.00715860946880665
1441,0.0143326628366404,0.0213688914129001,0.0398483877419527,0.139832487653387,0.0633090483710518,0.0226963056877858,0.0122123109370319,0.00695518857175754,0.00618333759153797,0.00669787448936874,0.00662789180956415,0.00682106037604234,0.00667945799468332,0.00686485070784989,0.00739933830916454,0.00718529771537621
1442,0.0144811339235919,0.0216428412347286,0.0405919440341934,0.14082373549547,0.0618000612055681,0.0225833139579532,0.0120957129776842,0.00696022033944882,0.00617843813137789,0.00670251586679139,0.00665482868324454,0.00686037688818785,0.006693060649364,0.00688380938355139,0.00744988913996526,0.00724721860989116
1443,0.0146067986639481,0.0219064040222432,0.0414578662644714,0.141042928677152,0.059277514357109,0.0223111323219914,0.011879025920453,0.00690298440825322,0.00616605093836186,0.00671059432198296,0.00665227703962546,0.00685228067700646,0.00668184636589123,0.00685885163839886,0.0074506488488014,0.00726378713420518
1444,0.0147649618543948,0.0221966981283497,0.0422064588606643,0.141377731983881,0.0578734698888737,0.0222126997358197,0.0117740128609123,0.00689039370048624,0.00616956528295201,0.00671143401933922,0.00665499040603968,0.00683915314432358,0.00666735032136075,0.00687911687052836,0.0074678608369885,0.00733396175434361
1445,0.0148941801492437,0.0224378289282366,0.0430973683843053,0.140109989476453,0.0553534321109221,0.0218874966599611,0.0114965553034408,0.00683909099337557,0.00613651500414851,0.00669574563283306,0.00664392033952654,0.00681296951055021,0.00663610541434539,0.00685656856682396,0.00746818929021131,0.0073439731110163
1446,0.0150292805880163,0.0227014581685117,0.0440661957018942,0.138152835522926,0.0530449784120137,0.0215887620037636,0.0112970256518863,0.00678609398321758,0.00611544431153424,0.00667055825617651,0.00662039131577129,0.00680173246920329,0.00660641036516656,0.00684244170772884,0.00747364050708964,0.00737865228386335
1447,0.0152135982052378,0.0230646904689802,0.0450277019353594,0.137570147784115,0.0519850331358984,0.0215596682506853,0.0112417392669317,0.00680878651531628,0.00613557509937922,0.00670060371272493,0.00666172846590379,0.006813920921544,0.00663319238047125,0.0068805051208866,0.00751781102888,0.0074483318643486
1448,0.0153644618696067,0.0233198886373615,0.0460431426970128,0.13438736457956,0.0497435200675201,0.0212054792878714,0.0109973196720662,0.00674091629293721,0.00608400959974525,0.00666761326069302,0.00660239827399068,0.00677575456775638,0.00658299887921214,0.00685170113454897,0.00751293156934099,0.00746959249589956
1449,0.0155086109721941,0.0236710377996647,0.04717388013743,0.131017375384324,0.0478035309796324,0.0208685218682922,0.0108174003997923,0.00668379686754269,0.00608340192539603,0.00664209935566966,0.00657465217183125,0.00675216653911148,0.00654941120119233,0.00685768207211022,0.00753091255128257,0.00751270594951023
1450,0.0156683482842756,0.0239150372068736,0.0480189746246901,0.128718726677585,0.0466412203415358,0.0206832731493574,0.0107382586758508,0.00668006231525276,0.00606422567866433,0.00666023149214975,0.0065876392829366,0.00674070514122031,0.00655860239925135,0.00685809711383357,0.00754834532029453,0.00755124900866305
1451,0.0158272760621956,0.0242127580009562,0.0492128238401999,0.124366947464454,0.0447315178735651,0.0203026608047105,0.0105156579378132,0.00662674032647753,0.00604686098602103,0.00661206287907753,0.0065312054689797,0.0066912616756349,0.00649844785155544,0.0068243654122575,0.00754171576851011,0.00757281477239389
1452,0.015986068554989,0.0245148702725807,0.0502969233831936,0.121549210315643,0.0435949571098802,0.0201060096222333,0.0104407441188541,0.00659737576039064,0.00603937144647793,0.00664180602631242,0.00653554713072865,0.00668014256903283,0.00650096090197001,0.00682307120113178,0.00755604922988412,0.00762355488119616
1453,0.016137884957795,0.0248294709570913,0.0515711362327532,0.116980179551269,0.0419418490160718,0.019723041129612,0.0102393081167813,0.00654579417670129,0.00602414512682181,0.00661865051285846,0.00651129846604213,0.00662616933325804,0.00645407188855639,0.00679659592898201,0.00755098424240721,0.00763661525251362
1454,0.0161894952389388,0.0250136238437304,0.052710626972176,0.111444197062999,0.0402701730197531,0.0192621120615065,0.0100903885476682,0.00647720532601864,0.00597811725993909,0.00659850151507095,0.00647640736010311,0.00657099907743315,0.00641640204162062,0.00676559965890066,0.00753858483796328,0.00769234846657466
1455,0.0164355499664492,0.0254547428393873,0.0541861315156844,0.108780181715657,0.0392145208181614,0.0190465797502796,0.00997525842382772,0.00644178813745823,0.00596709917654381,0.00660315917892658,0.00647506442117638,0.00653660013813481,0.0063758537754679,0.00677771968213517,0.00754503239767799,0.00773047676919216
1456,0.0165795979243179,0.0257509515663079,0.0556191616088954,0.104033731317368,0.0377544512825767,0.0186291378518962,0.00980263005231981,0.0064110573035151,0.00595487619937705,0.006603632945365,0.00644413097045794,0.00649101869011566,0.00637421803132544,0.00676271627991798,0.00754976014560115,0.00775991760335271
1457,0.0167541132151142,0.0261165849364963,0.0569589584689482,0.100988855512783,0.0369006125865344,0.0184050918568562,0.00973555583184938,0.00640593666346842,0.00596648893244512,0.00661224882726621,0.00645332277291976,0.00649536670264104,0.00635409909877753,0.00674889159886038,0.00754772626356476,0.00779830808470361
1458,0.0169515504751715,0.0265631554384128,0.0589521213481995,0.0964354663098216,0.0355488156889801,0.0180036863877624,0.00959778520386694,0.00636436658840037,0.00595765123314443,0.00661431382650068,0.00642976547453464,0.00647937072631594,0.00633686072331711,0.00673832695595395,0.00755975629477322,0.00784855975217795
1459,0.0171826434666505,0.0269749124778688,0.0609278452259167,0.0921579603161301,0.0343805397332751,0.0176234834085516,0.00944530218928399,0.00634477518602311,0.00592551470090839,0.00656178524500222,0.00640783566810025,0.00642424013121275,0.00628080623579315,0.00670521914042182,0.00754016425012243,0.0078884436208187
1460,0.0173115029880263,0.0273484229452295,0.0624404009027914,0.0891348628569898,0.0336317375232248,0.017311726920599,0.00942335539134037,0.00632171292297164,0.00599570922127555,0.00664382540105669,0.00646234172725514,0.00645049663898837,0.00632231586238728,0.00677285225539112,0.00757324179113128,0.00800262624080161
1461,0.017653281705275,0.0279917389027984,0.0651773102327878,0.0854340392015572,0.0325335044382879,0.0170275930354819,0.009297376582668,0.00629144427594257,0.00595428132151767,0.00666171754573418,0.00646769105060247,0.00643973090064899,0.0063100974781374,0.00675703623875741,0.00758652068737728,0.00802413939801279
1462,0.017774992228388,0.0283350191361849,0.0667190589429374,0.0829790408730671,0.0318311179252959,0.0167663496866715,0.00920268620291414,0.0062775563388682,0.00598986869963836,0.00665586506183887,0.00645133034970585,0.00642714263478556,0.00629686845091661,0.00674964550038948,0.00760300505661249,0.00804856822619686
1463,0.0180168699903175,0.0288816879514538,0.0694264593275773,0.0789642306122614,0.0307074853700366,0.0163342782221771,0.00907899806933091,0.00624766454075799,0.00595866499164151,0.00666814028019758,0.00645901706386298,0.0063935597969615,0.00626009498003251,0.00673274745272372,0.00761472036714302,0.00812902746422608
1464,0.018250350430924,0.029403290979574,0.0722744582564731,0.0752983001942483,0.029727142868389,0.0159244409018436,0.00896827720354094,0.00622009489513338,0.00594633710732689,0.00667326659207148,0.00645116475828793,0.00636521730536785,0.00623246678402596,0.00669028588967942,0.00759443607510099,0.00816841188692861
1465,0.0183850915952082,0.0297714077623945,0.0740453038224391,0.0731083777286052,0.0290871031737235,0.0156708229349692,0.00886793190982262,0.00619041842631607,0.00596034111785089,0.00668994511311303,0.00644934555939509,0.00637524941364832,0.00620491344641438,0.0066907967929492,0.00760848181642205,0.00818719826509937
1466,0.0186394035648195,0.0303951393238825,0.0773146975325022,0.0697214675151872,0.0281764221093486,0.0152821891308648,0.00876770824511058,0.00617054143195509,0.00595115769253581,0.00668470429487308,0.00645350592030724,0.00635240995209303,0.00619372767287072,0.00665655098726912,0.00762016192480459,0.00825958325962781
1467,0.0188662180213573,0.0308599351417974,0.0796483156148086,0.0679147328594049,0.0276720267177964,0.0150579438524752,0.00870897221920251,0.00615877074506015,0.0059456252849436,0.0067224574958676,0.00646681655535974,0.00633107421341502,0.00617178036103826,0.00665865431306078,0.00760328398602619,0.00830254974121771
1468,0.0190339287715565,0.0313804746181703,0.0827863592593559,0.0649660875695275,0.0269163674872762,0.0147239095848891,0.00863276767284151,0.00612592197951453,0.00600237931287462,0.00677775752942706,0.00650219718542763,0.00637768156414838,0.00618641530053387,0.00666950167999871,0.00764337643612093,0.00838362394406972
1469,0.0194991435800238,0.0323726182142097,0.0874119004014755,0.0625444656610068,0.0262298377134148,0.0144240167999487,0.00854227295281122,0.00611624367648734,0.00600553401289688,0.00681649367481166,0.0065374985933541,0.00637696911571543,0.00617222964824581,0.00669287739256585,0.00765433736558884,0.0084647107714225
1470,0.019689647238395,0.0328386611017653,0.0900027408789566,0.0609264626210757,0.0257841279104574,0.0141975532573233,0.00848734294334431,0.00610147890913053,0.00603433623495205,0.00685672962908365,0.00656870399576164,0.00637998272258498,0.00618954189338849,0.00667359691297145,0.00765718295631586,0.00850449418508852
1471,0.0199760848241651,0.033595122811737,0.0940927069200389,0.0585357342590689,0.0251748744161691,0.0139043203942223,0.00843344761844551,0.00609275618032196,0.00604915873245213,0.00687785204103816,0.00659657920244142,0.00637637783644521,0.00616649840948006,0.00668388560341258,0.0076833933662548,0.00860548658636396
1472,0.0203008899202219,0.0343509832839677,0.0978277589480438,0.0570020088622034,0.0247506327897176,0.013680595157188,0.00840113998277702,0.00610306617845952,0.00606749609206753,0.00692907341429078,0.00662978097623895,0.00640693119552504,0.00620567538581053,0.00669413100981719,0.00771336644098936,0.00866220552670345
1473,0.0206001191065671,0.0350753453053492,0.101957860697308,0.0548564545053941,0.024116545652352,0.0133591791656502,0.00826878458957085,0.00604828816599041,0.00604415026747738,0.0069190391034445,0.00663034965178298,0.00634727840801308,0.00615712367937375,0.00661824889632412,0.00765804952611097,0.00864598977535982
1474,0.0207991082249759,0.0357507150801308,0.105997363028136,0.0527200323297902,0.0234762110309979,0.0130308157279959,0.0081322651679414,0.00600964358351099,0.00606059728253685,0.00697687218106121,0.00665114927497038,0.0063483524167186,0.00614677622251099,0.00662865579407167,0.00768022602608604,0.00872790315563718
1475,0.0211336813601366,0.0364664867087239,0.1098490527588,0.051467615896048,0.0232257617876845,0.0128768113996815,0.00813858473986164,0.00604174413002829,0.00609755841275516,0.0070401740947314,0.00671192749521726,0.00641750287028977,0.00617424482230109,0.00666986683451333,0.00772962203822875,0.00886916241276399
1476,0.0215255877579692,0.037501099804834,0.115008167344134,0.049931086456613,0.0228530557813121,0.0126585138543588,0.00807885490108388,0.00604130040985606,0.00613329931181081,0.00707045246396153,0.00675700342916981,0.00645139062024788,0.00615143730778747,0.00667428771165533,0.00776352310755655,0.00893721560449887
1477,0.0217452218556452,0.0381177935543746,0.118187872042435,0.0487935767891537,0.0225702218982186,0.0124687529641008,0.00805000295209008,0.0060150959468372,0.00617486257102426,0.00716222014472136,0.00679880847507691,0.0064563376939594,0.00618628748566418,0.00665833001454209,0.00776994218051334,0.0089792784929436
1478,0.0221675400227245,0.0392289645633172,0.123707403032419,0.0471148824037727,0.0221582765168245,0.0122505660000409,0.00797963115253799,0.00601278146534087,0.00616589578338504,0.007171572668223,0.00681604391383236,0.00647402176653254,0.00620040404869268,0.00668228493393294,0.00779854065543886,0.00908166832906685
1479,0.0225314804393503,0.0401885579272318,0.12832970137781,0.0457162820094239,0.0217929565545193,0.0119972882419025,0.00792133709274935,0.00599978782145294,0.0062403115899148,0.0072327184108354,0.00689611999864526,0.00648879662825174,0.00618363153081866,0.00667608679534587,0.00780593983133561,0.00916412097313008
1480,0.0230066768979672,0.0414201067941151,0.133617621893095,0.0445153722824018,0.0215183806947404,0.0118479573304169,0.00789691032325058,0.0060180915102839,0.00625255971510427,0.00729543796181325,0.00693909313727584,0.00654116015754057,0.0062106437662313,0.00671670594948099,0.00786410126288708,0.0093223133151403
1481,0.023304880995949,0.0422784671526927,0.137320240317795,0.0434708939767475,0.021276764531094,0.0116553487703354,0.00785285882241629,0.00602106930084642,0.00627052315720013,0.00733718754703238,0.00698091128377386,0.00654969868470083,0.00620876026795405,0.00671710032377186,0.00790074385029246,0.00937098599448966
1482,0.0236834655009017,0.0433174067575831,0.141358268880498,0.0423007096545026,0.0209665288874296,0.0114730396590703,0.00780680494090721,0.00601540866824813,0.00631625034577744,0.00736409486787343,0.00701239918523769,0.0065759628449881,0.00623348764841397,0.00670241522526162,0.00791337239468655,0.00947865967133625
1483,0.0241042885023823,0.0445132277711415,0.145465169553433,0.0411710302404278,0.0206929620773885,0.0112715296041954,0.00774856850199842,0.00602926986210457,0.00633508461998044,0.00743373541904482,0.00704468916637669,0.00658779113238253,0.00623619553823852,0.00671159860350342,0.00795892583034765,0.00955784865133589
1484,0.024405800238985,0.0453692465427862,0.148092195582697,0.0402246799997489,0.0204598577701191,0.0111442889554599,0.00770513359712442,0.00599643039527507,0.00636050269751815,0.00745890535505356,0.00706045578479721,0.00658390480375971,0.00622560906616486,0.00674805014167263,0.00799811396507932,0.00964883361328421
1485,0.0247430963957252,0.0464637978677093,0.150779654704853,0.0390873326261419,0.0201078438370339,0.010933655926306,0.00765094412354111,0.00598742949396223,0.00636958025913904,0.00744415643147952,0.00707068898597693,0.00660131333257603,0.00621060892805024,0.0067392090047616,0.00800015885330468,0.00970617582329287
1486,0.0250260385330354,0.0473907860439826,0.152415636509595,0.0379816427567637,0.0198921058157557,0.0108104984569544,0.00763140286413476,0.00601321965455791,0.00642437922689865,0.00752109247725765,0.00716149190186301,0.00662275450846735,0.00625563460984797,0.00678198723557937,0.00807663776962625,0.00985562118197218
1487,0.0254442418376369,0.0488022349547939,0.154868699155273,0.0371973319718993,0.0196017142526627,0.0106629896971238,0.00757359098946856,0.0059976653878993,0.006387160146897,0.00751074674211267,0.00713419048808437,0.00660213865151027,0.00623311352256254,0.00675807724141375,0.00806184789506703,0.00988881023814079
1488,0.0257931709431697,0.0495005577111795,0.154737368924389,0.0362608068541731,0.0192856480407935,0.0105013344133503,0.00753292179150139,0.00600484442646275,0.0064172719577757,0.00748431578724356,0.00710571621334147,0.00661110133141323,0.00623737262922215,0.00676209835445488,0.00809981684890896,0.00996536071423006
1489,0.0260103941078491,0.0507495273067664,0.15452169105788,0.0350741800612543,0.0189065910858843,0.0102976664111366,0.00745705588747096,0.00596990048061642,0.00645549429052857,0.00752186679756724,0.00712471649535692,0.006612063868119,0.00622824075725802,0.00677643256142752,0.00812292312742246,0.0100864626528918
1490,0.0264319002083157,0.0519839798974875,0.154693946457055,0.0344122442506327,0.0186862747350274,0.0101868514515474,0.00743311535169496,0.0059568305431058,0.00647373206395888,0.00755566935091305,0.00713152894038948,0.00660313552980024,0.00623112161930951,0.00680852285044243,0.00815490133846998,0.0101762511730765
1491,0.0267203866485252,0.0530750719265033,0.153141802504376,0.0334029336283662,0.0183511785634808,0.010019517770783,0.00738020393943266,0.00594566436255488,0.00647533055887503,0.00752942283365912,0.00713018583644967,0.00659208379673259,0.00621154017062994,0.00681106328684078,0.00817745969869475,0.0102862499916472
1492,0.0271544863029473,0.0546188322446291,0.15155341778652,0.0325654195891105,0.0180576411135111,0.00991151232870918,0.00737938194997182,0.00594051187141924,0.00647926241753366,0.00756098253928687,0.00712394702371816,0.00659396325943954,0.00622351086434091,0.0068669987400249,0.00824781647326346,0.0104178005873756
1493,0.0274657895316099,0.0556703070440307,0.14932378775754,0.0318299072856816,0.0177720935809533,0.00981158163840887,0.00732409113800334,0.00593095530170583,0.00649629110976433,0.0075071619404665,0.00709343072055769,0.00656731147446154,0.0062247742631734,0.00685298303106524,0.00829029603529388,0.0104982058246557
1494,0.027760263367585,0.056928931774222,0.145922860571933,0.0309144059369211,0.0173770214220516,0.00964459601627847,0.0073000794753918,0.00590016895357113,0.00649420040961057,0.00749826545430631,0.00709339054022165,0.0065525099731795,0.00621316913609745,0.00685235081864353,0.00829185619499554,0.010581060254676
1495,0.0281420347410777,0.0583887088324496,0.142099089011819,0.0300528129658672,0.0170284410228114,0.00948176294539788,0.0072433240865187,0.00589980429627733,0.00649579428107481,0.00749848755648963,0.00706036356848598,0.00655116813273635,0.00621830185848306,0.00688268494912104,0.00830096516901377,0.010698951801506
1496,0.0284699548730696,0.0599686907331506,0.136963157259858,0.0289815240149081,0.0165810040131419,0.00933669934077377,0.00719136867484555,0.00586709627212376,0.00649297948485443,0.00746556305875765,0.00702493117501985,0.00649032779770939,0.0061809862303506,0.00686936114259813,0.00836795917167783,0.0108076210095975
1497,0.028848850913894,0.0612577560914323,0.134383340864976,0.028530425845739,0.0163380966840638,0.00926864015611411,0.00717028810279102,0.00586297411674878,0.00652092120801472,0.0074913939094649,0.00701790639900947,0.00651688529643033,0.00620092604255159,0.00690551517870118,0.00840948122716398,0.010932641554567
1498,0.0293363450251262,0.0631348000513085,0.129949918929935,0.0278283831462179,0.0160519695234278,0.00919403948010211,0.00715445626325955,0.0058797813134818,0.00655227109753973,0.00748548946816377,0.007013178879214,0.00648522250248566,0.00620020749191252,0.00694712778152562,0.00849435212463695,0.0110888935304099
1499,0.0297536343976502,0.0651582233239746,0.124175044896072,0.0268543898756939,0.0155828640139172,0.00901012868295616,0.00705534011599784,0.00585546543769901,0.00653784199596233,0.00745843318540654,0.00695246248310464,0.0064591523524421,0.00621407985856575,0.00696647954456251,0.00849569573328909,0.011182902063745
1500,0.0300666795042685,0.0665097831786254,0.120724144311287,0.0263458283243855,0.0153388951882263,0.00892642603725274,0.00702966502148659,0.00585476246632961,0.0065425995969818,0.00743774749472993,0.00693179059183318,0.00643760012853868,0.00621403777609594,0.00698700234688989,0.00850939860927332,0.0112699863621089
1501,0.0305672199741767,0.0686304857530258,0.115890526906957,0.0256789112627848,0.0150186372250996,0.00883414525256701,0.00698853199771448,0.00582087565521549,0.00657327252874831,0.00742354528638994,0.00694569118119003,0.00642014251225818,0.00620756102819586,0.00698112142853375,0.00860591623300152,0.0114112650483197
1502,0.0311000999029256,0.0710954780582404,0.110086670224416,0.0248340208524073,0.0145643690104269,0.00871125575101077,0.00697007744460122,0.00581420868954612,0.00657545196779183,0.00742843569506575,0.00690618422970133,0.00639849029647251,0.00622107037356997,0.00701582064359752,0.00863716578519923,0.0115536763639895
1503,0.0315333361124172,0.0729133581363498,0.107087676340753,0.024461643903541,0.0143822055064986,0.00867360696217585,0.00694378650505494,0.0057967044972842,0.00662459496020453,0.00743063916086565,0.00691055383181312,0.00638635534989462,0.00623919588068995,0.00707325187851145,0.00869200603976283,0.0116603313580372
1504,0.0320183864687416,0.0751622684218529,0.102097835351295,0.0237779093963715,0.0140360792031521,0.00853717980151453,0.00686690408424734,0.00578726335712063,0.00660520923060901,0.007379624507041,0.00687339469316028,0.00635117386530318,0.00622827150074189,0.00707579524148985,0.00873200740332886,0.0117597916782274
1505,0.0326137416933274,0.0781497780091418,0.0967866990173339,0.0230390377933619,0.0136595192536158,0.00841373477955691,0.00682922450857731,0.00575018268961066,0.00662636379151108,0.00740622740954975,0.00684904489041253,0.00633669314867716,0.00622736094664613,0.00709195451082457,0.00880467319033997,0.0118925073481201
1506,0.0331379070406219,0.0803330637962735,0.0941405666876699,0.0227227505591628,0.0134822700903198,0.00838202101113421,0.00683356228941912,0.00577494472235612,0.00665622797793372,0.00741306625074377,0.00687489510507601,0.00635143060045126,0.00624986286074795,0.0071272059154702,0.00884512542230716,0.0120134874020113
1507,0.0336708373703362,0.0831321983925845,0.0898085408511912,0.022123222724551,0.0131523197405856,0.00828919917456341,0.00677930172976479,0.00573810036036144,0.00666360288108209,0.00742061944880465,0.00683803351226299,0.00633768959673155,0.00624442071256913,0.00713162374369053,0.00888443553226026,0.0121341439937422
1508,0.0343635812983886,0.0866983693158114,0.0851899850659083,0.0214774900886044,0.0128209590596449,0.00816445299148035,0.00672778119993367,0.00571340266858867,0.00668537191124777,0.00739348988180006,0.00681747528117235,0.00631915139683042,0.00624697718110931,0.00717742694301712,0.00892707703877855,0.0122530671708947
1509,0.0351542060079412,0.0904600290448248,0.0814433417744953,0.0210077143554032,0.0125517737757013,0.00811778613857079,0.00670811143224202,0.00572113366737234,0.00672530103661738,0.0074612083735038,0.00682860561188922,0.00633156058490633,0.00626147631394028,0.00723666205797443,0.00900214017329677,0.0124090656875607
1510,0.0355690459896897,0.0928453284717685,0.079185185427056,0.020713294718023,0.0123800271945231,0.00804152322614311,0.00670054553617711,0.00570121208401519,0.00675992507333989,0.00747195670020748,0.00681098301632453,0.00631848377002348,0.00628940462052305,0.00725686330866456,0.00902653726397686,0.012475416709489
1511,0.0363497262595737,0.0968702346981267,0.0753675938579456,0.0201759986798381,0.0120977488209442,0.00794815109107522,0.00663525255226217,0.00568363962513853,0.00678876734351766,0.00748300040917564,0.00680037797007302,0.00629591121825479,0.00629083424271041,0.00724576718828399,0.00905547819823759,0.0126033610172922
1512,0.0373165911784962,0.101459786567456,0.0723485239382574,0.0198199608119117,0.0119024105506464,0.00792357728952863,0.0066371831926207,0.00567724573495888,0.00683375464839954,0.00750520793284458,0.00684899463041124,0.00630910162381884,0.00630539420403108,0.00729851927967701,0.00915176574608303,0.012797086252397
1513,0.0378119829763742,0.104166398856024,0.0704587607823472,0.0195178974742887,0.0117259497642198,0.0078553508609523,0.00661101662920452,0.0056766688257788,0.0068541615850154,0.00751754824590851,0.00684100599999311,0.00629012718700647,0.00631331232223318,0.00731630127214066,0.00918502317141351,0.0128784152130284
1514,0.0389375956597962,0.109558051714983,0.0676414658240757,0.0191968031388506,0.0115271666501754,0.00783312549023244,0.00662740819597964,0.00568332871421085,0.00692483866829368,0.00758855690250497,0.00687546931739057,0.00633715810117676,0.00636046161703018,0.00737416455665358,0.009303229598999,0.0130816616594712
1515,0.0398850818366551,0.114473399164869,0.0648057284383711,0.0187864910546465,0.01135123907404,0.00776930357248972,0.00659249831188786,0.0056902312846931,0.00695326969807126,0.00760789502304212,0.00690043297590402,0.00632757035708909,0.00636203526261129,0.00739831113810983,0.0093465097840471,0.0132280033329931
1516,0.0405513095038876,0.117836779376145,0.0634237523893079,0.0186101933880223,0.0112678740931746,0.00775895657674001,0.00656228577066701,0.0056889380885687,0.00700701331835606,0.00764864434867138,0.00693323295956554,0.00635604726966031,0.00638686786475233,0.00743710299144883,0.00942923418330622,0.0133471855897018
1517,0.0416947780737539,0.123601921052559,0.0609997248568532,0.0183046094100361,0.0110908874877446,0.00770751943735121,0.00657018493476405,0.00569628606651682,0.00709368090697004,0.00770494382517498,0.00697100591630709,0.00635221387834577,0.00641072295909098,0.00749056655332454,0.00950749158477336,0.0135436820109008
1518,0.0429366776290753,0.129456295966709,0.0588941688333755,0.0180204304331063,0.0109584121034649,0.00769742816018924,0.00657085704708799,0.00570694158049984,0.00714701774341247,0.00777333139565558,0.00699928606997338,0.00638117705990192,0.00643002458045468,0.0075502297392848,0.00960417404098884,0.0137651373542283
1519,0.0436102593348729,0.132894032732379,0.0576414128968728,0.0178344900101383,0.0108284166169393,0.00763554021263205,0.00654781164107673,0.00567250262175932,0.00717864166654153,0.00779986262431008,0.00702781766426782,0.00640567066055756,0.00644420242362723,0.00755457505940317,0.00965079695030305,0.0138488795266984
1520,0.0447962634658821,0.13876239764336,0.0554707263838087,0.0175314249877775,0.0106790560145156,0.00760173962389812,0.00652172199534127,0.0056835508649648,0.00723868387737418,0.00784049586587912,0.00705870280766129,0.00639913836948955,0.00643580695550337,0.00759321796532436,0.00974961288898352,0.0140360765719842
1521,0.046055764833283,0.144574844237936,0.0534975980604746,0.0172899706657189,0.010513730350833,0.00756511363825938,0.00651916583097033,0.00569688812021613,0.00728236083199379,0.00788818219711098,0.00707665436303972,0.00640335896420423,0.00646354179315042,0.00763334553079196,0.00981967486360272,0.014237940829285
1522,0.0470711384504824,0.148893405282967,0.0528181362100002,0.017240316970022,0.0104998321101963,0.00757530445463106,0.00653928516231873,0.00572729283948109,0.00736464042674581,0.00797075719874779,0.00712552452484742,0.00646733213452725,0.00653599249179087,0.00771553007760925,0.00991408206916072,0.0144200955844749
1523,0.0484193940684051,0.154679485752004,0.0510003544859171,0.0169954476413643,0.0103441837449524,0.00755207335743278,0.00654248713064735,0.00572612592336272,0.00740871623927575,0.00803278613807746,0.00714362298532807,0.00648231677262794,0.006537741433721,0.00775992626808084,0.0100228630718549,0.0146240573726832
1524,0.0496748393816361,0.159832652452602,0.049282480143042,0.0167421918768548,0.0102258572992719,0.0075090437348654,0.006516462929511,0.00575094599212351,0.00745172759728613,0.00806757003976822,0.00715724192080077,0.00648159298426983,0.00653505820123622,0.00779078108467677,0.0100817419745107,0.0148103382432013
1525,0.0512265926805534,0.165319175819153,0.0480908196337038,0.0165950529904519,0.0101595841715094,0.0075082773196166,0.00655360962959112,0.00576784520971668,0.0075573112006205,0.00816541520864927,0.00719828279410186,0.0065152931214269,0.00660619976078642,0.00788745982966517,0.0102400855802104,0.0150652767311364
1526,0.0522857822091028,0.168865862255658,0.0471681635022023,0.0164876705661072,0.0101168190266969,0.00749891486757077,0.0065746371832094,0.00579565414165203,0.00760635435769192,0.00820421454280358,0.00724959261455156,0.00655115858008832,0.00663082967554963,0.0079279896070425,0.0103386365852821,0.0152252894643853
1527,0.0536924213614663,0.173007932737723,0.0457412378013149,0.0162730159627925,0.00999713581457021,0.00750103587575369,0.00654063221151623,0.00580954561064874,0.00767730955822203,0.00823195333778268,0.00725854336375302,0.00653779966855638,0.00663523619196269,0.00794394243771404,0.0104161554041407,0.0154417784398325
1528,0.0548563169818883,0.175590760749186,0.0443228807637785,0.0160376166386178,0.00987687671343854,0.00742484881579081,0.00652836811332079,0.00576348744244147,0.00767038191565764,0.0082398488539058,0.00726442839334918,0.00653107612720524,0.0066006469074892,0.00796204224496369,0.0104656373107988,0.015601485734775
1529,0.0562428519132168,0.178851057808766,0.0437286033009494,0.0159939342118839,0.00987652704398122,0.00746872824962012,0.00658805855176469,0.0058118498524804,0.00776851237158052,0.00829622927423972,0.007323451956328,0.00659182733648624,0.00667685527982964,0.00804306697965232,0.0105804545318547,0.0158632358479412
1530,0.0576795180124406,0.18071382401915,0.042437176147821,0.0157896101866227,0.00977398206223498,0.00741857472456775,0.00655256180224383,0.00583536343623261,0.00779964616353978,0.00830904600103251,0.0073216945256537,0.00660414537744854,0.00666666641583103,0.0080878177113714,0.0106684938033747,0.0160842585204915
1531,0.0588919821860008,0.181240807612794,0.041131272929346,0.0155439997507574,0.00966614507188193,0.00735754143297902,0.00652530643833762,0.00580771708789181,0.00779132152419204,0.00829547798454272,0.00729362026919451,0.00657670338128106,0.00667712940646465,0.00808741832471261,0.0107513507822141,0.0162382636126991
1532,0.0598192455147762,0.181258915967373,0.0402291305409964,0.0153706370363945,0.00958612202526812,0.00731624190241766,0.00656123091733259,0.00580704288747834,0.00780485138856509,0.00832047284947022,0.00730147244322653,0.00659390012523964,0.00669305651810039,0.00813563763171038,0.0108436661085772,0.0164469649886352
1533,0.0615330557331824,0.181267819918646,0.0391865146820065,0.0152439660916624,0.00954078894359517,0.00730032648540922,0.00653457518841951,0.00581776705081668,0.00782578802173839,0.00835298954847782,0.0072868251893609,0.00658345622385378,0.00669504841549673,0.00817183339321327,0.0109524596057538,0.0167016313492293
1534,0.0630546491208051,0.180143721701102,0.0381082274711826,0.0150451429420198,0.00943772259913749,0.00729809530133876,0.00655357180686188,0.00582035193932777,0.00780598700216493,0.00830626780055724,0.00727664931159409,0.00659411502135863,0.00674438890628263,0.00821707297853783,0.0110732463010288,0.0169644673445171
1535,0.0645585057396643,0.177244805904183,0.0368774430596626,0.0147954571376296,0.00935779337302611,0.0072524185279981,0.00651138146723217,0.00582790630487908,0.00783113804713734,0.00828463002907532,0.00727651440596441,0.0065994145684555,0.00674620864665198,0.00828074144422243,0.0111957218645677,0.0172278891176083
1536,0.0656225317252894,0.175010329595659,0.0361063974186339,0.0146397934339,0.00928872460365343,0.00722817449081777,0.00650976382091326,0.00583844604435888,0.00779596661691364,0.00822268120582877,0.00724383689670203,0.00659954046868765,0.00672742723138031,0.00826936230551887,0.0112506312867688,0.0173750943138187
1537,0.0670461358734147,0.170956967647139,0.0349980152580884,0.0143982636478397,0.00917758767026507,0.00715861807911906,0.00648746829252449,0.00582629534682986,0.00776362034860328,0.00820288163238863,0.00719600515118343,0.00653934657648439,0.00670229518576156,0.00829627307412361,0.0113232258966067,0.0176135286284645
1538,0.0690205894827102,0.166659731881853,0.0340002379305584,0.0141771586484002,0.00910382747484754,0.00717288942092738,0.00650914406163616,0.00585838608767782,0.0078030978478245,0.00817897767990017,0.00718354867621323,0.00655062826638866,0.00673531169866719,0.00837590802413351,0.0114778058840477,0.0179559324316639
1539,0.0703000222612399,0.163502757985865,0.0333361303127145,0.0140459540557546,0.00904569551810799,0.00716638414687515,0.0064928585213957,0.0058599315577468,0.00778901839546956,0.00817582240724447,0.00718545343268366,0.00658887519565273,0.00675581889984245,0.00841690875653022,0.0115947312668711,0.018192444658628
1540,0.0718360474681849,0.157790787310214,0.0322374233803797,0.0137702058820877,0.00899557997536222,0.00709045941759303,0.00648404527055031,0.00584946989437412,0.00774262400935463,0.0080986954567692,0.00715836626698269,0.00654014149726382,0.00672987423785161,0.00843893969958037,0.0116844971742345,0.0184143714120861
1541,0.0741984167669091,0.152397312661563,0.0313471100725286,0.0135742179014765,0.00889642344503114,0.00708787466530692,0.0064696878873641,0.00586489670946874,0.00775046500357455,0.00806817790249945,0.00714130088197961,0.00656175570870148,0.00677618248210532,0.00851728835647201,0.0118572076841448,0.0188127379052953
1542,0.0755788399048489,0.14826221322068,0.0306961460740847,0.0134394689012377,0.00887408073964008,0.00707393144580631,0.00645945043573755,0.0058745769434749,0.00777780769167433,0.00803147073605585,0.00710693499308977,0.00656539288855497,0.00677646053405527,0.00854823964276198,0.0119426632092468,0.0190317614998999
1543,0.0771153056992702,0.141466098973254,0.0296271108062729,0.0131174141372265,0.00873658216887054,0.00698433769718585,0.00639471929771871,0.00583479361720647,0.00769297491896751,0.00794283433688493,0.00701277046919298,0.00650600173406183,0.00671295699723917,0.00854246128079254,0.0119974781445765,0.0191974468112497
1544,0.0793851463812282,0.135024555981734,0.0286586292651723,0.012917433092881,0.00864192631905602,0.00694379033406104,0.00639471148620162,0.00583816796055051,0.00764709718103889,0.00790773991295262,0.00696957548231717,0.00651015740138792,0.00673763625699366,0.0085862117066874,0.0121148597500706,0.0195240294479048
1545,0.0810520931918544,0.130706411151667,0.0280610223484207,0.0127441554103518,0.00858850086033855,0.00693930892837767,0.00639202887422204,0.00581439766513147,0.007647402681889,0.0078681548266726,0.00694582201808899,0.0064776983620083,0.00672716553329546,0.00862251969921028,0.0122124616222749,0.0197456744699684
1546,0.0837258211612727,0.125354113487981,0.0273358811500015,0.012603594730125,0.00853153167865704,0.00690505274860328,0.00637634964080265,0.00582998796287852,0.00765286643629263,0.00784041347241374,0.00692739952479027,0.00650566212323049,0.0067548023675683,0.0086853891203787,0.0123589570203234,0.02009931416971
1547,0.0864091862513784,0.119079791526304,0.0264752646425492,0.0123583591388231,0.00842931833830664,0.00688450615581606,0.00635282165741741,0.0058416689479716,0.00763901355447041,0.00779427537603346,0.00686044762384147,0.00648310293300408,0.00675808284068877,0.00871254769549147,0.0124749552645058,0.0203881544327313
1548,0.0889804204416671,0.112983360682852,0.0256122220851993,0.0121230156648809,0.00834615636232388,0.00680129300895182,0.00632042038456404,0.00578223963210243,0.00761124681516575,0.00775659550845955,0.00681561172846278,0.00643941885266449,0.00674388428681057,0.00876930673010853,0.0125533054701382,0.0206670334153556
1549,0.0914729885981607,0.109898803529726,0.0252532790608419,0.0120396657249381,0.0083545030617338,0.0068082841826034,0.00634499667830317,0.00582654436716324,0.00765285667803347,0.00775575362038099,0.00683966011387367,0.00649946891641586,0.00681391864344289,0.00885658003233277,0.0127238574135224,0.0209782889316605
1550,0.0949193521569249,0.104424356822675,0.0245398144608605,0.011835301583792,0.00828655644827235,0.00677967407638195,0.0063182406788298,0.00582560291394998,0.00763484645610105,0.00771075481558515,0.0067987626497945,0.00645872346554125,0.00679977316742972,0.00885819759038326,0.0128512580259753,0.0212825119154759
1551,0.0985796625894189,0.0997444459320958,0.0239241748876613,0.0116780504372153,0.00823907136395186,0.00674957775101106,0.00632371229647793,0.00581904857458811,0.0076756432535443,0.00770475101614951,0.00676668411364245,0.00645772166687956,0.0068332533250338,0.0089588946322857,0.0129901431358548,0.0216578609885432
1552,0.100678793811649,0.0961584764850983,0.0234314219611851,0.0115601555968824,0.00817485769001784,0.00673010257649299,0.00627098211034036,0.00580556608340334,0.00762838216543412,0.00765859485974056,0.00674864273165813,0.00643401006376325,0.00683426740295319,0.00895107140692223,0.0130661221776825,0.0218054118532359
1553,0.105268861965792,0.0920735080158151,0.0229340687315538,0.0114296195207231,0.0081459574914632,0.00672227423262104,0.00629704570657907,0.00582281167432894,0.00768644688368994,0.00768266787354693,0.0067905924488784,0.00645938137873545,0.00688551580642322,0.00905650485478702,0.0132586496183572,0.0222442171253016
1554,0.109656102491966,0.088294581954607,0.0224465572249758,0.0113260335126849,0.00809875612197885,0.00675393231123325,0.00630889033831651,0.00583592813137138,0.00775450457277081,0.00772123869460554,0.00680797390277048,0.00648663999453221,0.00693097252793345,0.00914546027513845,0.0134560495928291,0.0226512218123042
1555,0.112899697900227,0.0858619679083225,0.0221667306035142,0.011246571224045,0.00807481882480368,0.00675339545147868,0.00631411356364041,0.00585443822542871,0.00776138232228833,0.00770397725089694,0.00677609036878197,0.00649161370431508,0.00692705812934744,0.00918695307577132,0.0135347218808999,0.022888561086548
1556,0.117809317676419,0.0821118674151576,0.0216882992688171,0.0111145343294497,0.00806266914150039,0.00672140077460041,0.0062949652251949,0.00586750899171976,0.00780790252510882,0.00773417474405658,0.00678306147319179,0.00649746973765841,0.00696452048205055,0.0092595645372755,0.0137114963568897,0.0232772729716144
1557,0.12291320876773,0.0790848453582708,0.0213164709903665,0.0110532726940303,0.00807786172494786,0.00672717537659868,0.00631070123822013,0.00589028207896819,0.00792744046101352,0.00780765613866616,0.00682800599579428,0.00652478095157204,0.00701460602300797,0.00938960970271111,0.0139068853615092,0.0237515917972581
1558,0.126812374773048,0.0772295152943166,0.0211209897280478,0.0109879502897787,0.00807952053053114,0.00676960765899479,0.0063529388820936,0.00590808930351815,0.00796195996974113,0.00784902578800252,0.00686971687511532,0.00659422126798676,0.00709895001236758,0.00950771726412941,0.0141095335092411,0.0241219795177513
1559,0.133138608043643,0.0746856267027134,0.0208694886032784,0.0109912390436505,0.0080764876850644,0.00679484089340286,0.00636407867121401,0.00594218155447619,0.00806997767394803,0.00790677788896073,0.00689862579783473,0.00662933205980055,0.00716844243633111,0.00960568149065595,0.0143253810624938,0.0246286117697276
1560,0.138454712198848,0.071982799886842,0.0205406327533495,0.0109073959471617,0.00806154721485876,0.00678531846149949,0.00636032031899628,0.00596806615773175,0.00813010609771402,0.00793213763112394,0.0069230598529113,0.00668455055987923,0.00720350484581715,0.00968924345583498,0.0145223328662872,0.0250675887957955
1561,0.142496715979742,0.0704080228006252,0.0203613302131938,0.0108742725853205,0.0080990794537984,0.0068095910291027,0.00639308894320565,0.00598536500534724,0.00820770907883278,0.00799076755571395,0.00696686331765381,0.00669115631829949,0.00726729976160671,0.00977917994274705,0.0146819238740134,0.0253829333260521
1562,0.148520463295771,0.0681027755067887,0.0201037034240775,0.0108272036674712,0.00810754598231923,0.00682795068902918,0.00640205624241863,0.00602149081682287,0.00828759343014956,0.00805920637931624,0.00700883337306069,0.00675972678396383,0.00733938882568391,0.00989973913952234,0.0149352886826035,0.0259181919292816
1563,0.153796320556201,0.0657790875687779,0.019799557769982,0.010759778665306,0.0080773896209789,0.00686241283764669,0.00643669739710294,0.0060271765566598,0.00837121903545593,0.00806558204870409,0.00702214374030078,0.00674816831854125,0.00738461799268669,0.0100528312394163,0.0150935550532976,0.0263726515266628
1564,0.159887544181148,0.0635800469926418,0.0195502233881381,0.0107267002041611,0.008090906738514,0.0068489026560845,0.0064468132304108,0.00604204497095659,0.00845819373805899,0.008137917179518,0.00706475598077921,0.00680272356897797,0.00746579339152378,0.0101297895781697,0.0154002626415538,0.026926493243591
1565,0.16361600121943,0.0626034464119525,0.0194758773318931,0.0107179131007551,0.00809062830156082,0.0068943070214026,0.00644820118735749,0.0061020694115593,0.00855430462917091,0.00817073734460329,0.00711484150758434,0.00685662649315352,0.00751984265055051,0.0102568146603576,0.0155989725937686,0.0273461486029779
1566,0.168674255958044,0.0607857612556754,0.019275018263139,0.0106877196214566,0.00812140263730093,0.00688925574343683,0.00648928080003145,0.00614888581634912,0.00862917636682698,0.00823701413298347,0.0071699708642532,0.00692339880720049,0.00758020647009198,0.010408247989083,0.0158436005829785,0.0279229395438772
1567,0.173286637872658,0.0587968134266157,0.0190135767121664,0.0106079886604427,0.00812923767877637,0.00690070638525136,0.00651920690547798,0.00614167328389146,0.0086920777892352,0.00825428431654059,0.00717998570372727,0.00696890492100867,0.0076653095494153,0.0105324451939638,0.0160766897937592,0.0284975252126583
1568,0.176186753754653,0.0578649104393044,0.0189592139417247,0.0106153592604291,0.00815262688374092,0.00693699502389333,0.00654369916060562,0.00617865212472401,0.00874252149295113,0.00826932176786993,0.00723775928472007,0.0070358964526676,0.00769303594088143,0.0106412100444865,0.0163009663302587,0.0289190212596032
1569,0.180096081395388,0.0563489022840593,0.0187689225349434,0.0106013102443415,0.0081676740431828,0.00700598583741375,0.00657464958426541,0.0062061623285702,0.0088592252068298,0.00831218375760162,0.00727636870221371,0.00707160821419554,0.00780110157950827,0.0108009792359665,0.0165828693896316,0.0296121887632038
1570,0.182724542745756,0.0545214991202665,0.0185192949151661,0.0105019384193131,0.00813936908330332,0.00696798141271424,0.00656847585757426,0.00622877733677538,0.00882583456166957,0.00835390952223306,0.00728483244360641,0.0071206116942014,0.00781800247667469,0.0109223220429275,0.0168112781165913,0.0302560308703797
1571,0.184222612206633,0.053601391613345,0.0183856559165714,0.0105302582673049,0.00812705801076059,0.00700268387401961,0.00659638525436879,0.00624548258989311,0.00888740022205865,0.00836186605510221,0.00731024560504205,0.00714926086529929,0.00786682424449395,0.0110354214939699,0.0170198780990145,0.0307013832332611
1572,0.185674890418392,0.0521406997670073,0.0181962592060221,0.0104468030216684,0.00814489154788745,0.00701516780988931,0.00661543153867723,0.00627065143451284,0.00890904798148577,0.0083631592345105,0.00731417759655824,0.0071800889389978,0.00794930535315112,0.0111657777190763,0.0173106801495005,0.0313855747519457
1573,0.186170138797066,0.050483612143846,0.0179396110817752,0.0103372941827388,0.00814511546252861,0.00705291948273351,0.00663553695034159,0.00627869251878989,0.00888560904768461,0.00834895291246686,0.00734266775357393,0.00723184339686766,0.00799819382349152,0.011294110191936,0.0176022325756569,0.0321817308221502
1574,0.185987130400758,0.0495869440699743,0.0177919851942891,0.0103335326415623,0.00811952610586065,0.00703031231985869,0.00661192257369163,0.0062847871005547,0.00890621672451173,0.00832578106191178,0.00733653533130615,0.0072581737312975,0.00800066378528015,0.0113640992693393,0.0177836371537357,0.0326434418419006
1575,0.184947790694012,0.0481313579614161,0.0175407237378437,0.0102829939327387,0.00811240160242487,0.00704627967864668,0.00663948230507021,0.00630047270154745,0.00887673716504975,0.00829910598048668,0.00735368057307188,0.00727391901952597,0.00805703245434036,0.0114962613995437,0.0180378243365118,0.0333961066923624
1576,0.182971068903214,0.0466358697755438,0.017272341083163,0.0101982519027087,0.00806674397779293,0.00705777521975791,0.00665169065944465,0.00631901653739107,0.00884444387973467,0.00828474125874502,0.00735610957684709,0.00729719336742154,0.00813043690072573,0.0116351097014112,0.0183998127569771,0.0343397334937484
1577,0.18120656031694,0.045761455883948,0.0171152981246337,0.0101378000950981,0.00806582092611983,0.00708197317733328,0.00668496056784902,0.00631846447651841,0.00881924088647911,0.0082651541493074,0.00733798962422003,0.00731211003189356,0.00817795117516387,0.011717266725725,0.0185708578935735,0.0348705002605828
1578,0.177289684097098,0.0442182972669625,0.0167792372444862,0.0100282369911828,0.00800250410172187,0.00705175845581113,0.00666328903220601,0.00632256629451309,0.00872858850965893,0.00819743606419339,0.0072946248050955,0.00728729862134502,0.00817263974996098,0.0117827576811601,0.0188063136874878,0.0355844015812844
1579,0.172846362109394,0.0426800373947327,0.0165084731948233,0.0099052902441971,0.00792390806268679,0.00706753046402229,0.00669760660688317,0.006350242893074,0.00866212373771985,0.00815105612398345,0.00728762319613534,0.00733408087335551,0.0082247085390886,0.0119305581329564,0.0191263990887299,0.0366743702660524
1580,0.169720336370413,0.041604946438053,0.0163481271072,0.00988255078740607,0.00796970032123711,0.00709943597165385,0.0067709126147188,0.00639748763084766,0.00863209513125653,0.00814600783210045,0.00731238046119251,0.00741237003618147,0.0083511293030778,0.012152447259658,0.0195905289008367,0.0379257601088119
1581,0.165304758254939,0.0406382523785298,0.0160828977488409,0.00975170256360276,0.00789473471096542,0.00703759317619492,0.00669498271582983,0.00637284555383348,0.00853527390052084,0.0080855559366847,0.00729755684116035,0.0073735016815261,0.00831167741626995,0.0121780121088753,0.0196954092774102,0.0384206660451858
1582,0.159149899576902,0.0391220304431368,0.0157022470241461,0.00964907252121959,0.00785654692067847,0.00704946044034156,0.00671669078496169,0.00637817249712535,0.00844637567608321,0.00801485004595307,0.00724757441776038,0.00740343623319609,0.00835064057479617,0.0123199596759842,0.0200740849939106,0.0396771464132325
1583,0.153395177422748,0.0379314707106069,0.0154453480199344,0.00951214522685002,0.00779400454380143,0.00701620603754221,0.00673162696156098,0.00641835728292807,0.00835820574834985,0.00796639743849922,0.00722833161044286,0.00741342288508005,0.00837739203901346,0.0124683690625937,0.0203910803617376,0.0407603176537975
1584,0.149458140917593,0.0371160643386515,0.0152562694558191,0.00947074334318121,0.00774662216108901,0.00706633490020524,0.0067345154600992,0.00638077837228074,0.00829218690027753,0.0079152063736681,0.00722805637796589,0.00743056657821062,0.00843504024951,0.0125521707023488,0.0206606560420625,0.0416207502434611
1585,0.142521032970562,0.035731618050674,0.0149054090333148,0.00935468504579746,0.00772169027471846,0.00701438393050889,0.00677937871102155,0.00644158310572652,0.0082079798422929,0.0078919266618507,0.00719109247766223,0.00746376802945741,0.00844307937292606,0.0127026195884159,0.0210557740453244,0.0431395929369914
1586,0.136376533525151,0.0345603420713988,0.0145848379521601,0.00922764533857256,0.00761770011544947,0.00702033127425085,0.00675422350690975,0.00643900992816488,0.00809444953565335,0.00779526188256264,0.00716989897399505,0.00743525723696198,0.00849030310963359,0.0128115201621499,0.0213674370217075,0.0443096040415907
1587,0.130731334396329,0.0335570866906906,0.0143629108930959,0.00911895579069764,0.00759140718619493,0.00700289999771468,0.00679194802667271,0.00646277344984175,0.00799565942567084,0.00770958899960952,0.00715481193253116,0.00749095188360604,0.00854380066949448,0.0130270307300044,0.0218128521642728,0.0459330858709675
1588,0.125707890057215,0.0325931978757971,0.0141201117594347,0.00904285263381593,0.00756071742472435,0.00702771038961767,0.00680008273134974,0.00649334020784886,0.00791021634384092,0.00767996954487136,0.00711650625153958,0.00746325289358991,0.0085608934462965,0.0131107716818487,0.0221127127995369,0.0471065856197589
1589,0.119658687286474,0.0314952630667952,0.0138078005290915,0.00892573607090964,0.00746482092937583,0.00698971689131091,0.00681644769614467,0.00650641067729376,0.0078096585968638,0.00760934621419056,0.00707251926315863,0.00746752075332841,0.00858512882714706,0.01325364792313,0.0224318650411551,0.0486033510152084
1590,0.114122317642853,0.0305446945751126,0.01357072863191,0.00882563542825674,0.00741229644306641,0.0069727319597764,0.00681524585276894,0.00649885504971247,0.00772724597179032,0.00756634653003569,0.00706368920318618,0.00746981748834562,0.00862816598862646,0.0134175367949198,0.0228544278035594,0.0504258296321445
1591,0.109678837737759,0.029727478596298,0.0133861513729242,0.0087112965218684,0.0073820609125905,0.00696942395798646,0.00684870677612163,0.00656355335752669,0.00768782440447779,0.00752812811596934,0.00703777896528973,0.00749272384516215,0.00869056834080549,0.0135574754344342,0.0231909775210713,0.0519056113592447
1592,0.104380525177109,0.0287929664065472,0.0131307488964336,0.0085942628140186,0.00734367177565759,0.00695719289660344,0.00686345410434987,0.00658602209151593,0.00759119413257277,0.00745862911587774,0.00704728158302109,0.00750945654091462,0.00872576864237868,0.0137080383291338,0.0236241143438879,0.0537393636782421
1593,0.0991148674931654,0.0278344372368614,0.0128579365067009,0.00850086278889558,0.00726713138411927,0.00697510147751257,0.00693096364705606,0.00659920907466745,0.0075122365957064,0.0073890648397674,0.00705255308261776,0.00750202397090199,0.00875935963997078,0.0138578971766792,0.0240703488857478,0.0558225100977113
1594,0.0950746408360156,0.0270912751374532,0.0126161988326357,0.00842921170152826,0.00721557700200546,0.00696494568525245,0.00690449291652211,0.00659729082468561,0.0074061621622153,0.00736360109572627,0.00699633772086112,0.00749371050389106,0.00880958974555767,0.0139583738704788,0.0243718577748679,0.0574959388744207
1595,0.090720182315901,0.0263270183399703,0.0124233986698558,0.00835128099996876,0.00719688603879068,0.00697085156411885,0.00695578289487246,0.00665231299944083,0.00734897378825019,0.00734073225284567,0.00697069615012515,0.00753139290930359,0.00886720542137171,0.0141908548414102,0.0249058649426592,0.0598888286313155
1596,0.0863326206781332,0.0255317665662969,0.0121834550173359,0.00827794443988015,0.0071512324903149,0.0069963845020019,0.00699896095927772,0.00672214442029642,0.00729180217394309,0.00730191602506971,0.00700138891890343,0.00761196478212442,0.0089336889460755,0.0144330374373281,0.0254692259202065,0.0626375852663987
1597,0.0829412814026575,0.024933240961614,0.012003174944087,0.00820216493302261,0.00710698403689559,0.0069629212719255,0.00702487824726272,0.00675910957884992,0.00723040437514879,0.00723896912262905,0.0069774268169532,0.00758947139622186,0.00895293117116239,0.0145461408873278,0.0257889016326726,0.0644698818158704
1598,0.0793750648630064,0.0243213389556266,0.0118480774949616,0.00817883455853109,0.00709679126527113,0.00699121045374941,0.00707813907681779,0.00683347518466667,0.00718899998738368,0.00723801056549217,0.00697302375334539,0.00762626090598586,0.00907267206711959,0.0147666134103723,0.0263599353107891,0.0673685797874447
1599,0.0756971331362083,0.0236041124344942,0.011661841479723,0.00808019032435002,0.00710023060937991,0.00700017570090615,0.00712557483419931,0.00688080803270335,0.00709458706251039,0.00720969191920258,0.00699407608100921,0.00764032632179931,0.00911798167828238,0.0149885857602841,0.0269770652733513,0.0704795017686806
1600,0.0727352868986985,0.0230291565146692,0.0114802199278875,0.00801452242318866,0.00704257967052604,0.00696460703476408,0.00715917713874399,0.00691854853502068,0.0070688349497922,0.00714215002894926,0.00697096270154752,0.00764795788134186,0.00919043324252966,0.0151551484830084,0.0274191994889568,0.0728679437353087
1601,0.0698421065687065,0.0225247405355613,0.0113472608652649,0.00799575067428414,0.00704296066411999,0.00703668279043322,0.00725622746315525,0.00702343469067257,0.00705993529959842,0.00718349327134305,0.007012257441439,0.00775067440618311,0.00931222500941334,0.0154454718573449,0.0281451621614916,0.0765628441012022
1602,0.0667335266887211,0.0219098280688858,0.0111961195525949,0.00790250182038973,0.00707346212720911,0.00702587234740132,0.00730783376699318,0.00711769564795709,0.00698961903568957,0.0071577722079848,0.00703688218077659,0.00772974442626843,0.00941258172044048,0.0156736025325673,0.0288355794252267,0.0801284360938737
1603,0.0634061666018859,0.0212896856400451,0.0109857994598064,0.00781362745773762,0.00699395616063614,0.0070858018470276,0.00739953184781357,0.00718886674068907,0.00693946386710957,0.00712847670714693,0.00705147712752542,0.00777214506804543,0.00947275297109221,0.0159467332514564,0.0295347528177884,0.0840817362690335
1604,0.0614450571401466,0.0208906523498739,0.010877945732569,0.00781143898258201,0.00701937222218078,0.00707571423316885,0.00743059512305724,0.00723075496458867,0.0069033776668373,0.00707407113636243,0.00704879800028492,0.00775764929312559,0.00952676881855138,0.0160989876813747,0.029993195110654,0.0866898654525394
1605,0.0587849102418603,0.0203627405286744,0.0107457274263532,0.00771031768587249,0.00697222388911191,0.00712193857884484,0.00751918731127625,0.00734008261906707,0.0068842589070756,0.00707971111766584,0.00705799976233439,0.00781427863971346,0.00964346032638869,0.0163896609024352,0.0307649905046742,0.0908185993514834
1606,0.0558510868278817,0.0197659478656311,0.0105800560849214,0.00763818513713519,0.00693970178212456,0.00711529450595024,0.0075919330115203,0.00742510554507377,0.00681173134348667,0.00705400842609988,0.00704617197852346,0.00785272327523527,0.00972503144234057,0.0166403950267037,0.0314151127265591,0.09489696893584
1607,0.0540971452479992,0.0194004684150304,0.0104842270846116,0.00763280979666783,0.00693805735454464,0.00712317744332332,0.00765327424571981,0.00747117556225931,0.00677841862297848,0.00701470856948641,0.00705868226854802,0.0078550278871707,0.00975975167392175,0.0167937363854626,0.0319218936215366,0.0977378711485511
1608,0.051765987389069,0.0189029457359444,0.0103356450231771,0.00758100898822295,0.00694266166684224,0.00717039693811738,0.00771971080068489,0.00759334744150459,0.00674520320809786,0.00701739790870303,0.00707886416775737,0.00790624822345932,0.00986955285090067,0.0170791834717442,0.0327253594529864,0.102082198860824
1609,0.049693267728048,0.0185376635317911,0.0102725764977384,0.00757646512695957,0.00696279986997184,0.0072295201284088,0.00788696829723106,0.00775279888479759,0.00679900350944414,0.00706837151157243,0.00712897140450429,0.00803312180704768,0.0100523102395373,0.0175345790198344,0.0338426162067279,0.107558749964763
1610,0.0483086434333924,0.0182699055503701,0.0101871876583932,0.00755437337420263,0.00697158424897732,0.00725568994621559,0.00794830857435367,0.00784512566385496,0.00680228304150031,0.0070782164954947,0.00717151833066599,0.0080809082955498,0.0101371838057534,0.017798839699105,0.0344829042247348,0.110868026138539
1611,0.0462585200939954,0.0178238835644762,0.0100594852866933,0.00754727141861737,0.00696113698871733,0.00730799819486117,0.00805733564821542,0.0079498701859319,0.0067322317217935,0.00700676496863921,0.00717906246786804,0.00810040067427064,0.0102483761646568,0.0180235275245937,0.0352224452634044,0.114929686617178
1612,0.0444640844975211,0.0175029964476063,0.0100008612232683,0.00752145895953446,0.00700608571201172,0.00740832861071174,0.00818501228630276,0.00813639230202645,0.00673970696379538,0.00706530071944218,0.0072553165650129,0.00819443334023743,0.0104271195256934,0.0184656424285395,0.0363557560940523,0.120206338203594
1613,0.0430216289208162,0.0171404668925794,0.00988282142573339,0.00747416514616793,0.00699280339337503,0.00736749973241858,0.00821108067035662,0.00816135177216427,0.00669848416170346,0.00700780114962327,0.00720802403961251,0.0081945768248322,0.0104649830501041,0.0185928189116065,0.0367603158659935,0.122466027293901
1614,0.0412474810043946,0.0167813547843236,0.00975727700203167,0.00744165444487676,0.00697181137002115,0.00741717055119551,0.00830591070330504,0.00824967175621285,0.00668997198360723,0.00701121911278778,0.00725049328606092,0.00824645684993895,0.0105833274559162,0.0188747241252009,0.0376043047798122,0.126379881422995
1615,0.039635444530701,0.01646031394524,0.00969579228646215,0.00741671742861897,0.00702721958532481,0.00746708449758155,0.00847164820745107,0.00842231896566695,0.00669276862548569,0.00705209507832677,0.00733869124666344,0.00839238949961188,0.0107936995228242,0.0193556076071118,0.0388197558907427,0.131248849516563
1616,0.038676006287264,0.0162679645538801,0.0096511486659527,0.00743067921895724,0.00699872480934264,0.00751315783920535,0.00850473852873539,0.0084917868215417,0.006701371249663,0.00704023442983049,0.00734990253601643,0.008390849745612,0.0108469011103913,0.019508482304437,0.039310814697848,0.133223599655189
1617,0.0371555103496328,0.0159086705342473,0.00956372384965268,0.00738298349749285,0.00702378001952743,0.00754742028879081,0.00858328984344599,0.00860402086276747,0.00667584961310471,0.00703148614510934,0.007391794272687,0.00840394362431141,0.0109741821762717,0.019777994786763,0.0401664440531888,0.136152042337003
1618,0.0357211415573555,0.0156296603235818,0.00948236596950109,0.00737804854692763,0.00703851528862806,0.00756124203674041,0.00868564452387043,0.00870256165306518,0.00667098582983023,0.00705469809630989,0.00743307589040189,0.00851625109416769,0.011127608018822,0.0200992572658145,0.0410591864768335,0.138797410436046
1619,0.0344191784517625,0.0153543001762734,0.00943177487382406,0.00737036508964297,0.00703115161852647,0.00760572519538892,0.00873979139071483,0.00880834645541116,0.0066340855540548,0.00706188148094886,0.0074973835960773,0.00858307196759467,0.01124944900205,0.0203735250056212,0.0419333332375218,0.140935845054691
1620,0.0335223100518585,0.0151021783992191,0.00933552905365565,0.00732351754515443,0.00703706158717101,0.00759490416376075,0.00878321501199602,0.00880537838667376,0.00664386108811704,0.0070071366777045,0.00749216134548478,0.00863062202402461,0.0113019321261175,0.0204769820916278,0.0422951308782541,0.141153814016849
1621,0.0321880651704816,0.0148201645120169,0.00919183237149811,0.00728448705043157,0.00701057613587645,0.00758603989416299,0.00879356083590354,0.00882943960786012,0.00660057392225202,0.00700859074642452,0.00748110066820603,0.00864613485926522,0.0113978463363067,0.0206746072779496,0.0430253684288854,0.141571571947101
1622,0.0311039132493413,0.0145748598400898,0.00914765901402965,0.00728220743435517,0.00701396598850586,0.00764128197930542,0.00883852805985006,0.0088856878360698,0.0065790955129059,0.0070414291055157,0.00752693881138408,0.00868994685205739,0.0115082414691387,0.0208972238419395,0.0437918678426226,0.141496850222574
1623,0.0303374556895949,0.0143929495401315,0.00906806087441112,0.00721446716320936,0.00699914419247949,0.00761146350921165,0.0088344861547279,0.00886861894914396,0.00654287245547663,0.00700594518607027,0.00753257815754321,0.00873569399752412,0.011537825405455,0.0210307855493126,0.0441822863081046,0.140887886526355
1624,0.029161826328101,0.0140799026793173,0.00899137879959261,0.0071674441161113,0.00695103175307057,0.00757352616019403,0.00882830811808101,0.00880730240317443,0.00651209823428982,0.00698035037580962,0.00754277457783616,0.00874162616636641,0.0116018492464093,0.0211328427138655,0.0447349250164528,0.138977980448136
1625,0.0281265014069845,0.0137993002986748,0.00889438984986618,0.00713143969724186,0.00695804693763817,0.00754946389825916,0.00879651196307152,0.00881821875248163,0.00646513860662142,0.00696074892179855,0.00754101732002022,0.00878374335710624,0.0117067140957521,0.0212678564357794,0.0453344728029176,0.136693066473093
1626,0.0274024280997802,0.0136392024388998,0.00882844221763928,0.00709299810124211,0.0069200558392805,0.00748741790058547,0.00873373671689807,0.00872454469208702,0.00643151563446638,0.0068819618258296,0.0075203799032459,0.00879474874183727,0.011720985803927,0.0212287889394776,0.0455429568386038,0.134331799095233
1627,0.0265660277794348,0.0134358783891723,0.00880202561541012,0.00709565618391215,0.00691110075579943,0.00750647935627331,0.00872365390234671,0.00875802501940399,0.00644656417299426,0.00690955479440311,0.0075659221366952,0.00889418111981987,0.0118245477123235,0.021452717667138,0.0463369262836667,0.13150819585235
1628,0.0255387146385843,0.0131161327720791,0.00865759123624648,0.00702591744390084,0.00687593686354464,0.00742952311991233,0.00863486963223471,0.00864675157194729,0.0063949243540664,0.00684831274891645,0.00753047738024925,0.00885697751335912,0.011880827279158,0.0214404343627899,0.0467871914644573,0.127059364082382
1629,0.0250039496180351,0.0130249147095459,0.00861062718792492,0.00698950113155381,0.0068475957606478,0.00739601164614158,0.00858574450053962,0.00856988413508296,0.00636520307436452,0.00685475650350256,0.00750354017764079,0.00885946701430863,0.0118935395650393,0.0214825001842402,0.0471085240442684,0.12424672993963
1630,0.0241103042842844,0.012735889057249,0.00847934271449874,0.0069416092189745,0.00680191993700028,0.0073195468198105,0.00850547980544366,0.0084572208262895,0.00631427384303136,0.00678327020082994,0.00750370541717884,0.00886818487435,0.0119350030625663,0.0214994016244397,0.0476692108583136,0.119204080387868
1631,0.0234275274861999,0.0126036275915627,0.00844775599969737,0.00694092626821104,0.00678902303697571,0.00735572108070349,0.00848471082201495,0.00839546117524911,0.00631626930421,0.00681977480465351,0.00751495507880435,0.00894911636445128,0.0120289339246407,0.0216826164355311,0.0485800235144223,0.114873690936078
1632,0.022618303325162,0.012320169600857,0.00833241629666373,0.00687470172267034,0.00673011825753152,0.00728307692177334,0.00834137016756246,0.00826162475487066,0.00627880369354065,0.00675574945452661,0.00748058312209018,0.00888592385050155,0.0120424777033882,0.0216551081766667,0.049054569992655,0.109374341275161
1633,0.0221451667057618,0.0121763774727773,0.00830868287666028,0.00684080295535384,0.00673392244773472,0.00728748722372233,0.00829037792611684,0.00819458155142892,0.00623071692871089,0.00673106770733927,0.00745417312399587,0.00890663378804939,0.012084672719509,0.0217419111794725,0.0495805322461404,0.10578838500933
1634,0.0214555368046659,0.0119542465901449,0.00819854020159247,0.00681700829600429,0.00669052590931379,0.00724515297310334,0.00818890091441601,0.0080961938589425,0.00618230314168938,0.00666873904340926,0.00744507726334576,0.00890752553237866,0.0121563662671411,0.0218020083637532,0.0504231360556491,0.100553657140588
1635,0.020764129413503,0.0117249455652653,0.00808246204075337,0.00674727817815488,0.0066636535802824,0.00717440873698187,0.00806709214237823,0.00797112673399306,0.00616855372379996,0.0066634318415392,0.00741035227628094,0.00889605402954341,0.0121654744069293,0.0218647965988982,0.0511881540855401,0.0951656772851452
1636,0.0203430218813402,0.0116299449259582,0.00806693099792337,0.00673306114441324,0.00662102021284033,0.00715228788732191,0.00804160118165269,0.00790461196424877,0.00617522292307352,0.0066614766824394,0.00740352412741568,0.00893407545639384,0.0122538274775737,0.021966989972221,0.05194332114834,0.0918745138599827
1637,0.0197200549832218,0.011403793308281,0.00798989278490623,0.00665892915070316,0.00659316650869503,0.00707657356986212,0.00796491147983931,0.00780308555606119,0.00612507044047939,0.00663467181714141,0.00736466790193625,0.00896035641775286,0.0122817757811869,0.0220525409333505,0.0529467039815054,0.0868004294698224
1638,0.019130455493131,0.0112113112240918,0.00792736270121332,0.00660845135111831,0.00652726859850758,0.00703417596962102,0.00789202485496667,0.00767269015094032,0.00609366678270583,0.00660708218544061,0.00735506564315335,0.00898336324612698,0.0123445627098504,0.0221540475339567,0.054056455717295,0.0820670813944548
1639,0.0188052985109775,0.0111325561350996,0.00786563827941695,0.00663231425942371,0.00655444918096271,0.00704775695482949,0.00788032020056809,0.00764718652465228,0.00609188687165345,0.00663295186931185,0.00740015637910321,0.0090220481114513,0.0124659718830496,0.0223792107950461,0.0551896336863038,0.0793304568053089
1640,0.018331890729199,0.0109745665609011,0.00781848654504416,0.00659927988844025,0.00658188626558336,0.00701258665971883,0.00787504232621299,0.00759880759069421,0.00610789080821609,0.0066551638394441,0.00743054725451405,0.00907602704252082,0.0125961919765721,0.0226496567442789,0.0568776568779208,0.0752052456448756
1641,0.0179341237717437,0.0108833069502676,0.00782007203437745,0.00660180312102219,0.00659333916098115,0.00707082785717864,0.00782827964043463,0.00753664314468887,0.00612986587935883,0.00666755278760168,0.0074596933213898,0.00915623129407453,0.012763673532815,0.0229555857649808,0.0586646975459306,0.0715647283363632
1642,0.0175068334312163,0.0107183143221471,0.00777044965202396,0.00656119367371097,0.0065707849943478,0.00707551538062201,0.00779431455998698,0.00750871928827434,0.00610862899213347,0.00666572278617051,0.00746301545822868,0.00917776692277484,0.012922626443048,0.0232441968084326,0.0606088664667376,0.0680089377666459
1643,0.0171507956669888,0.0106492771870537,0.00769360174714267,0.00652247468688157,0.00653227077291531,0.00703451764438194,0.00776711800134446,0.00746728937860173,0.00613019865842112,0.00670625377170966,0.00748643518612966,0.00918922722184015,0.0129489767764167,0.0234238819281324,0.0619910406010298,0.0654029831191861
1644,0.0167294108097796,0.0104621890681661,0.00764619023996126,0.00652044790318206,0.00655488845221548,0.00707006301398126,0.00771125683096668,0.00740797853579741,0.00611166526096978,0.00669244114290939,0.00750459046719859,0.00927134913820517,0.01311649777928,0.0236827067641984,0.0640256043655777,0.0622702933749448
1645,0.016349800814518,0.0103398141829239,0.00762074632812183,0.00654254514857219,0.00657645910134455,0.00707665156380348,0.00774840542131906,0.00738137569083552,0.00617034998806267,0.00673852892730509,0.00753095898499349,0.00936676592766402,0.013335940173104,0.0241272922882804,0.0665832810921834,0.0593613762151038
1646,0.0160876687716774,0.0102531445730012,0.00760058284514384,0.00650269339571968,0.00655063944251828,0.00709668992631991,0.00775482486965446,0.00738059009924909,0.00613652087113834,0.00675036161165087,0.00754301770998867,0.00942557594354092,0.0134495841201832,0.0243837636057218,0.0683103354682041,0.057357618057785
1647,0.0157150292493457,0.0101343092862517,0.00759395165071491,0.0064840154364961,0.00660852428807277,0.00712470744249658,0.00772615253855825,0.00735564592881074,0.00614304078654655,0.00675170590669775,0.00758415183018276,0.00946211400191872,0.0136301022767699,0.02473855245173,0.0708404442526663,0.0548051427242592
1648,0.0153726604027281,0.0100468919592766,0.00754093581414292,0.0065015386855207,0.00664475941237989,0.00714226747568685,0.00774349781009847,0.00736628383314115,0.00618580829609817,0.0068052575462265,0.00764908118299515,0.00957791280393205,0.0138182552103465,0.0252606838092422,0.0738036966207904,0.0525357392879657
1649,0.0151646344152477,0.0099725704397881,0.00753332226582253,0.00646341125661251,0.00665970308256966,0.00718194766062728,0.0077810678227896,0.00736977007865483,0.00621208062097481,0.00684058191937615,0.00768615563996935,0.00963747961056902,0.0139999444874146,0.0255900360712042,0.0760559107603469,0.0508722395160233
1650,0.0148682155383316,0.00990933770674558,0.00750601114697563,0.00650301824971694,0.00666976901724442,0.00723740709692406,0.00782598750616046,0.00740208843748334,0.00626761341089608,0.00689334833764474,0.00777760744088194,0.00979591270790583,0.0142572257893478,0.0262366775821087,0.0792057341998197,0.0491473791357639
1651,0.0145662308172916,0.00983010085502192,0.00750904634906814,0.00651210981897648,0.00672051725456291,0.00729976593654999,0.00789709434900081,0.00742293884075068,0.00626767545402526,0.00694262032585928,0.00786064209481706,0.00987163914847632,0.0144998375040729,0.0266729869242331,0.0828860034421376,0.0471264086430236
1652,0.0144229613548565,0.00978535320216955,0.007512222539451,0.00654603210097064,0.00678103803184238,0.00736709067119024,0.0079532951498865,0.00747432193674113,0.00627482436416588,0.00695981497916086,0.00791084961309914,0.0100172199988034,0.0147154991863149,0.0271985560945953,0.0856577693069226,0.0460770138179113
1653,0.0141862646718406,0.00975090053981479,0.00750962985681143,0.00656883168335223,0.00680846261763159,0.00743033226338672,0.00802855039399024,0.00756788455794957,0.00634733875228803,0.00705147141651224,0.00796756665566588,0.0101509053798157,0.0150028411973699,0.0278353011704366,0.0892953144427645,0.0445887005970803
1654,0.0140001800230981,0.00968414444332001,0.00748352261483142,0.00654768640647997,0.00682577875651447,0.00750099623628076,0.00801338516253969,0.00761681949695226,0.00635963821017073,0.00706893015132047,0.00800065531700322,0.0102094530150648,0.015183621371773,0.0282640578424291,0.0918785978228869,0.0435053450971964
1655,0.0137680839815136,0.00962061925417018,0.00751719143899003,0.00658882174630727,0.00688334968608375,0.00758270753259683,0.00813705665541812,0.00766964849931164,0.00636624264423083,0.00712992139065439,0.00808816721259179,0.010342939798359,0.0155017241622175,0.0289796175355366,0.0959189105333062,0.0421914399372519
1656,0.0135170616251928,0.00956676990763498,0.00750491723369737,0.0065988713160309,0.00693503374185528,0.00764468601586991,0.00820976538042084,0.00777789137619875,0.00641128059188754,0.00714751737153629,0.00816673055481231,0.0104975701605279,0.0157785923350871,0.0295903962909451,0.099577453633282,0.0408714255310136
1657,0.0132911568919111,0.00948973433251054,0.00752133037065054,0.00663511123233575,0.00699406137788112,0.0077644863486095,0.00831801189352014,0.00785011504689749,0.00644345126080146,0.00721514075881158,0.00823581284482262,0.0106280334272434,0.0160679221616958,0.0302334159049289,0.103427669924694,0.0396203381630483
1658,0.0131416777836611,0.00944968233162955,0.0075280757343009,0.0066911199610415,0.00709319841226177,0.0078857487887498,0.00841933681394114,0.00797294150825674,0.00653760995851084,0.00726127026904089,0.00834350406094692,0.0108157749488245,0.0164054566987721,0.0310041276915908,0.107385944188498,0.0386677080360946
1659,0.0129505338747931,0.00938942206217119,0.00754331547823694,0.00667809652103721,0.00707835246860532,0.00787006840264333,0.00842962322282503,0.00800604861220791,0.00651259537205584,0.00725984623434387,0.00832843476260652,0.0108307675309369,0.0164778973361236,0.0312231078745797,0.109032742126705,0.0376995410467924
1660,0.0127300975123261,0.00932664876617996,0.00750571802972465,0.00672084407901717,0.00710542645208732,0.0079617616100307,0.00853033053701047,0.00810877756915132,0.00655957083854507,0.00734799700653455,0.00845203552709091,0.0110443258546554,0.0167930761047624,0.0320841081306953,0.112405045019429,0.0369022084202857
1661,0.0126168449428347,0.00934753744628,0.00756480034682069,0.00679257729273416,0.00721917541866099,0.00811929037296422,0.0086484284822241,0.00826706607635698,0.0066723124048421,0.00742683554858813,0.00855115393654071,0.0112082138827174,0.017178186168043,0.0327972383274405,0.116159112606023,0.0361345636832293
1662,0.0124439249304962,0.00930231316332181,0.00759925544232317,0.00684467453488014,0.00728758975327351,0.0082176094752547,0.00878228878912086,0.00842441863833447,0.00669986911822942,0.00747679961720047,0.00866181433258293,0.0113614197642125,0.0174953795388559,0.033485452192475,0.119145371531887,0.0352977886318372
1663,0.0123542337407814,0.00927379881541037,0.00758627504124436,0.0068368668465126,0.00731288884858356,0.00828442734071808,0.00880536355382657,0.00849490217721988,0.00674875658881222,0.00750630665978762,0.00869158291054537,0.011476051950302,0.0176396213327457,0.0338368465105615,0.120442404310464,0.0347158378108712
1664,0.0121095086111312,0.00918493170719189,0.00754229194146176,0.00682536242059394,0.00734379277675418,0.00828083524362461,0.00883304956041821,0.00855538290890291,0.00674503356313986,0.00749919103427495,0.00873644471527057,0.0115607550224789,0.0177841941389032,0.034204355920271,0.121453972125116,0.033802779484111
1665,0.0119328732052386,0.00909154055960883,0.00754744819448058,0.00683606423175789,0.00740507239383797,0.00832308577799938,0.00891188490059446,0.00867792133518505,0.00676372240001598,0.00755249976412615,0.00875940774301288,0.0116947518174907,0.0179750693301413,0.0346200088402844,0.122384598655951,0.0328729229525251
1666,0.0116823554461161,0.00898118671681066,0.00751717790725953,0.00687581743603474,0.00736213279112014,0.00830503740625677,0.00890744831249577,0.00874774029828654,0.00678174416525803,0.00754270057899989,0.00880504097295682,0.0117505018921896,0.0180368636955874,0.0349040786584751,0.122065582025051,0.0320326376989514
1667,0.0115476603468194,0.00893083087113684,0.0075180194055334,0.0068881234076883,0.00741162962177522,0.00832003716915915,0.00895901600012352,0.00886140305340673,0.00680879237933249,0.007565259561191,0.00882502053218387,0.0118499194843182,0.0181895561242085,0.0351795948945279,0.121885555497939,0.0312028467921535
1668,0.0113954328193312,0.00890580304017337,0.00749586336436335,0.00691053423296213,0.00739830274402159,0.00832598800312838,0.0089806448790614,0.00892923714879487,0.00683116786456348,0.00761397998207864,0.0089260181148375,0.0119700002449294,0.0182484649292969,0.0354458236448755,0.121135463392087,0.0306477619047814
1669,0.0113024829706967,0.00886865150938131,0.00750267362423455,0.00690797060139773,0.00739494675749195,0.00838635838472726,0.00899347551806318,0.00906557752054963,0.00689086899397249,0.00763220257135186,0.00891720258248632,0.0120029463461761,0.018358867591229,0.0355360180532205,0.119633769303844,0.0298641782337194
1670,0.0111204405542099,0.0087637521727748,0.0074852633455012,0.00689416237419851,0.00744201353287664,0.00834687611998513,0.0089710799808062,0.00914647816094326,0.00683661421479421,0.00760816756356822,0.00893112244312433,0.0120740650725934,0.0183317021846372,0.0356128423347717,0.11731186375289,0.0290068114110299
1671,0.0108977043471896,0.00868140825346859,0.00743378072003598,0.00683330841059628,0.00733968087831863,0.00828625715665927,0.0088580815149729,0.00921375288479614,0.0068722018948348,0.00758218548258185,0.00891134158716949,0.0120506560561905,0.018294254017325,0.0354924426610239,0.113728740202931,0.0279500038637795
1672,0.0107023477027013,0.00858819480806785,0.00740100533489918,0.00682259179837616,0.00731081752778501,0.00822022872643885,0.00880276876193653,0.00930241066271219,0.00688740222913176,0.00754214488836567,0.00894560203511115,0.0120677023673411,0.0182652338543911,0.0353874110446859,0.110064858549345,0.026972755448223
1673,0.0106428042501665,0.00852807669105567,0.00733900232239769,0.00681382421397625,0.00727056401640974,0.00817313253250498,0.00872337065617956,0.00932582731611893,0.00683746476645535,0.00752371819693579,0.00889468277434918,0.0120556870271606,0.0181739126499185,0.035198246113443,0.107543200589117,0.0263658491371787
1674,0.0104258101773976,0.00834315647439777,0.0072830171293001,0.00674070900362232,0.0072473056678014,0.00800502851621884,0.00858514438982132,0.00938137643136172,0.0068191735520995,0.00747694577716108,0.00886712144231096,0.0120214897606466,0.017992864431703,0.0349505638783701,0.102804440753229,0.0252777107395099
1675,0.0102586169883006,0.00828099880455644,0.00719308693159917,0.00670297074739055,0.00713865127774751,0.00793603973503098,0.00848400777895046,0.00946474256360844,0.00680042778732145,0.00743899405646232,0.00881900502851735,0.0119376392913025,0.0177870349105259,0.0345839731916927,0.0979406307677063,0.0242692757979993
1676,0.0100810819263776,0.00811400534108192,0.0071631279426805,0.00666633568762103,0.00705178398502225,0.00783588390377135,0.00834654968371551,0.0095024606668274,0.0067731525202482,0.00737483423440874,0.00875650580842327,0.0119070994668163,0.0176086290268129,0.0342925011029508,0.0933212261642102,0.0232944500123151
1677,0.00986703447245426,0.00802119354763666,0.00704586398929567,0.00661112400953745,0.00695407837846761,0.00765720136995744,0.00816814747240084,0.00958641570274551,0.0066977392212977,0.00731803165228825,0.00867096805832865,0.0118173317933063,0.0173357801876106,0.033826146119475,0.0880215774623489,0.0222413716457106
1678,0.00965218649702049,0.0079088826660633,0.00697321532382879,0.0065183417952707,0.00682691650211969,0.00754558991252238,0.00804398115420015,0.00961355623349985,0.00663614487199951,0.0072474878499284,0.00859603288645354,0.0116985768252341,0.0171448084811243,0.033430082162432,0.0843268703007404,0.0214787815594032
1679,0.00949539835603033,0.00779776339656378,0.00687049007583403,0.00646213241129068,0.00672719919956964,0.00739997505456005,0.00791140689408179,0.00968746688223613,0.00660669256168213,0.00718707246570531,0.00848781295787237,0.0115781028692312,0.0168580642750679,0.0329667590276928,0.0796215430020274,0.0205162250355441
1680,0.00924582920127694,0.00761179390060661,0.00675964374380689,0.00634502381149389,0.00665668338632002,0.00721163345132749,0.00771327667701188,0.00978288878463456,0.00651236705196533,0.00704966836739073,0.0083708793853183,0.0114259649353622,0.0165099794301673,0.032464238661227,0.0745428494305277,0.019508667633272
1681,0.00902888322314267,0.00748722033694657,0.00667479322530992,0.00626334514075895,0.00654815596191568,0.00706095356427409,0.00750533900374753,0.00988722898586594,0.00642951496538866,0.00694344518795592,0.00828469068309687,0.0112795643002677,0.0161983838976149,0.0319292282344558,0.069918541513281,0.0185746985383634
1682,0.00892261490065963,0.00741586789976574,0.00659380115039912,0.00617093468408575,0.00641367687872711,0.00697170640399041,0.00737325339595731,0.00996433287016488,0.00633190070009973,0.00691104309577312,0.00819101939327113,0.011156447480243,0.0159537682498727,0.0315338359185546,0.066654092202252,0.0178664797273535
1683,0.00872464639404897,0.00727280010452605,0.00648054130375316,0.00611367055316685,0.00631307675169873,0.00683100244825679,0.00722694177438038,0.0101187520645273,0.00627044775019367,0.00681097661160737,0.00806705386655859,0.010999519153104,0.0156617782959986,0.0311300471750279,0.0624681689919582,0.0170135698862249
1684,0.00855710315247339,0.00712751912028975,0.00636436908196762,0.00602137287766176,0.00624648066123754,0.00665670569773509,0.00709452224816224,0.0103180268807892,0.00621172064517887,0.00670608971416345,0.00797347531948379,0.0108607229436721,0.0154060696730108,0.0307975397312592,0.0588433996896946,0.0162646660649859
1685,0.00835813237354449,0.00700302599071706,0.00626518686900967,0.00592159537903803,0.00610537228021231,0.00651792139374065,0.00688685547600995,0.0105653408823161,0.00607734704447754,0.00659556555484763,0.00777332019957235,0.0106535163923589,0.0150380011005639,0.0302106625366918,0.0548255950670493,0.0153310443178533
1686,0.0082087876203102,0.00686380642167962,0.00618827974742386,0.00582819092729128,0.00603819169899927,0.00637603266676742,0.00678175414893265,0.010804866442479,0.00603023723665046,0.00649833981962878,0.00769674402494668,0.0105279390414727,0.0147740331955128,0.0299300751907395,0.0516773403152145,0.0146476280899403
1687,0.00807280035891877,0.00675341249446244,0.00612372191321068,0.00575617340715438,0.00594643154260719,0.0062805335504251,0.00672277877163333,0.0109482278612513,0.0059889245179008,0.0064080838286713,0.00762134956392851,0.010385442872075,0.0145696721099695,0.0296844751378542,0.0496802965384556,0.0141678127794552
1688,0.00791801442681278,0.00660165215944077,0.00602321587035787,0.00562730635928512,0.00584568979235534,0.00612416366655304,0.0065686732822567,0.011345890214807,0.00586257221210849,0.00628831017623166,0.00749527815221895,0.0102286849762553,0.0143136993359378,0.0293407665971827,0.0466237897088333,0.0134430534428463
1689,0.00772593018274536,0.0065182758803376,0.00589992630397818,0.00558847250749699,0.00571215389451098,0.00601815318103523,0.0064729592948414,0.0116845636212767,0.00576079811535717,0.0062091279272751,0.0073336488872607,0.0100398131486895,0.0140132611936667,0.0290406307202286,0.0441974010326799,0.012879597786852
1690,0.00758437001811537,0.00632120041735657,0.00581425038993339,0.00548336154131861,0.00563564544688825,0.00586012029683721,0.00634138823935017,0.0119511354406931,0.00567583361829175,0.00605742881145264,0.00718660108118336,0.00985018127632386,0.0137161012901371,0.028696453401898,0.0418806828939564,0.012265413925536
1691,0.00737849272210831,0.00618102850945112,0.00567800166308553,0.00533905071182135,0.00549914448309132,0.0057088336332589,0.0062350496887655,0.0123343755057731,0.00554638592216469,0.00591961828180706,0.00698899595070902,0.00956451950637802,0.0133341110125008,0.0283349859015642,0.0392246038237555,0.0115828113518353
1692,0.00726571131112082,0.0061120833475417,0.00559501902123632,0.0052700655989011,0.0054116606700917,0.00562342927990217,0.00622238250669416,0.0126248194866951,0.00555694216136241,0.00586757419520071,0.00697836061341528,0.0095276718283151,0.013260365274295,0.0283701617423686,0.0381741205478031,0.011318603483571
1693,0.00719948176821997,0.00606126035756308,0.0055322495935315,0.00523786305308457,0.00537083769040269,0.00558214677038633,0.00623536597104467,0.0131542356004948,0.00550840028510541,0.0057862594563617,0.00687752457517032,0.00942262729374414,0.01307389537007,0.0283579928500807,0.0365807961412856,0.0108927842028283
1694,0.00700020384368628,0.00590815357387638,0.00543331564824375,0.00511854871526776,0.00522211891082493,0.005477656875921,0.00606747487222103,0.0135655171118303,0.00534317959579137,0.00565275169991335,0.00668374336658926,0.00912314329220639,0.0127372789149494,0.0279415736037305,0.0345042320973791,0.0103297434295798
1695,0.00687318866079639,0.00586057562117618,0.00533330242033099,0.0051130323320784,0.00515863670135317,0.00538112624892109,0.00611316048308448,0.0142447743030819,0.00532091560064089,0.00564094159925986,0.00668982092385942,0.00909409812227733,0.0126472840086762,0.0282268573553338,0.0332640502970414,0.0100629539561717
1696,0.00679622445375011,0.00576116062723349,0.00527411717120665,0.00504379990127578,0.00508780150152707,0.00529015825495498,0.00602714983769322,0.0144763475971184,0.00522014347137174,0.00554370925408876,0.00655714418946983,0.00900231341337806,0.0125198629823637,0.0281567308220416,0.0322644446736493,0.00974871854097828
1697,0.00667057496851702,0.00570169061915073,0.00515136430871068,0.00494473932218782,0.00500259211686549,0.00523763818888928,0.00606010191582806,0.0150990137925367,0.00511998190832145,0.0054122771223041,0.00645351109233493,0.00883979113598093,0.0122844213245076,0.0281211621043053,0.0309203698662032,0.00935256320752351
1698,0.00658281345076483,0.00557276446983599,0.00510933937927896,0.00489927228189471,0.00497147657051269,0.00522434960339945,0.00605489906986096,0.0158412791411455,0.00511455471320854,0.00541723198468069,0.00637233033380229,0.00880264426036863,0.0122152428561065,0.0283696404015489,0.0298970823306684,0.00909453948616759
1699,0.00649740325099029,0.0055494917509058,0.00500771667478844,0.00475971923062711,0.00493163917646494,0.00513861350758235,0.00606721382987388,0.0163326922690942,0.00501555002559947,0.00532913320643745,0.00628522130390462,0.00866575873488254,0.0120360947963966,0.0284667520632969,0.0287500639901532,0.00878984218639178
1700,0.00644948746626013,0.00545659762013408,0.00492851458631724,0.0047418515733648,0.00488799860034932,0.00508031194672158,0.00613441907656662,0.0171653562486716,0.00497117506808647,0.00530594940735867,0.00624897373985048,0.00863456654437818,0.0119919344232419,0.0288492131350792,0.0279600964435454,0.00856556476395194
