wl[nm],Channel_1_Responsivity[A/W],Channel_2_Responsivity[A/W],Channel_3_Responsivity[A/W],Channel_4_Responsivity[A/W],Channel_5_Responsivity[A/W],Channel_6_Responsivity[A/W],Channel_7_Responsivity[A/W],Channel_8_Responsivity[A/W],Channel_9_Responsivity[A/W],Channel_10_Responsivity[A/W],Channel_11_Responsivity[A/W],Channel_12_Responsivity[A/W],Channel_13_Responsivity[A/W],Channel_14_Responsivity[A/W],Channel_15_Responsivity[A/W],Channel_16_Responsivity[A/W]
400.0,0.0106469672049983,0.0089832954422719,0.0093137274592618,0.0095960192209541,0.0113779679130481,0.0081679329401264,0.0059031420673865,0.0071344526947608,0.0128159333032814,0.013159292879685,0.011492996199845,0.0123736326730018,0.0127171537970452,0.009482794665042,0.008616027121465,0.008336128717448
401.0,0.0107795656339323,0.0096669189615797,0.0096210767781041,0.0101417640113142,0.0112053139383228,0.008283895099912,0.005547135674357,0.0075179774107091,0.0125224621823224,0.013465689830927,0.0110138133263829,0.012588154599398,0.0133552723592026,0.0098029980822504,0.0084446966291478,0.0085889964831165
402.0,0.0112355333293618,0.0100185895292484,0.0095038609982272,0.0102701409592813,0.0111237762870566,0.0082337534290515,0.0060640218997524,0.0075171617434397,0.0125660035692165,0.0139815389979893,0.0114055758827164,0.0123702503132865,0.0141104027428003,0.0098624857971847,0.008239181658532,0.0082326615952923
403.0,0.0115449135378964,0.0105256541500133,0.0100576950620467,0.0106920309685237,0.0113019047537557,0.0080048704608893,0.005568908949995,0.0076780417825978,0.0123337278164503,0.0146834427687542,0.0110335738217386,0.0119431835982477,0.0144735180933186,0.0103178263421485,0.0081033564897686,0.0079944777026127
404.0,0.0117942044214913,0.0111742656579155,0.0104427048096794,0.0110585187746652,0.0110396808811418,0.0079011011877939,0.0058836684357266,0.0078208445558153,0.0120813545540038,0.0151763903230039,0.0112025164541499,0.0116568420972351,0.0146919077623593,0.0104412315382611,0.0081453280538513,0.0080500690546187
405.0,0.0116066030873175,0.0117117300845962,0.0104456154445511,0.0112561269014352,0.0111670754939357,0.0077504714046422,0.005664741722621,0.0079597165139448,0.0118853118893497,0.0156736638587724,0.0113486304626896,0.0117766590725612,0.0152899605406908,0.0107762791781041,0.0078857921016622,0.0079061624514355
406.0,0.0122663762744085,0.0125880038041979,0.0112696270950869,0.0117953791119714,0.0108729745130616,0.0074186595870419,0.0054530879048397,0.0081870103029034,0.0114440150843558,0.0158534003336138,0.0113740969782207,0.0116316029454175,0.0152899462085152,0.0110032111224178,0.0082356036855485,0.0077770689097081
407.0,0.0125178951861925,0.013265508890764,0.0114382240117156,0.0117866941707139,0.0105908374941393,0.007469151222964,0.0057777886190604,0.0082825646663081,0.0113244338151627,0.0164347391148731,0.0112771392223024,0.0115591580522949,0.0156114814020869,0.0113085550455172,0.0083681686934482,0.0079979219022038
408.0,0.0127662062469568,0.0136609845657503,0.0118720942187123,0.0121864902236524,0.010447555532043,0.0072961460451615,0.0058612764401785,0.0088049879759265,0.0109321114465984,0.0164207546268204,0.0116638066769706,0.0111831812563728,0.0159194198763138,0.0117612020912058,0.0085640251368943,0.0078330181591428
409.0,0.0130134686880361,0.0145386762009954,0.0120814483633973,0.0124249030749125,0.0102492159924952,0.007489321413898,0.0057176855501651,0.0089422227802616,0.0105918408494226,0.0164166982068334,0.0115838836869406,0.0110035064458137,0.016410435283539,0.012132096855674,0.0084709994239892,0.0079219215164894
410.0,0.0131929061375277,0.0150316965570698,0.0125432064799147,0.0124050808160444,0.0101551059948108,0.0071549855634918,0.0060386456604399,0.0095174664363453,0.010400002445059,0.0163899594234835,0.0116626618237213,0.0107727892045304,0.0162449110965197,0.0126866868075125,0.0087678831840036,0.0080309223082069
411.0,0.0133450546881966,0.0155461095927579,0.0127549388955458,0.0126934649929315,0.0101122638595102,0.0071671776992225,0.0060543795800206,0.0096554444571273,0.01026867505473,0.0163237160884581,0.011806831391375,0.0106857518486227,0.0161634794245816,0.012814417240743,0.008995235975354,0.0079493763490372
412.0,0.0134530775468251,0.0160431147923006,0.0130089239664841,0.0126141092597254,0.0098977087022633,0.0071238370106817,0.0060178157738986,0.0100830681972836,0.0100384480024942,0.0161400387840305,0.0119605108746893,0.0106745993524826,0.0161534072895767,0.0132632336327273,0.0091984443419706,0.0083453915029937
413.0,0.0136267344330769,0.0164783682269337,0.0135612015381533,0.01284649431899,0.0095467788281164,0.0071802826063479,0.0064299081355334,0.0101462250728758,0.0098517786320346,0.0157244947520094,0.0124575617034203,0.0106308277398339,0.0161122362090119,0.0135734081180483,0.0096384501216574,0.0084022914480034
414.0,0.0136386659128443,0.0167321463891651,0.0139959141237949,0.0128314556809313,0.0093367596207915,0.0071370349768113,0.0064959620621812,0.010550740596503,0.0097296813723405,0.0155774694554016,0.0125939413203276,0.0103303771728341,0.0160068517807692,0.0139460194799935,0.0097733109579849,0.0087022706297766
415.0,0.0136882172745974,0.0171590718774645,0.0140936154381166,0.0126144304166036,0.0092569122445431,0.0071580519633867,0.0068220549065848,0.0110015552646236,0.0097349699172675,0.015222928539208,0.0129715642184496,0.0101849716001878,0.0157662841261044,0.0141865705361496,0.0100181451860884,0.0086069879379818
416.0,0.0135820842834892,0.017586996251409,0.0145064429556904,0.012730956427872,0.0093673737402873,0.0071655737554422,0.0069964860408159,0.0115247776524785,0.0096230835944748,0.01491776939418,0.013193117401828,0.0100151786123527,0.0155328251596329,0.0144968005145255,0.0101697735114174,0.0088656063797282
417.0,0.0135960704881132,0.0177714506400831,0.014680785126607,0.0126604802829731,0.0092437462947367,0.0072198530305282,0.0070499544066836,0.0114807064593647,0.0096840198387421,0.0146842583318305,0.0133904237302743,0.010008300425373,0.0152637536631348,0.0146791207939847,0.0102616068770889,0.0092483457139577
418.0,0.0134963106213067,0.0177571591783904,0.0149973312533233,0.0125303239596515,0.0090769240784746,0.0072072868150279,0.0072581920297919,0.0118394951783657,0.0094364595692128,0.0144646866331222,0.0135456076898723,0.0101492160515424,0.015233275570788,0.0151179382904578,0.0108505206787789,0.0094509287356707
419.0,0.0135578591870533,0.0177966180169005,0.015279879626296,0.0126201156214411,0.0090814535515757,0.0072069242487481,0.0073170900231428,0.0120543810080556,0.0095537702885835,0.0142164396705425,0.0140470423386382,0.0101486717886884,0.0152056060261818,0.0152308743581057,0.0109639184515206,0.0096158512708004
420.0,0.0134662300327527,0.0178063908245671,0.0154106438231698,0.0126611549565911,0.0090195246240971,0.0072222972381366,0.0076281170169825,0.0125380128977305,0.0095437160092291,0.0137814894719154,0.0142428987433998,0.0100153791299002,0.0150309138939852,0.0154744094319492,0.0111605202630081,0.0098191880526724
421.0,0.0135817691885846,0.0176125425707986,0.0159791104674121,0.0125093833561738,0.0087433921272953,0.0071495855110629,0.0077258079337003,0.0125581890464523,0.0096586073211882,0.0136150084600848,0.0144651846257638,0.0100176623529606,0.0147030018024486,0.0155169097159451,0.0114078175489619,0.0101637890750045
422.0,0.0134161923459486,0.0175787718756476,0.0160783599050635,0.0121922936012592,0.0087201882480415,0.0071212852206531,0.0078986031813574,0.012641775394557,0.0097714915132099,0.0134185215040078,0.0149508785736325,0.0100809833029925,0.0145098168215761,0.0156806550991004,0.0119265146183636,0.0104440724399162
423.0,0.0134627105376597,0.0174494306853866,0.0159311431322985,0.0122850533912555,0.0086294519589443,0.007113379351086,0.0081611352523035,0.0129140748434579,0.0098083139100916,0.0130946892204694,0.0152507431006228,0.0100007174737648,0.0142877864464007,0.0157547461957826,0.0120628483367266,0.0105448282144409
424.0,0.0134357159244351,0.0168325211530961,0.0161243498751729,0.012087666360595,0.0086933457827029,0.007171850732827,0.0082761849529026,0.0130642954422868,0.0095357313337708,0.0130543072632986,0.0156685526369012,0.0101682886454694,0.0142870840549793,0.015558915341721,0.0123768334027239,0.0106153231907715
425.0,0.0133516350654912,0.0165789853101431,0.0162015029384803,0.0116246871784713,0.0086686598561541,0.0071142573582754,0.0083295787632633,0.0134929649091036,0.0096457870114805,0.0126022027024554,0.015877894314181,0.0102254700135759,0.0141545145117785,0.0157367522822405,0.0125917413085785,0.0109908021542588
426.0,0.0133224889084137,0.0163485596115513,0.0160436758042837,0.0117266152528509,0.0084009367931737,0.007140387066089,0.0082194325674541,0.0136505744410579,0.009888367572721,0.0124710847702523,0.0160419186633675,0.0102717850331923,0.0139708924165457,0.0156963072903784,0.0130976907052878,0.0112260968569773
427.0,0.013003517910683,0.0156757964430764,0.0161665926227672,0.0113285588651317,0.0085623939698287,0.0071126024907,0.0086460344332331,0.0136827569485762,0.0100082990990079,0.0123497406917812,0.0165825388413843,0.010184077690653,0.0137874096295895,0.0153579755043095,0.0131556407922552,0.0115458901827783
428.0,0.0129948350024472,0.015339947212357,0.0162605597410423,0.0111998464076995,0.0084032698166147,0.0074478605249911,0.008716627182134,0.013679122536187,0.010027308287873,0.0120549813277522,0.0164554594715782,0.0101033999597789,0.013374384052464,0.0152601649475468,0.0133196195363738,0.0119829141146237
429.0,0.0129088424238577,0.0152866326847742,0.0166694403968356,0.0110283714424381,0.0084325468973199,0.0075772581148839,0.0087877836731288,0.0139411052797888,0.0103343529569828,0.0121300236772771,0.0167971582187009,0.0103758776356732,0.0135565173706488,0.0152325559348837,0.0136099666486809,0.0124104942864114
430.0,0.0125268243569943,0.0151289919244541,0.0166935200937976,0.0111886962971339,0.0085243626742984,0.0076909208650651,0.0089359839498581,0.0139629681391185,0.0105943269722894,0.0120804944523053,0.0171188000052711,0.0103768547080012,0.0134037188487523,0.0149552746240242,0.0138098313189007,0.0127182825005521
431.0,0.0124448799403698,0.0149062187820371,0.0168053318735866,0.0111297264383,0.0085720695694387,0.0080075307951429,0.0095585008006329,0.0140715647256591,0.0108549720721756,0.0122556518145772,0.0180065551300386,0.010157586768244,0.0132954187701319,0.0149438140908028,0.0139809028150168,0.013059306078756
432.0,0.0124930223071672,0.0146867888845835,0.0168350443886742,0.0111782539330746,0.0086120605735514,0.0081824330205195,0.0098268349315687,0.01396342854412,0.0111957806956408,0.012164067782403,0.0183166031054762,0.0104938575011636,0.0131156442307591,0.0148332284652301,0.0142196513946299,0.0136101516212346
433.0,0.0126317324074929,0.0144907924894343,0.0171595782883227,0.0110380013011873,0.0086221260585009,0.0079708393121544,0.01020754158088,0.0144864068364809,0.0114749635862899,0.0120943821339873,0.0186754479121578,0.0107709769846925,0.0133249431447424,0.0148455424859681,0.0146219284996632,0.0138796028618581
434.0,0.0126216078489293,0.0142801117394852,0.0168785937052723,0.011083761037558,0.0088359042119058,0.0080528137272748,0.0105625676442798,0.014588046451082,0.0117758470388367,0.012460636780602,0.0192998035653471,0.0106933487361328,0.013245118379758,0.0148748355903493,0.0149835043638861,0.0140794090500518
435.0,0.0125567677542646,0.0136329283050519,0.0166154398227443,0.0109317988455261,0.0089534223263865,0.0082455612748324,0.0107308258844171,0.0147173777347826,0.0119117288961032,0.0123203925198676,0.0198472374854045,0.0109892533775216,0.0131791833942599,0.0146207769134821,0.0152172064233842,0.0141863432641892
436.0,0.012727396081394,0.0133150416165236,0.0161578578775535,0.0107896320026786,0.0086579411862424,0.0083762654471674,0.0108246923300056,0.0151714281523057,0.0118990755346279,0.0119622201081016,0.0198232558514426,0.0113160301060703,0.0133324580442825,0.014628991945498,0.015654410945624,0.0142803973149327
437.0,0.0125638233710988,0.0127205306047533,0.0163567168153721,0.0103736211631505,0.0087246692956809,0.0084359232080315,0.0110138037800578,0.0152991969125169,0.0121977860419782,0.0119157601816355,0.0200534135521711,0.0115039469723482,0.0131931701572779,0.0146692959323179,0.0157886669685347,0.0145831245489244
438.0,0.0124621422305617,0.0126410297991368,0.0160491981686283,0.0104966688371443,0.0085942970041312,0.0087584954251755,0.0109975269765176,0.0151801153238563,0.0125639092694624,0.0121065464697328,0.0201693772893364,0.0115651657928187,0.0132964838325409,0.0141777453448378,0.0157623898153757,0.0147641140083717
439.0,0.012180208982823,0.0124272961059545,0.0159709697238932,0.0103505152374134,0.0086839501481511,0.00896163744951,0.011567711074284,0.0151306618454271,0.0129690153086676,0.0120742342662974,0.0206998037356225,0.0115173778717373,0.0130957942850676,0.0139621251854749,0.0155605091112627,0.015239160845317
440.0,0.0118568723544538,0.0124591921420108,0.0160291754027705,0.0102162511128268,0.008837808229121,0.0090033860562526,0.0118966844969669,0.0149480336262885,0.0136022940316023,0.0122350224060036,0.0210272217142114,0.0115427966927848,0.0129276550291662,0.0136666497011943,0.0154622350759643,0.0154141906102588
441.0,0.0120937924027044,0.0121286367475914,0.0157880574566402,0.01018886230369,0.0088604208789911,0.0093590233633335,0.0121401762363195,0.0152776919159023,0.0139157200965609,0.012527192378913,0.0212332787022659,0.0118770188318218,0.0133929452890575,0.0135514635306778,0.0156572941189799,0.0156875659646323
442.0,0.0118322008968435,0.012274385239707,0.0156729670860607,0.0101192133396582,0.0089893359719519,0.0095743756752072,0.0124335767090996,0.0152164032861839,0.0142292070874734,0.0126645988761569,0.0217262842624033,0.0118758001532452,0.0131771452726885,0.0133965648354925,0.0153727190346287,0.015692246923467
443.0,0.0118487605647371,0.0121555141348393,0.0156197621760492,0.010117941931573,0.008922570050463,0.0099974388289404,0.0127198647739439,0.0152784460844213,0.0145469565541404,0.0132178051492965,0.0218356752237237,0.0123518326727735,0.0134568705068531,0.0135316086907248,0.0156515844672163,0.0159682023337859
444.0,0.0118516329458613,0.0123276134130467,0.015624594270384,0.0100820623473121,0.009055520065864,0.0102310767258003,0.0130850559293257,0.015492714705519,0.0154341270784986,0.0133640966229793,0.0223484734550676,0.0125257937181229,0.0135574402761026,0.0132236079967033,0.0154131496635777,0.0159481927747179
445.0,0.0117657058089266,0.0123814376183191,0.0154347665848352,0.0100961529560679,0.009234713082773,0.0103274912375235,0.0136116777209551,0.0154965138928973,0.0158461250900257,0.0139530735144179,0.0225688382681132,0.0127380270182555,0.0136014416251172,0.0132427229598888,0.0152875059278924,0.016024402946775
446.0,0.0115431816844316,0.0125577799350287,0.0152658032604499,0.0101030552834056,0.009582023702963,0.0108497243833293,0.0138384257683607,0.0154757193356908,0.01633742235146,0.014489279986673,0.0229937090669079,0.0131174584841333,0.0137278041097084,0.0130980551998135,0.0151385629106211,0.0160915730231758
447.0,0.0117359143021987,0.0126444932794545,0.0151578573449641,0.0100392020126365,0.0097681008946601,0.0108508368581671,0.0141370794174393,0.0154572739701427,0.0167720108264149,0.014869445870552,0.0232305634980248,0.0134275820895027,0.0137523197244418,0.0131357966944541,0.0151556323917359,0.0158295403240536
448.0,0.0116610124700331,0.0126997450427781,0.0149781512069861,0.0100549699031011,0.0098061362558235,0.0110526652556915,0.0143716742770249,0.0155808032068713,0.0173534593938227,0.0153359857039787,0.023343198955301,0.0138142948122543,0.0141210482658531,0.0131694405684183,0.0150098528495207,0.0156994842480033
449.0,0.0117263864183056,0.0129152538988815,0.0147555732352726,0.010125135652862,0.0099912975460701,0.0116235899511925,0.0148252648752086,0.0154836094179755,0.0177139513421111,0.0158229430346695,0.023455927793174,0.0143335753561101,0.0142681644628188,0.0130261358644777,0.0148162550458747,0.0154770899735367
450.0,0.0115164577059088,0.0130219603785678,0.0145297129661428,0.0100214391236897,0.010158160873779,0.0118806023220374,0.0150629020494088,0.0155708244968057,0.0180097392430842,0.0162560491458038,0.0234480627830824,0.0147114341976389,0.0143829788031022,0.01299081840616,0.0147090677494362,0.0154405315115061
451.0,0.0116450390665059,0.0134224678949021,0.0145501393046525,0.0100300990944409,0.0102817886338968,0.0122382370609737,0.0150833264523611,0.01539196752915,0.0187673883596293,0.0166676331406403,0.0231946937938774,0.0151086638748596,0.0146399507514619,0.0128927042192781,0.0144324638048654,0.0152001941660245
452.0,0.0115539933743013,0.0139562605420994,0.0143065816865198,0.0102536536836941,0.0106853491427839,0.0121493600548957,0.0155521693733803,0.0151711734464978,0.0192614064279647,0.0175902780807397,0.0234120962811278,0.0153291862073473,0.0149510406962821,0.0127844076059731,0.0141079296060111,0.0149876952482602
453.0,0.0115581520843712,0.0141528318962119,0.013801420243179,0.0101868788546257,0.0108924204627666,0.0125317361699499,0.0158250355695776,0.0149162010252193,0.0194023709568397,0.0184886107978723,0.0235211319696952,0.0156736771087357,0.0150500019589014,0.0127033272789969,0.013784308455749,0.014484859615376
454.0,0.0115394860006487,0.0139032126168687,0.0135867477676216,0.0098892199756953,0.0109495687916353,0.0127899388953487,0.0158904584548082,0.0150007489125705,0.0190825208685921,0.0189769669182371,0.0231245135079481,0.0162088827154004,0.0153656894380239,0.0127867345313897,0.0137238843882623,0.0141068414079817
455.0,0.0115897353288757,0.0144299838762606,0.0135938918774184,0.0100082651203855,0.0109988213467759,0.0133478594598277,0.0153945741702159,0.0151354032344624,0.0194143252652541,0.0190785666039894,0.0223766866665365,0.0167263094988359,0.0157741239224588,0.0127714970486268,0.0137435975331999,0.0140208072692362
456.0,0.0114725253777049,0.0150373163136596,0.013549848345426,0.0101065038898454,0.0110282043968175,0.013731846514825,0.0153736212442081,0.0148086183649298,0.0195958210959198,0.0199139175486752,0.022087978703981,0.0169723674043469,0.0160302259529189,0.012857483937924,0.0133567622890633,0.0139184225208486
457.0,0.0113115306820868,0.0157391225206916,0.013565477167585,0.0102063429519577,0.0114233954395317,0.0142628668896972,0.0155422829983999,0.0143934991361419,0.0198739613000154,0.0206689560390785,0.0220387718571016,0.0169036096700512,0.016015167151866,0.0126302369592966,0.0128803448547877,0.0135249243427574
458.0,0.0113075431435697,0.0163354001602523,0.0134244729006024,0.0103570313577112,0.0117324838712119,0.0145772033329485,0.0155906199276325,0.0140707609827221,0.0199237168876037,0.0217220494667497,0.0218006924032554,0.0172946160060015,0.0163701837834676,0.0126584205247035,0.0127082221362157,0.0133783545324363
459.0,0.0112981569888219,0.0170387347935273,0.0132945933751645,0.010630626318573,0.0120996632829946,0.0149823648181012,0.0158390849743365,0.0138909797409089,0.0198544482747581,0.0225951153734826,0.021605688187684,0.0175178343892689,0.0167900174294982,0.0126875528203735,0.0125740938440928,0.0130434411866163
460.0,0.0113983102162276,0.0176999078443844,0.0132930948519577,0.0106522330324187,0.0124861419296018,0.0153967465719576,0.015782512235443,0.0138458932073551,0.0197861766670528,0.023404915843646,0.0212708745273551,0.0179311399389434,0.0172407679713836,0.0128435423187928,0.0124615583991746,0.0128690368856093
461.0,0.0113995953822479,0.0184495893826967,0.0132709667623701,0.0108445055089134,0.0129147989434915,0.0158722992559763,0.0158416388222084,0.0137474289584599,0.0194011101039214,0.0239517354588961,0.0210379349963514,0.0182516301979202,0.017788734452729,0.0130773034707184,0.0123956135182782,0.0126011585618334
462.0,0.0114713994468692,0.0193363786127832,0.0132957603422416,0.0110057304759513,0.0132504353456239,0.0162424819515438,0.0157016092393535,0.0136391096157945,0.0193560958391711,0.0246938709868727,0.0205506168123495,0.0185159498304737,0.0183441549292065,0.0131470445752169,0.0122387094834196,0.0124909286619978
463.0,0.011451289932259,0.0204758747106627,0.0132895948469895,0.0113397080090549,0.0136334908084242,0.0166083094105019,0.0155952021605838,0.013623036594304,0.0191323440530696,0.0253988085665805,0.020266385928466,0.0186288845687444,0.0189434540295782,0.0132532776551176,0.0122245582566367,0.0122826003913812
464.0,0.0115406262525837,0.021402891821063,0.0132803332100782,0.0115454575709457,0.0142855211805553,0.0169108251319541,0.0155155548565909,0.0132841448337036,0.018780097134879,0.0263331474750323,0.0201428899993339,0.0188405372554312,0.0192110483888575,0.0134358961514875,0.0119800605065406,0.0121934248077361
465.0,0.0116101913592222,0.0222689088789725,0.0134435897954639,0.0118201851651743,0.0146531931060859,0.0172585419515443,0.0154771663362546,0.0132302566307317,0.0184376630322095,0.0268161538289975,0.0197946690761697,0.0190231979328821,0.0199244372625696,0.0137782693502535,0.0120480095979465,0.0120961435400018
466.0,0.0117676455476976,0.0231419134065115,0.0134736677074576,0.0119989129583721,0.0150886674190324,0.01746584042938,0.0153768661033483,0.0132737825122688,0.0182552188424039,0.0272685611333909,0.0194988976958056,0.0193270436012499,0.020633138402148,0.0142209119115022,0.0120589210163426,0.0119335605566745
467.0,0.0118582809424099,0.0240402463852318,0.0135182658843869,0.0122237285120411,0.0154561134958072,0.0177193459471501,0.0153922344790089,0.0130959679935686,0.0177599610750947,0.0274837694707914,0.0192411405051063,0.0192351211498365,0.0212262513872204,0.0144567491504135,0.012004032620256,0.0118726859143505
468.0,0.0119690843850673,0.0251505761808218,0.0136847356914872,0.0125298812381971,0.0158880728568277,0.0180618733395446,0.0151502932550939,0.0129945518942342,0.0173957141579822,0.0277249420554314,0.0190707887545225,0.0192064663169079,0.0218759725629634,0.0148006428424462,0.0120440716665892,0.0118794347820177
469.0,0.0120074939899719,0.0261485156735157,0.0138263275875933,0.0129695802058742,0.0162850299996556,0.0184250202561575,0.0149748729901968,0.0130134421070163,0.017096550440455,0.0279452975207663,0.0187812818419824,0.0192205049089051,0.0223643255107267,0.0149918142411804,0.0120463556774449,0.0118787944838303
470.0,0.0122423978090919,0.0272649656766286,0.0140590744906812,0.0133070467263409,0.0168153083653544,0.018578037881762,0.0147886200483278,0.0129125943006267,0.0168063375746024,0.028026829980357,0.01867452167518,0.0190982452083077,0.0230182711824717,0.0153388331460165,0.0121343305428475,0.0119862349865378
471.0,0.0124297227937557,0.0284790123778131,0.0143067369860224,0.0137853253388956,0.0172698949269639,0.0186829678133544,0.0147524216091881,0.0128246128066468,0.0164604662259436,0.0280217605480656,0.0184265273398619,0.0190204770117682,0.0235530767268499,0.0158344191112686,0.0122409639342636,0.0119983482185303
472.0,0.0125375410364371,0.0294875947568142,0.0144872724599885,0.0141924660702338,0.0177987039792694,0.0186571668319534,0.0146176260589913,0.0128580015473103,0.0162411520783484,0.0279572335445679,0.0183642541248069,0.0188500200355238,0.0241762771202882,0.0163979582683959,0.0123011806621901,0.0120208125361644
473.0,0.0127292870280192,0.0303219322547382,0.0144933679623203,0.0145759948297839,0.0182082564606403,0.0185902920376405,0.0145560680856024,0.0129456323626175,0.0159288481444892,0.0278016928437168,0.0182979444292868,0.01872674535553,0.0248114820803279,0.0168736205632574,0.0125533338243511,0.0119713629002931
474.0,0.0129874203368878,0.0305966423836802,0.0147381458103385,0.0148502642739978,0.0186480359524967,0.0186635938397263,0.0144668903391584,0.0129888231069398,0.0154245405515792,0.0274310926845263,0.0181828640241782,0.0186023824091588,0.0253560898546728,0.0174293290078996,0.0127229602698242,0.0120557513562839
475.0,0.0132084967474287,0.0313355020072813,0.0149776573144601,0.0153156665222593,0.0187612717072657,0.0186744837682946,0.014079452873851,0.0131175811530193,0.0152057002819746,0.026733153770972,0.0178820604871834,0.0184583401997511,0.0259889444466409,0.0180382023583048,0.0130374591159698,0.0122068650427885
476.0,0.0134623245698301,0.0319889471007314,0.0152750400265453,0.0157181038869616,0.0191675451440199,0.018730841255101,0.0137929021826376,0.0130333352958719,0.0150024641558077,0.0262677538542523,0.0178166105930999,0.0182627140700097,0.0264491347904114,0.0185663738574119,0.0131595852541105,0.0123903627349325
477.0,0.0135597862277861,0.0324724258799503,0.0155664459940613,0.0162590823890009,0.0195665919410374,0.0186329633649466,0.0137910025981246,0.012890298819979,0.0149147375000393,0.0259184681805266,0.0178732458410957,0.0177803561614875,0.0265005577434722,0.0190059269239482,0.0132557552453692,0.0125195649925802
478.0,0.0137269753952554,0.0328128135190186,0.0158624327171677,0.0167128635122229,0.0197428937742713,0.0184699324873342,0.0135163131614384,0.0128726336120733,0.0148481350424358,0.0255021619152623,0.0179972257500131,0.0175690070675852,0.0268532203554928,0.0195943866549668,0.0135529023363551,0.0127119217708097
479.0,0.0141066706460895,0.0330490058692411,0.0162639596662849,0.0172132594482678,0.0199562358429546,0.0183102284905121,0.013429882303743,0.0128813436663996,0.0146567707303498,0.0251499182806703,0.0179914711104733,0.0173077538500513,0.027233468645543,0.0203401668961105,0.0138693106128046,0.0129320168283302
480.0,0.0143577553894951,0.0332565424333446,0.0166010543620218,0.0177689845591747,0.0202414647901635,0.0180573206996834,0.0132964249757658,0.0129995903205894,0.0145710885459964,0.024586263310722,0.0180339698308014,0.0171489184755004,0.0274969308145282,0.0209778140310822,0.0142195327152388,0.0132156791630262
481.0,0.0146647804918264,0.0331704184043786,0.0169397368449951,0.018326215955035,0.0204855918159753,0.0178639338444005,0.0131567477712748,0.0130653627457659,0.014510958128246,0.0240652002160638,0.0181380602378582,0.0169948510496438,0.0276077811824542,0.0215643382502583,0.0145372354261235,0.0135265651794209
482.0,0.0149522804037572,0.0329534786186515,0.0173966014203415,0.0189043004052333,0.0206050821032271,0.0176846346599487,0.0129890317761994,0.0131295278676644,0.0143797704943551,0.0235260779254325,0.0181029512026131,0.0167378178543952,0.027598097609912,0.0222426289228172,0.014897657285898,0.0137970387818677
483.0,0.0153290879046264,0.0327281172560397,0.0179005403386821,0.019522314004115,0.0206935820730685,0.0174665475893703,0.012848105011337,0.0132812676370599,0.0143596308118306,0.0229815496137681,0.018229715680729,0.0165497161594506,0.0276762417116152,0.0230761612901259,0.0152993551633287,0.0141736681225611
484.0,0.0156000765063866,0.0323932517223232,0.0183447711881967,0.0201313941371174,0.0208290171390281,0.01724780928071,0.0127455284411651,0.0132727643707035,0.0143890937234689,0.0224967333794911,0.0184246984428464,0.0163345190442259,0.0275412864832659,0.0236924373518649,0.0157688849497997,0.0145359402040801
485.0,0.0158760209830242,0.0318206652021147,0.0188596588901591,0.0206860966833599,0.0208483894407728,0.0169867363140832,0.0126246827716611,0.0133377342279238,0.0144168781151316,0.0220506727274375,0.018600566942084,0.0161572815383015,0.0274325472913447,0.02440388514707,0.0161970299603649,0.0149512882417962
486.0,0.0163255355502688,0.0313552691371382,0.0194903151693494,0.0213164304697152,0.0208564393666816,0.0166117043848537,0.0125621576234376,0.0134790620179793,0.0144624182328545,0.0216364926104812,0.0187347294365,0.01592280121514,0.02723290795759,0.0250583478810843,0.0167049823544606,0.015345865332449
487.0,0.0167778267702799,0.0305952862010861,0.0200053577012526,0.0219974709467156,0.0208982202841856,0.0163327406349714,0.0123956614579839,0.0136546721088848,0.0146061423154857,0.0212705400709048,0.0190858581449442,0.0157465611906429,0.027006800640199,0.02575031395633,0.0172542466644299,0.0158556344770939
488.0,0.0171220039531909,0.0298422564204594,0.0205818905114338,0.0225942356319129,0.0207592257637695,0.01610745863853,0.0122838722260397,0.013743472847163,0.0146741879729024,0.0208180242891924,0.0192470435663229,0.0155871883762127,0.0267101782033511,0.0263256800942138,0.0178232093837348,0.0162245256302564
489.0,0.0175422361296446,0.0290865793364904,0.0211286242372882,0.0230936348925713,0.0206661651077118,0.0157914328484258,0.0121899529996894,0.0138346171286143,0.0147798810747356,0.0204234959610457,0.0194832629125259,0.0154307115562152,0.0263961710149086,0.0269044872928129,0.0184149527803086,0.0166833032144965
490.0,0.018007172396742,0.0284320475293918,0.0217198981724797,0.0235898891290757,0.0204262795162837,0.0153709134870279,0.0120055785645652,0.0139511106329304,0.0149162414529278,0.0200582025381497,0.0196912426337219,0.0153017993776525,0.02596172647941,0.0274667518993354,0.0191006080326675,0.0172554068293299
491.0,0.0185165959425898,0.0277348652292115,0.0223646591960122,0.0240955929494661,0.0203241064512509,0.0150883898509973,0.0119405143633839,0.0141336589100313,0.0151622651878384,0.0198256843556128,0.0200021669643109,0.015064236391123,0.0255155855472138,0.0279970928054092,0.0197671405971579,0.0178879630753512
492.0,0.0188388130310496,0.0269543136628779,0.0231217807000576,0.0244830810748477,0.0200879218101329,0.0147860778663343,0.0118445303129497,0.0142721043470855,0.015391803702059,0.0195302947358447,0.0203378487602637,0.0149355291749344,0.0250813547780031,0.0283202165972923,0.0204121042930932,0.0185517068057771
493.0,0.0192869728187868,0.0260208591954885,0.0237897820707112,0.0250613915083761,0.0197682193294765,0.01439707172093,0.0117656598190696,0.0144543435018952,0.0156276178007422,0.0194428409760035,0.0205813167371236,0.0148561752037571,0.0246979417392337,0.0285863822299244,0.0209957655772933,0.0190790408290755
494.0,0.0197590881611297,0.0252080006295835,0.0244584501405541,0.0253261778806867,0.0195978587440205,0.0141793319281088,0.0117317605571335,0.0145802714169499,0.0157860300623453,0.0191278227584798,0.0210818787034192,0.0147502952709188,0.0242168331361095,0.028778501604002,0.0217985622656175,0.0197557851301509
495.0,0.0202620289975453,0.0244380862013734,0.025272031481352,0.0256617294905921,0.0191543813630611,0.0139550362633394,0.0115632108811953,0.0146646158055311,0.0160825773952278,0.0188352092883762,0.0213471845877557,0.0145372958057258,0.0236206654791589,0.0289071176091843,0.0224424177052381,0.0204870652066185
496.0,0.0207793485461877,0.0236885823949983,0.0263750400325478,0.0259259985901142,0.0187878482805277,0.0135847433915845,0.0114860674887934,0.0149393405092071,0.0164678125989016,0.018704673442797,0.0218177212873306,0.0145547144439905,0.0231980278301562,0.0289601647208751,0.0233853615087464,0.0214831640450645
497.0,0.0212357158050546,0.0232012031174371,0.0271823679753283,0.0263422583114425,0.0185512622507076,0.0133468605873858,0.0115126950661538,0.0149920550823604,0.0169616768063373,0.0187611925392742,0.0222261225267149,0.0143800429996295,0.0226917554727597,0.0287296456470167,0.0240400388786406,0.0220959540089094
498.0,0.0217310839628868,0.0223034162538525,0.0276800618065148,0.0265434134727574,0.0183064441877406,0.0131672060197111,0.0115709593475756,0.0152197423046012,0.0171721464503258,0.0186784811911363,0.0229246054311832,0.0143138565261501,0.0221502313042354,0.0286078102605657,0.0247452328586858,0.0231460020553439
499.0,0.0224607992468965,0.0220390748424201,0.0288856555617918,0.02638071557478,0.0179140135441557,0.0129762239702825,0.0115108143830802,0.0155781844893926,0.0178725060049872,0.0184887023388122,0.0234227265727267,0.0142958313620713,0.0217095836117669,0.0284183545051481,0.025640993426831,0.0240834157590472
500.0,0.0231380871932948,0.0215101861816163,0.0299366397754353,0.0266957285912183,0.0175027508228388,0.0127796051198368,0.0114267502461146,0.0158605001688743,0.0184007110863716,0.0188050191487999,0.0238126233241376,0.0143423846737695,0.0213875963075724,0.0283295717485393,0.0266408010159279,0.0250889539638134
501.0,0.0237118855024156,0.0210561602141963,0.0306269513807821,0.0267719009564401,0.0172323097430901,0.012614623730622,0.0115405024415865,0.0160791635916847,0.0189784227490768,0.0188704610638452,0.0247041212945737,0.0142854988946252,0.0208482942772099,0.0277004511407844,0.0272191680041986,0.0257393999442279
502.0,0.0242654425156762,0.0205649363149316,0.0314554562279678,0.0266379812327549,0.0169460151533673,0.0123431505105242,0.0115962386553111,0.0165172555735097,0.0193125469622337,0.0190735151326301,0.025512326095587,0.0143830861848028,0.0205740869868805,0.0274800977228717,0.028076475036625,0.0265741671428523
503.0,0.0249711379916524,0.0201654890530223,0.0322898511209791,0.0265228553018972,0.0166293934067982,0.0122357905179762,0.0116258259495971,0.0168558202314669,0.0199249935543582,0.0190251327661713,0.0260236421766517,0.0144141111512935,0.0202308885910015,0.0270958109688868,0.0289598164493804,0.0277810751797517
504.0,0.0257560485436969,0.0200117185358717,0.0334421379342132,0.0261908215074393,0.016277440779715,0.0120595180067121,0.0116186784860375,0.0172931163185346,0.0207064304020546,0.0191496455200838,0.0267880332006462,0.0144790014727399,0.0199788441259712,0.0266271753217295,0.0296625072178116,0.0287842515110322
505.0,0.0262169504554021,0.0197174628205692,0.0343460554062316,0.0260417005840874,0.0159333397042612,0.0118814714184871,0.0116634375418154,0.0175268821885135,0.0214263102642144,0.0196840850773304,0.0275345166610352,0.0144221204965389,0.0196550690160157,0.0260214277016398,0.0300705080091782,0.0297027494568129
506.0,0.0268222999676555,0.0193842958402434,0.0350728688525302,0.0257172078294437,0.0157072709773338,0.0117409044948436,0.0118722537054073,0.0178875255804534,0.0223003330672554,0.0198962113029876,0.0286088961225674,0.0144604927111229,0.0192957646858636,0.0253497773565835,0.0305214101191105,0.0306176633251423
507.0,0.0275017720990573,0.0191212737614657,0.0357610304751725,0.025336245667059,0.0152966490506571,0.0115209062637781,0.0118563283379809,0.018469087053129,0.0230531218820378,0.0202603370861595,0.0295431627770005,0.014706080723202,0.0191300350464206,0.0250773263241682,0.0311812783470573,0.0314150878499294
508.0,0.0282669056884502,0.0189441813860689,0.0363871454496607,0.0247797999818019,0.0150587716667939,0.011466213718469,0.0119630692566668,0.0189498707162576,0.0239501924679155,0.0206138137548988,0.0304809866615793,0.0148011225104059,0.0188697303055263,0.0244909374799363,0.0314752991058673,0.0323399951805523
509.0,0.0288973634832725,0.0189293190643697,0.0371023458880526,0.0243212685027989,0.0147324264783451,0.0112636109808343,0.0119922222358789,0.019455894450603,0.0250418987386365,0.0210258838445051,0.0314397175057681,0.0148815050061792,0.0185453933584748,0.0237521532916293,0.0316600869936356,0.0329561294043174
510.0,0.0295010142776199,0.0187684044598708,0.0373992510800005,0.0238222260402945,0.0144197424227524,0.0111650808936614,0.0121569117926976,0.0199310321941776,0.0260136782153772,0.0216241006691484,0.0325509188591804,0.0150924650459723,0.0183433666616879,0.0231426027766203,0.0316854672201608,0.0334290288104457
511.0,0.0300330077484668,0.0186325847395238,0.0376890566991503,0.023118134899437,0.014196512368265,0.0109968446535989,0.0123346676597277,0.0204685341867544,0.0269543864633384,0.0221088670072266,0.0337868925393536,0.0151647162004078,0.0180846150828124,0.0224322661694977,0.0315905929719305,0.033714401872049
512.0,0.0306227814278948,0.0185893784485099,0.0379473177076949,0.0225382010670082,0.0139183480815256,0.0109066025059177,0.0124637691556532,0.0210684935765408,0.0279332018257574,0.02256973236462,0.0348254726067532,0.0153865174485232,0.0179990678862879,0.0219103628419996,0.0314952952895906,0.0339640880430282
513.0,0.0311551349429177,0.0186492745447438,0.0380737872675228,0.0218897944934935,0.0135914498912837,0.0108357313405037,0.0125963970432201,0.0217628043102017,0.0292035037259266,0.0231718340380706,0.0359182017068935,0.0156245939938167,0.0177665940111567,0.0212230606580313,0.0310905684766796,0.0341024283632543
514.0,0.0315362554986316,0.0187141142433955,0.0379031603287468,0.0212928058791894,0.0133366009611774,0.010782634104876,0.0127088981803497,0.0222891963449532,0.030364645406393,0.0239072383497911,0.0372677973781684,0.0157448989146384,0.0175927622336054,0.020607407781647,0.0304377758584504,0.0339832600510716
515.0,0.0319096149005643,0.0188345021813034,0.0377720969651778,0.0206191660317413,0.0130998500412338,0.0106577267362383,0.0129900223137012,0.0228869910794866,0.0316145089730115,0.0247459820361699,0.0386167460902164,0.0158943511763485,0.0174752287575133,0.020040867984501,0.0298428401926027,0.0337797238021895
516.0,0.0321732860297984,0.0189566726985785,0.0372446625876248,0.0200592573901825,0.0128513232069725,0.0106641782900585,0.0131884411619133,0.0236544974169764,0.0325899756590175,0.0254799719046619,0.0397845931413905,0.0161841642789043,0.0173334256845841,0.0195206535765259,0.0291186764828671,0.033169601497022
517.0,0.0324596910035055,0.0190206217907588,0.0368667126266748,0.019419384482474,0.0126640755716323,0.0104788686907396,0.0132945272869722,0.024453366881019,0.0335560710397763,0.0262157762792083,0.0409071659767109,0.0164791664031457,0.0171924963470291,0.0189562602442778,0.0283266956324607,0.0327115498848263
518.0,0.0325913122765122,0.0194450185356392,0.03610985352888,0.0187600391959903,0.0124045926158384,0.0105158181728578,0.0134322151129712,0.0252043015751754,0.0350510825508781,0.0269461429313414,0.0419021778257442,0.0167513626019896,0.0171577457882244,0.0184068218204812,0.0275417831490546,0.0316665514985639
519.0,0.0326719703882292,0.0194126794634665,0.0352441706392946,0.0180742103374644,0.0122507493446787,0.010511738994502,0.0137889437579877,0.0258722032489557,0.035822545138997,0.0281697799015157,0.0434131283492185,0.0170164941537665,0.0170909078957146,0.018097110525253,0.0268525236981666,0.0309848613673079
520.0,0.0324514404390998,0.0198341634227021,0.0344607528478248,0.0174683322381505,0.0119544696810887,0.0106280027182496,0.0138856145518282,0.0264115540051711,0.0370738656986018,0.0289073084035479,0.0443983249560038,0.0172191250010171,0.0169717060379211,0.017544350980867,0.025746011314098,0.0301960816178719
521.0,0.0324945702442791,0.0205235140342033,0.0339166742609603,0.0168905838002014,0.0118078671719879,0.0107277151048453,0.014246359025591,0.0274723531981396,0.0385679880667729,0.030170174486443,0.0454457434078644,0.0176563001437886,0.0170167009660562,0.0172145115223465,0.024940735699615,0.0294010305385537
522.0,0.0319763817755205,0.0211085396065292,0.0331168703565917,0.0165206913962995,0.0116373102574755,0.0107436367128278,0.0145518142151857,0.0280634012484202,0.0397334620973362,0.0317582451825176,0.0466561378883125,0.0179383110148799,0.0168502265223542,0.016623443052307,0.0237266073960949,0.0283506530211166
523.0,0.0317063436608145,0.021816653163213,0.0320944707898714,0.0161078685577193,0.011691812692606,0.0107932707540186,0.0151465054533284,0.0290063453743807,0.0407153254695151,0.0332190333059782,0.0481777000680275,0.0183903933561649,0.0169214895687668,0.0163008995987695,0.0229097077563388,0.0272804933378616
524.0,0.031291836000847,0.0224061473947544,0.031114653147568,0.0156003164132085,0.0115857968842922,0.0108137727226034,0.0155692029076838,0.0300753316910384,0.0413765378702867,0.0348393715680997,0.0492841738155022,0.0189045998939315,0.0170418307183221,0.0161158090184733,0.0221411240065639,0.0261352734040825
525.0,0.0312318457475298,0.0231650518711289,0.0300425854291058,0.0151464804382466,0.0115688528814511,0.010942331959298,0.0160184865816612,0.0313254917573219,0.0418278085873992,0.036355147205908,0.0501822627768624,0.0195937114159749,0.0172793355062463,0.0159416980954817,0.0214509609528846,0.0250456903370896
526.0,0.0307817719602924,0.023973149691201,0.0289618202499029,0.0147686222952455,0.0114643916132211,0.0110350464494945,0.0164351366961787,0.0323599023713059,0.0420733168928539,0.0378997455770328,0.0508250545205443,0.0202007468855795,0.0174547835238378,0.0157076736271567,0.0206854934926566,0.0238971895280222
527.0,0.0302048890355473,0.0248045888322343,0.0279650621510752,0.0143311100062427,0.0114525875748952,0.0111228783735043,0.0169423789903882,0.0333604228591985,0.0420596366302357,0.0396820565428793,0.0513973332474658,0.0207843409505268,0.0176285044471676,0.0154659499068372,0.019857297195289,0.022851234276005
528.0,0.0295776312470137,0.0257639922493662,0.0268766938120733,0.0139877891698272,0.0113845256785315,0.0112004943448801,0.0174533581856424,0.0343536327938987,0.0418537586231865,0.0415099532926375,0.0517371908477426,0.0213741988346102,0.0178204154763307,0.0152881485587347,0.0191731740369367,0.0217853743603738
529.0,0.0288142380578313,0.0267195278014791,0.0256931478209377,0.0136418551409248,0.0113399141636401,0.0113077917528188,0.0180577914149471,0.0353771804111257,0.0413239191103168,0.0432294437280282,0.0517855989832943,0.0220800305584691,0.0180190066964846,0.0150907970436169,0.0184136559960494,0.020680915793831
530.0,0.0281301422728531,0.027663972306635,0.0245408089598824,0.0132091413056229,0.0113038488402144,0.011481779953241,0.0185764473644,0.0363206380267829,0.0403253671367768,0.0450156821685936,0.0515869108366932,0.022862171661174,0.0182215361305341,0.0149470743591666,0.0177427371942789,0.0196940722049294
531.0,0.0273325459906273,0.0288616817386581,0.0236687775551855,0.0128009840309152,0.0111993518022184,0.0117124692677737,0.019103013423364,0.0371786687369361,0.0393525279242113,0.0464756749394906,0.0508107123604405,0.0235715928923667,0.0184706857194554,0.0148081399197534,0.0171365941100075,0.0189433907545842
532.0,0.0265325858927042,0.0302085063418483,0.0228609531257388,0.012612290154683,0.011173447272509,0.0118761047353061,0.0196837060927288,0.0378542721140438,0.0382546301326571,0.0483261562100817,0.0499550478892073,0.0244249893029192,0.0187167393331563,0.0146932314726098,0.0165662818202208,0.0181992173476074
533.0,0.0255599625332512,0.0316090945508668,0.0220037678891967,0.012417977693861,0.0111814649560797,0.0121470194310836,0.0204206607959843,0.0383565116643201,0.0371089200843643,0.0500189976509528,0.049327995066264,0.0250940008990007,0.0189876741252288,0.014473293184334,0.0159560046839724,0.0173517868289786
534.0,0.0246712672082625,0.0331737239517609,0.0211854409647534,0.0121812849217236,0.0112885134138749,0.0123965709336724,0.0211622552835316,0.0388876515137475,0.0356310810559343,0.0516159306933588,0.0485432157173448,0.0259773502427283,0.0193356678588971,0.0144122411358572,0.0154341502159024,0.0166570853320705
535.0,0.0239288776520677,0.0349028675505247,0.0204530586123024,0.0119447963890922,0.0113018309152136,0.0127264298366827,0.0219445616506235,0.0394434106841655,0.0341410499278954,0.0530120545562127,0.0472731457824986,0.0269478194869131,0.0197602409593799,0.0143949639036434,0.0150303661263557,0.0160781490015331
536.0,0.0232454304515241,0.0366633579979279,0.0197077876887683,0.0117782225801155,0.0113927744299084,0.013064765317117,0.0228706199409635,0.0398806866575659,0.0327095835603372,0.0542563207704703,0.0460011397507465,0.0279275775562334,0.0201804638980584,0.0143901155882889,0.0146701456221572,0.0154977338265725
537.0,0.0224280059753088,0.03851567011614,0.0190672064564353,0.0115761032655178,0.0114628130599281,0.0133730200686876,0.023712761104754,0.0401059919518329,0.0311884296274132,0.0552361342437193,0.0445415234245938,0.0290098169438897,0.0207750677645498,0.0144138462131689,0.014344527735684,0.0149397044257033
538.0,0.0216494578448711,0.0405230634813561,0.0183973098731595,0.0114942351039932,0.0115987630374392,0.0138738160531446,0.0246120499009253,0.0402547026901624,0.029748599246016,0.0559625743541172,0.0431766147819193,0.0300706316870249,0.0212882728414901,0.0145096961320405,0.0139502345979751,0.0144972523006344
539.0,0.0209605451203715,0.0426882686498449,0.0177503357795397,0.0113921315112141,0.0117311279120461,0.0142537357661786,0.0256590056632448,0.0402372437521794,0.0281798755384276,0.0563142989209672,0.0417073423460904,0.0311681535040903,0.0218983272969715,0.0146188909469174,0.0136699328165037,0.0139589265210031
540.0,0.0202753785388223,0.0451449704168602,0.0171519892842546,0.0112228344979467,0.0119331939527554,0.0147024342908683,0.0267268691004876,0.0400395603755812,0.0264846711560163,0.0562258451576627,0.0400667057205718,0.0322191262119604,0.0226413314367824,0.0147382957902531,0.0134526104164495,0.0135661641588695
541.0,0.0195781642027164,0.0472507560789647,0.0166842793244312,0.0111765346280617,0.0121146286897214,0.0152164208844326,0.0279652138001935,0.0397317540771813,0.0251216147479253,0.0556212611204374,0.0380979194416142,0.0333313973701251,0.0233927513486724,0.0148636395696335,0.0132619016923975,0.0132120830286249
542.0,0.0189453880883213,0.0494879218961299,0.0162299265358307,0.0111249425054589,0.0122695683112333,0.0157379495123362,0.0289776265427256,0.0392531337620528,0.0238123315479379,0.0546851111406675,0.0365384853942595,0.0343165794741133,0.0242281440353512,0.0150233585749409,0.0130553944171932,0.0129065461067537
543.0,0.0181850880608283,0.0516897944554695,0.0158237805445479,0.0110529428966866,0.0124504161446409,0.0163285169544119,0.0301056066585598,0.0384527935927445,0.0226395225213074,0.0535135694224169,0.0350107511792867,0.035365281961305,0.0252774999071375,0.0152676781026968,0.0128678875561952,0.0126199952246343
544.0,0.0175978307142265,0.0536335178843421,0.0154538842427079,0.0110245381430573,0.0127564655274977,0.016904080778575,0.0312211532964921,0.0376221726251824,0.0215572041953691,0.0520175785757438,0.0334796364628024,0.036147367803655,0.0262227779352148,0.0154702951525422,0.0127125101581658,0.0124058710199894
545.0,0.0169876074002548,0.0556960646068965,0.0151369628214228,0.0110711607678152,0.0129699563824925,0.0176492345100897,0.0322981274340617,0.0366290169393176,0.0205127593470693,0.0502574834504805,0.0321179903277302,0.0368282652430497,0.0272198173444269,0.0157763288455915,0.0126067391189563,0.0121989449826361
546.0,0.0164735966765757,0.0574312475836804,0.0148644360041316,0.0110765604054168,0.0132758763735036,0.0182926741422505,0.0334118413423375,0.0357066361695025,0.0195500871196356,0.0482224264552583,0.0307185700905877,0.0373348920911724,0.0284352273216844,0.0160742668950695,0.0125721421134816,0.0120796648840455
547.0,0.0159989622119735,0.0588897003578645,0.0145279795458564,0.0111354058832183,0.0135761477968268,0.0190382750433194,0.0344311548085195,0.0347131600680243,0.0187658184173048,0.0460747008810568,0.0294086981220028,0.0376903271660381,0.0296573038772078,0.0164471383666374,0.0125665295954728,0.0119355957992267
548.0,0.0155309404453454,0.0598095749108043,0.0141985112726728,0.0111586361315661,0.0139557483968394,0.0198840110212115,0.035444160512678,0.0335440342377062,0.0179349637006364,0.043997899745214,0.0281940021023739,0.0378482534111706,0.0310415007344345,0.0168256352553015,0.0125767253327223,0.0117845382157605
549.0,0.0150500943785725,0.0604603820466858,0.0140272051181669,0.0112171219197707,0.0143315078949036,0.020760287049564,0.0362473146795345,0.0323830467407709,0.0171669223171285,0.041724209229929,0.0270615133126224,0.0377199281239305,0.0325001282895395,0.0172655537105027,0.0125634150472663,0.0117080571810791
550.0,0.0147387178251082,0.0605694258370504,0.0138372890874746,0.0112867300828875,0.0146538337295643,0.0216369897956052,0.0369030334975217,0.0312665452786668,0.0164664203025959,0.0394195195422179,0.0259572590634107,0.037523920001926,0.034047544799566,0.0176904378169197,0.0126321874759561,0.0116876850746673
551.0,0.0143174290926803,0.0604187787525719,0.0136942977861434,0.0113869352240059,0.0150657368178077,0.0226761979356369,0.0373852472724125,0.0300852271090725,0.0159427198506094,0.0372130859637206,0.0249208661949352,0.0369543377067601,0.0355954695554496,0.0181674663395741,0.0126693823709611,0.0117049287670353
552.0,0.0139419382973943,0.0597824600079203,0.0136008251393377,0.011538614258194,0.0154740191870032,0.0236504514614082,0.0378364667490091,0.028826008009286,0.0154421574267864,0.0351929043062916,0.0239603336972196,0.0362381782028161,0.0372198840478887,0.0187067124181666,0.0127543572285743,0.0117474014208821
553.0,0.0135574585186599,0.0586143785153473,0.0133936744012033,0.0116583456650533,0.0160237229520602,0.0245972956341761,0.0381166529082816,0.0275776930998476,0.0149765755685539,0.0333824790107224,0.0232223505821676,0.03535439393909,0.0388556554261505,0.0193210632932658,0.0128701031953465,0.0116969666744606
554.0,0.013299551009244,0.0568990587421232,0.0132572842047275,0.0117825405635179,0.0165223438515286,0.025637786319178,0.0382191431658176,0.0264908744762137,0.0144770851593443,0.0314897047768958,0.0223562663792489,0.0343901398986421,0.0405743929437075,0.0199955393970812,0.0129942890119149,0.0117557374890746
555.0,0.0130678593687311,0.0551330327561809,0.0131854506821907,0.0119449790971025,0.0170628638945072,0.0267353542651533,0.0379522563876117,0.0254981226310812,0.0141139031835934,0.029674478879435,0.0215461982508263,0.0333499522902279,0.0421847489817149,0.0206956856226841,0.0131490661883692,0.0118011816621652
556.0,0.0127336390475437,0.052811627790738,0.013089773037793,0.012113878658997,0.0175848620319348,0.0278158064895193,0.0376584619931741,0.0243744305980536,0.0137408761592221,0.0281119709671118,0.0209197381929222,0.0321281885108035,0.0438692078253942,0.0214696768291287,0.0133785637180475,0.0119121068787125
557.0,0.0124697919133927,0.0505192797366027,0.0130236235196169,0.0122770704939512,0.0182032921036681,0.0291885408217357,0.0371252555240036,0.023295253668134,0.0134691642814435,0.0265663828801312,0.0203543508871024,0.0308147223440105,0.0453211778074491,0.022267271800434,0.013570425109216,0.0120453705062264
558.0,0.0122489585779339,0.0478541722317823,0.0130114758442393,0.0124601983792905,0.018769145105779,0.0302228830587763,0.0364759674057633,0.0223756673431579,0.0131599885147477,0.0252281254467746,0.0196882710492254,0.0296613196198483,0.0466219282158546,0.0231473202454041,0.013807858372151,0.0122009006265002
559.0,0.0120236304977187,0.0448998882324954,0.0129607218477039,0.0127520252350466,0.0194416588046191,0.0314930818307402,0.0355365379778667,0.0214532497189886,0.0128978113745319,0.0238631676609281,0.0191193918540481,0.0283907831239378,0.0477209848865015,0.0240041460045622,0.014038269042211,0.0123118205295097
560.0,0.0117980085986523,0.0422723895980894,0.0129424730636963,0.0129418634076003,0.0202683295543605,0.0326277927772384,0.0344693156577928,0.0205964297161932,0.0126778404269054,0.0225828520605367,0.0185813033571636,0.0271240147459808,0.048685483079184,0.0250262910575158,0.0142965716640369,0.0125392923407398
561.0,0.0116236094543086,0.0397628858035956,0.0129994471335203,0.0132500262201601,0.0209572905344973,0.0337406782339121,0.0333684060773732,0.0197506329563509,0.0125308672257406,0.0214916662120245,0.0180751390478849,0.0258391276351172,0.0493057049116453,0.0261126273359468,0.0146205680443466,0.0127251089748404
562.0,0.0114239892407312,0.0373839011577551,0.0130197794418066,0.0135513334349554,0.021805880774613,0.0347642337974965,0.0322327879178567,0.018784688430382,0.0124018533927132,0.0205547994832079,0.0176593959435575,0.0245262472989616,0.0497843915490193,0.0274855645094302,0.0150160431991029,0.0129728035260141
563.0,0.011184736577129,0.0351693563825044,0.0130521517412156,0.0138378014295273,0.0226732699125479,0.0357360249470286,0.0311976062834451,0.0179788078454314,0.0123023302003939,0.0196646408439974,0.0173134326939775,0.0233617669470159,0.0496984726571056,0.0286271762816895,0.0153035557383468,0.0132353212538978
564.0,0.0110986023249659,0.0329169137118308,0.0130806563800822,0.0141419153259511,0.0235146619111121,0.0366984172419755,0.0299768554999467,0.0172992654691126,0.0122070674974429,0.0189635982512715,0.0169982816361579,0.0223060886868677,0.0494220217592823,0.0299218788900722,0.0157556239072001,0.0135436201370805
565.0,0.0109402368396664,0.0307516986104545,0.0132258040139813,0.0144963372347674,0.0244451393185839,0.0373851100067857,0.0286795545297112,0.0166725810388437,0.0121673642366476,0.0182342294925515,0.0167156881104819,0.021380256778076,0.0489017370555482,0.0313088282882806,0.0161739482490812,0.0139119062971639
566.0,0.0108327627947718,0.0289586693595999,0.0133023413334914,0.0149534148820306,0.0254199864184638,0.0380626501466,0.0273494652252912,0.016094150535468,0.0121872298806026,0.0175463051459104,0.0164104299872693,0.0204583839894847,0.0480823624991121,0.0326900573244863,0.0166012772061465,0.0142358977415352
567.0,0.0106975824568692,0.0271899133923477,0.0134553649817436,0.0153207213118499,0.0265656726150446,0.0384097583682396,0.0262576703260854,0.0154820038315531,0.0121893236818213,0.0170429910852061,0.0161918893199673,0.0195553077490345,0.0469836690028195,0.0342080019837782,0.0171009805191115,0.014658331927576
568.0,0.0106018869421601,0.0255504279925092,0.0136047946288619,0.0158387478799111,0.0276262874435066,0.038639436142815,0.0250526288026696,0.0149100946199225,0.012290749980156,0.0164819903632364,0.0159908742824614,0.0187202914771384,0.045571989332682,0.0357942969968873,0.0177016562149018,0.0150802250667493
569.0,0.0105304483309935,0.0240135245420505,0.0137523492968932,0.0163500248396607,0.0287742984835301,0.0386728186403585,0.0238776389273858,0.0144452457283561,0.012312958009875,0.016064707903875,0.0158483917693597,0.0180052008828513,0.0442130626694439,0.037421422325349,0.018358013299558,0.0155443327384868
570.0,0.0104747371383298,0.022657286338143,0.01392095968351,0.0168630238387337,0.0300295344830939,0.0384504469228795,0.0226985242588865,0.0139188244320531,0.0124070591532463,0.0156214219364228,0.0156282640375738,0.0172557911408217,0.042548002836846,0.0389858079753602,0.0190067993369761,0.0159977059881229
571.0,0.0104417764258303,0.0214119767463369,0.0141626035424046,0.0173824976358621,0.0311396692231792,0.0379852110487133,0.0216250147875623,0.0134525332321054,0.0125205706858473,0.0152614252643802,0.0155428045022129,0.0166198520581542,0.0408462406783622,0.0406376854349043,0.0197931150257826,0.0165959078713061
572.0,0.0103566522672448,0.0202346347642248,0.0144179224123329,0.0180016904237084,0.0322937480404189,0.0374025489169923,0.0205944220090639,0.012994180303557,0.0126795235097952,0.0149590382151146,0.0154249960397033,0.0159803061892209,0.0390050901439495,0.0421503495314721,0.0205722975339955,0.0171508584662283
573.0,0.0103463909729108,0.0191677062738979,0.0146151253836557,0.0186496914803007,0.0334701845997405,0.0365060629878357,0.019564754742003,0.0126491087858177,0.0128546621828311,0.0146866296439503,0.0153693829744753,0.015458689653921,0.0372589245696356,0.0434581548766155,0.0214331712933333,0.0178008088111786
574.0,0.0103116436256871,0.0182885359614575,0.0148450544074196,0.0193119133182228,0.0345959640419551,0.0356289274219348,0.0185700525110593,0.0122408252329042,0.0130787448226142,0.0144247968516404,0.015274934527696,0.0149955835953791,0.0354564318538313,0.0445319846386101,0.0222549969372133,0.0184336366819136
575.0,0.0102918379415747,0.0173647529030244,0.0151917937200069,0.0200027434535321,0.0356104044050955,0.0346499880968435,0.0176863148613874,0.0119106541355543,0.0132405485124588,0.0142762004826218,0.0152092245167972,0.0145043003379889,0.0337295948092749,0.0455695923400649,0.0233403900086956,0.0192043911292779
576.0,0.0102508713799603,0.0166000234000611,0.015508932265268,0.0207742526060151,0.0365279959259115,0.0332742707343893,0.0168000711404325,0.0115910418439661,0.013518607680536,0.0140491500040094,0.0151653343393986,0.0140068482730418,0.0319623277759291,0.0462271657402507,0.0244453430312804,0.0201015977266099
577.0,0.0102423702194299,0.0159542039903578,0.015944044460382,0.0216748089892585,0.0373941866317218,0.0319744903435568,0.0159872763058422,0.0112732396158364,0.0138597358826485,0.0139401011609069,0.0151540675103704,0.013628561786662,0.0303836803507628,0.0465811762120317,0.025617512656909,0.0210855188123768
578.0,0.0102464631330341,0.0152369101138073,0.0163689685324463,0.0227426735987342,0.0382855820812701,0.0306978761296758,0.0153245715631932,0.0109662698877551,0.0142414475456063,0.0139304234497085,0.0152450145846974,0.0132432721420306,0.028780574855148,0.0465221567991894,0.0267683480418581,0.0220825118376224
579.0,0.0102677960145029,0.0146601558973547,0.0167624409250308,0.0236361854897731,0.0389374737412136,0.0294112113412941,0.0144805581990872,0.0107078525700503,0.0145784716111865,0.0138431206127818,0.0153075214712829,0.0129085102801931,0.0273332251176311,0.0463463271598841,0.0281786975346686,0.0231063103748743
580.0,0.0103219067111368,0.0142424866119755,0.0171769913030623,0.0246685161015866,0.0392527569410445,0.0281446722152295,0.013790035860928,0.0104830750512449,0.014973201418027,0.013790926004255,0.0152984308727004,0.0126313338155839,0.026056980971948,0.0458183409988086,0.0297411444747863,0.0241958868575043
581.0,0.0103300945613854,0.0138237663197358,0.0176507040237944,0.0257298900049523,0.0394687814349617,0.0268282483176332,0.0132126113889795,0.0102406100759385,0.0154213765797204,0.013895625456374,0.0154057460377245,0.0123231001327759,0.0246113512870274,0.044817099586153,0.031580790319322,0.0253441310391236
582.0,0.0103847584380926,0.0134215653426493,0.0181808503413348,0.0267889988696669,0.0394128710977705,0.0254696809299139,0.0126288539164918,0.0100474111464876,0.0158192476952139,0.0139030229047764,0.0155236809439623,0.0120412217567656,0.0234524454002153,0.0436412889902532,0.0331793219525228,0.0266257149690193
583.0,0.0104532069385017,0.0131437643977985,0.0186948180815667,0.0279858739089092,0.0392247284679444,0.0243178748557194,0.0121582400055691,0.0098843300586926,0.0163525904944732,0.0140294300698768,0.0156545508981665,0.0118287962795305,0.0224256995405769,0.0423109759712318,0.0349243339314694,0.0280154650880688
584.0,0.0105137983433988,0.0127972393443952,0.0192911384163913,0.0292381235918938,0.038798888105485,0.0230859840414606,0.0116263564049319,0.0097054581538894,0.0168825100599391,0.0141764489566481,0.0158174417493142,0.0116687058303626,0.0214259900645152,0.0407629263804781,0.0366572281339768,0.0294898546919693
585.0,0.0106193089131281,0.012568247367844,0.0199028478908735,0.0304780724824437,0.0381339932831571,0.0219588381991739,0.0111429745497628,0.0095360930333676,0.0174557050905346,0.0142922732378611,0.0159863676814942,0.0114899303122991,0.0205479917775181,0.0392010338617046,0.0383241690770263,0.0309969100635192
586.0,0.0107142832988922,0.0124155293350864,0.0205430724749856,0.0318707745531471,0.0373769882387407,0.0207703909877738,0.0107778113324996,0.0094140221816398,0.018053408667216,0.014520956371302,0.0161757226075075,0.0113526246074721,0.019681550797612,0.0374280569666492,0.0401194972088973,0.0326938237535596
587.0,0.0107791529960995,0.0122264723758905,0.0212962960423448,0.0332622758322253,0.0365027786972387,0.0197424908171645,0.0103868569568519,0.0092632108362163,0.0187241143116403,0.0147365940173785,0.0164327626602023,0.0111912349631606,0.0189037052548653,0.0355800397231456,0.0417362759626959,0.0346034148255656
588.0,0.010900040309412,0.0121111554783512,0.0220389784306563,0.0347073189058253,0.0353504541639325,0.0188616881003634,0.0099849937605924,0.0091720919784893,0.0194530218686387,0.014966558114593,0.0166367974854694,0.0110820965418884,0.0182633295864878,0.0339546610815387,0.0433167777881904,0.0363933111720547
589.0,0.0109997817649417,0.0120162399422511,0.022845571256893,0.0361322736612206,0.0341311209914131,0.0179557227786551,0.0095992553033493,0.0090853806438693,0.0202296024635779,0.0153020295057781,0.0168877144078849,0.0109685436534571,0.0176115457262975,0.0322782838946886,0.0446819592170242,0.0383530796629202
590.0,0.0111754125635164,0.0119998687493642,0.023876804953509,0.0375175777272695,0.0329233953362817,0.0170094004568783,0.0093128269781851,0.0089851584076043,0.0211768920673586,0.0156160131948914,0.0171946840017215,0.0108507243096501,0.0170068612499697,0.0305526770780943,0.0458683051613514,0.0403585796096352
591.0,0.0112767125640513,0.0119631139053699,0.0248725589112906,0.0391571335902882,0.03167267341962,0.0161998556851317,0.0089952680757735,0.0088934387123996,0.0221695746794656,0.0160950651937411,0.017506817289348,0.0108034602772945,0.0164239888683368,0.0288677210992817,0.0468455002989679,0.0422750849419329
592.0,0.0114384886227518,0.0119968208219987,0.0258373857074381,0.0405669948779113,0.0304797353430249,0.0154460691149428,0.0087890257112203,0.0087818225396983,0.0231722695974692,0.0165287443342178,0.0179833068382807,0.0107346008006944,0.0159317738157214,0.0273863614168788,0.0473954256077475,0.0440708489527234
593.0,0.0115947413223001,0.0120388165739097,0.0268861363743787,0.0418148456883272,0.0291221031833407,0.0144778727077393,0.0084834274578211,0.0087899375571865,0.0242660714762252,0.0169926559228246,0.0184091775932857,0.0107197730318075,0.0154979896273352,0.0260933488011349,0.0477766740840346,0.0456844482250477
594.0,0.0118266757132473,0.0121182702229054,0.028349323357727,0.0428224732430929,0.027852923893811,0.0137924420205748,0.0082706064511876,0.0087828159585896,0.0254116265859552,0.0174943763676915,0.0187674072585187,0.0107223772002211,0.015135867489927,0.024762708408625,0.0478018444416365,0.0475816275707321
595.0,0.0120319378283732,0.0122320861909845,0.029505213704071,0.0440093490539467,0.0265638957794148,0.0132122843757473,0.0080575547608633,0.0087762269520071,0.0270871060824385,0.0180487790095003,0.0192192910869051,0.0107063774471926,0.0147329976590807,0.0234531090994936,0.0472414346163795,0.0486241296309841
596.0,0.0122551801803015,0.012307450350557,0.0307792626640209,0.0446743155923458,0.0249153780690957,0.0127058696426322,0.0078012165188983,0.0087155877131043,0.0283271493014277,0.0188100231253785,0.0197719612206051,0.0106905660662775,0.0144012598648364,0.0222981104135471,0.0464647319308965,0.0494193393605981
597.0,0.0124342096002431,0.012464105198539,0.0322766860516176,0.0450817956871654,0.0237465937607095,0.012140130710709,0.0075850488856157,0.008681549357929,0.0297945190035997,0.0193543723280168,0.0202222691137914,0.0106816867232331,0.0140682417576611,0.0212176192696238,0.0452870541391287,0.0501954384924866
598.0,0.0127341665276853,0.0127489277380143,0.0338011088546951,0.0455389081858477,0.0226064863663314,0.0115418244559411,0.0073723877046496,0.0086395017334821,0.0316311958679164,0.020072512173965,0.0207790151525788,0.010711708466055,0.0136867809632797,0.019900627403497,0.0433371117028292,0.0502598290057805
599.0,0.0129213910112344,0.0130085196903787,0.0353146524250709,0.045507550866177,0.0215556792794241,0.0111091947974622,0.0073144599870596,0.0086091384399852,0.033388924625002,0.0210035889331995,0.0214879942899754,0.0107039881334767,0.0134348155959343,0.0190058116676985,0.04167844577957,0.0498436235001709
600.0,0.0131241987816905,0.0132155802952067,0.0368511406029173,0.0450969786176912,0.0205706699096068,0.0106293856178499,0.0071282803869047,0.008601142197299,0.0352291002440527,0.0218228998122442,0.0221111705751048,0.0107437628447346,0.0131960469874658,0.0182147206928314,0.0398032360704884,0.0491681658359919
601.0,0.0134761236429624,0.0135044958013285,0.0386656077951349,0.0445082352687883,0.0195073101164489,0.0102020694542934,0.0069805499163537,0.0086752734289804,0.0371443415448057,0.0226975532385446,0.0227611864128133,0.0108582696692914,0.0130091748769489,0.0174779235405938,0.038036680344609,0.0480118098277699
602.0,0.0137716607760973,0.0138613628835274,0.0404791908297146,0.0437091636593192,0.0186627340230286,0.0097500020705827,0.0068600734166076,0.0086823529447596,0.0393591652760696,0.0236588603651899,0.0234206473103022,0.0109162910427983,0.0128355876479391,0.0167499041570935,0.0360317764316905,0.0464258319534979
603.0,0.0140299600891464,0.0142444933971732,0.041902945449853,0.0425926201098538,0.0178089247238363,0.0093439950074685,0.006740706666238,0.0086835172038542,0.0416012796609364,0.0248093991241571,0.0242921389196614,0.0109861240702048,0.0126361140943649,0.0160641436853771,0.0339880464695535,0.0444311194001682
604.0,0.0143366029315413,0.0144802973311717,0.0436389038815746,0.0410251017693359,0.0169101884892081,0.0090407528519259,0.0066262611985878,0.0087351849405987,0.0435598918473765,0.0259454025649003,0.0251185994746512,0.0110585836938406,0.0124761012077984,0.0154998544978306,0.0321365941149942,0.0423096213260628
605.0,0.0147336603778522,0.014877134508375,0.0454860819759986,0.0394481406368791,0.0160369416111609,0.0087217302951481,0.0064665705257663,0.0088076882913609,0.0458010783806634,0.0270270332789941,0.0257988890497733,0.011197512162489,0.0123242761861013,0.0149150274357914,0.0302357905485802,0.0403136378779902
606.0,0.0151268149167421,0.0153586762603411,0.0473579280537644,0.0379844852997598,0.0152932961745409,0.0084283334645837,0.0063415347141975,0.0088630306509153,0.0481110442421774,0.0283472786611003,0.0266982987454731,0.0112951023271515,0.0122233395396047,0.0144122175689824,0.0283857089532746,0.0381042528426962
607.0,0.0153693720130624,0.015881064740038,0.0491486200104856,0.036390098756642,0.0146622021393104,0.008218366260142,0.0062493065032177,0.0088637180891062,0.0504019441013818,0.0298187760807008,0.0277044943881325,0.0113333800264541,0.0120233032587118,0.0138660277054164,0.0265544179656099,0.0359688757766427
608.0,0.0157284418661844,0.0165280874449826,0.0507885309030184,0.0347679605389447,0.0140326979114848,0.0079485499814166,0.0061605900183025,0.0088644722535469,0.0526280985012978,0.0313856926322939,0.0288704273699136,0.0114717222472048,0.0119029345769199,0.0133950899580415,0.0249150439021757,0.0339065167247867
609.0,0.0161282353458579,0.0170308763619306,0.0523260214331832,0.0332915267961026,0.0134637146733429,0.0077173121357371,0.0061172145393963,0.0089516158511045,0.0544119657902339,0.0331824334440765,0.0300469289659295,0.0116144310415834,0.0118312422210027,0.0130544180993697,0.0235076012044298,0.0317238276368743
610.0,0.0165615229723035,0.0177348754908859,0.0538109284978971,0.0315095147923774,0.0129984536486216,0.0074692570511459,0.0061021141872648,0.0090733711768034,0.0562220881484858,0.0348833638615753,0.0313045948405584,0.0117862726631194,0.0117550098547787,0.0126565475257984,0.0221176275148202,0.0297188365041114
611.0,0.0170461243964882,0.0185554308950017,0.0549033010817374,0.0299144630138287,0.0124461144474259,0.0073078550468623,0.0060436323293033,0.0091718661443353,0.0577061822493002,0.0369582924453319,0.0326294257116371,0.0119512830164543,0.0117106465318143,0.0123425421380181,0.020935336285223,0.0279179970359927
612.0,0.0175105075952646,0.019356406504084,0.0558291947916482,0.0283797329268438,0.01203469650196,0.0070843862499691,0.0060402874717807,0.0092901793597107,0.0586943766464653,0.0392184101893985,0.0342110245486441,0.0121428404744394,0.0117023218056493,0.0120749462588875,0.019824011151669,0.0261141689236546
613.0,0.0180398426217249,0.0202949753883969,0.0566932715037032,0.0269123229935782,0.0115729280172744,0.006877792114306,0.006036957412723,0.009419074667984,0.0592096707966316,0.0414594808489835,0.0356340262093268,0.0122817321954642,0.0116508362091336,0.0117866890305805,0.0187393337506568,0.0240649476665084
614.0,0.0186484981022195,0.021484608207933,0.0567430247989195,0.0251840089463184,0.0112573148453346,0.0067816130171974,0.0059745731768403,0.0095639878667992,0.0589960720985611,0.0439272522449405,0.0373761906399716,0.0125416343132417,0.0116408358223715,0.0115468629616782,0.0177626829688049,0.0226289909643355
615.0,0.0192263710614452,0.0224599918734224,0.0566464685941261,0.023879701198597,0.0108034339127959,0.0065949607845824,0.0059863337928166,0.0097178906821049,0.0583151255243946,0.0471541700349948,0.0395757516657051,0.0127777671288285,0.0116904441837054,0.0113307173736334,0.0169494431322538,0.0212692057303472
616.0,0.0198206393433376,0.0236969171914575,0.0562114809991514,0.0226192306669869,0.0104548399227199,0.0064452293388967,0.0059730484947337,0.0098856636913643,0.057150162220912,0.0497706147785804,0.0412668492542267,0.0130484545081327,0.0116774264594723,0.0111230902753665,0.0161437284435299,0.0200017307091707
617.0,0.0207003867393728,0.0249126500658085,0.055327872562837,0.0214888387445696,0.0101641923618779,0.0062955326728503,0.0060049444314009,0.0100817213929321,0.0555858411317291,0.0526979756114409,0.0434325238784997,0.0134102241582213,0.0117421223203631,0.0109056620992753,0.0152185365451363,0.0188565178310381
618.0,0.0213492959453283,0.0263620684174766,0.0541752195560797,0.0203355169925452,0.0098795744180848,0.0062282108433048,0.0059902034164999,0.0102394554177818,0.053506175931658,0.055658529667437,0.0454370375865066,0.013626289302119,0.0117232683942536,0.0107330592385286,0.0145584873604911,0.0177364442654889
619.0,0.022109577920507,0.0277926633048229,0.0527269222608582,0.0193153547255681,0.0096099769208379,0.006132552154553,0.0060019028645157,0.0104855329858988,0.0510706538691102,0.0587314232385572,0.0477578582564626,0.0139458634054906,0.0118292780274572,0.0106426467283509,0.0140065163767352,0.0167888776128644
620.0,0.0228957035649503,0.0293633665223067,0.0510029092733116,0.0184028738884826,0.0093711220248681,0.0060845402339505,0.0060416113383334,0.0106904847938835,0.0486178566625995,0.0617030900401133,0.0500777990313793,0.0142467577462031,0.0118887758904327,0.0104966998398135,0.0134566446750654,0.0159529123433677
621.0,0.0237801595792907,0.0313152996380815,0.0490647967102105,0.0174432190729762,0.0091515523420163,0.0059712570634847,0.006027015723847,0.0108645265452373,0.0458592715876854,0.0645897272253521,0.0523701523893947,0.0146262540417758,0.011955267716957,0.0103649063037975,0.0129223818581246,0.0150992333009237
622.0,0.0246940125680216,0.0333371474209121,0.0471928787108479,0.016610639367083,0.0089456520248141,0.0059438892502471,0.0061201770551923,0.0111064306275381,0.0430025312782677,0.067641585860606,0.0549398948434882,0.0149761918879174,0.0120565953539834,0.0102722122320352,0.0124841922904727,0.0143590654687739
623.0,0.0256262817080217,0.0354376502318303,0.0450343201168736,0.0158950842355671,0.0087543585978624,0.0058771663499198,0.0061809412497485,0.0113533324347742,0.0403994099784992,0.0705006240266994,0.0576533694133853,0.0153921006061212,0.0121695575762818,0.0101843020590589,0.012086681817332,0.0136753432165023
624.0,0.0267309046382391,0.03770639879553,0.0428439470135919,0.0152008986266292,0.0086015850473209,0.0057842277573975,0.0062432447071093,0.0116576893126452,0.0376706200632239,0.0728889569891201,0.0601715066900158,0.0158650231654295,0.012335442946681,0.010155219476573,0.0116944119357215,0.0130816256391879
625.0,0.0278983681481535,0.0401804052034086,0.0406849925158363,0.0145316890551079,0.0084908855579125,0.0057851932192745,0.0063450590581026,0.0119739541262268,0.0351833965269107,0.0748481313145906,0.0627058177871129,0.016379168426738,0.0125095050180158,0.0100872843974663,0.0113499653622375,0.0124825340152192
626.0,0.0290656819206584,0.0428299505581754,0.0386299653316302,0.0138789731408053,0.0083012156746313,0.0057681734579349,0.0064520715769602,0.0122842360092797,0.0327703702709442,0.0763562757061811,0.0650078350668825,0.0168649310887543,0.012620298442595,0.0100742500467095,0.0110547688387794,0.0120089310196394
627.0,0.0303608521598781,0.0456358726509804,0.0366499235142203,0.0133631646675906,0.0081507760644478,0.0057211723807304,0.006516103978896,0.0126363983931479,0.0305513985907475,0.0772921538681933,0.0673210851588203,0.0174006298901736,0.0128523272264198,0.0100647150307726,0.0108224583524105,0.0115860825386486
628.0,0.0317281958676667,0.0484424101255455,0.0346691256056136,0.0128652800815741,0.0080423063709572,0.0057324223165363,0.0066190576951092,0.0130335300217714,0.0285940903118578,0.077495253580471,0.0695133074287231,0.0179822617621054,0.0129991058888884,0.0100516054330008,0.0105550619830791,0.0111342408501253
629.0,0.0331508396843136,0.0516630541119818,0.0327708437111525,0.0123640079841233,0.0079221411893258,0.0056937973721422,0.0066932720571031,0.013418168394212,0.0266422786151257,0.0771047972351221,0.0712921267667228,0.0185929077822269,0.0132013499576778,0.0100347580329754,0.0102872125001018,0.0107854303954587
630.0,0.0346597385138267,0.0549887789333906,0.0310709895190027,0.0119581052499224,0.0078026890357325,0.0057094015875963,0.0068007945784542,0.0138097970978416,0.0249177539656101,0.0759379128518574,0.0727999577974849,0.0193005573616639,0.0134121250581104,0.0100563186467052,0.0100913719677836,0.0104294673966535
631.0,0.036154437916355,0.058161019177623,0.0294961592850034,0.0115794982965192,0.0077388983265645,0.0056615732260349,0.0069633934187858,0.0142280015458841,0.0233850017615783,0.0740706186017275,0.0741286359935354,0.0199779985414667,0.0136306819892995,0.010062754349076,0.0099223723867848,0.0101027379574933
632.0,0.0378478154688225,0.0613894516235649,0.0275524797342551,0.0111726711021612,0.0076619482535691,0.0056676451380842,0.0071319538338895,0.0146980433623678,0.0219565378898196,0.0717563317709,0.0747428272071144,0.0207850086741819,0.013940539468119,0.0100857080753772,0.0097124091742627,0.0097723070228369
633.0,0.0397566708096665,0.065526218439661,0.02626621655431,0.0107513162638722,0.0076071706800378,0.0057316519692212,0.007208671166551,0.0152542412740407,0.0203058566924731,0.0689124690250913,0.0750712196329948,0.0217118000382289,0.0142800140062157,0.0101626012679346,0.0096089798939201,0.0095822583895899
634.0,0.041462338478879,0.0684551011182016,0.0249938382296247,0.0104772821680454,0.0075018941938256,0.0057163034443398,0.0073808109404365,0.0157462032613089,0.019255127306827,0.0648671519174462,0.0744973080116549,0.0226172060640723,0.0145386207091279,0.0102222955666665,0.009473161047059,0.0093345200168043
635.0,0.0432855011958636,0.0714698588448966,0.0237510705417433,0.0102168623981059,0.0074685273367647,0.0057243754297994,0.0075509136400401,0.0162960241520555,0.01819907060713,0.0616694957360955,0.0737672303846748,0.0235887685907954,0.0148768389012778,0.0103032563154804,0.009365413506669,0.0091463539849383
636.0,0.045462004810375,0.0743720602900508,0.0226236789535657,0.0099466523880411,0.0074056108131473,0.0057589318735798,0.0077096430956948,0.017023576191275,0.0172552494832326,0.058148237102244,0.0725710146787413,0.0249223255793027,0.015274426923965,0.0103729062109352,0.0092330358118328,0.0089809531576908
637.0,0.047099225015297,0.077147869216409,0.0216366014201757,0.0096949794128747,0.0074096754487228,0.0058558542651175,0.0079027899610406,0.0175554167541213,0.0163708731792742,0.0546380265797937,0.0708413314945911,0.0260117507211185,0.0156420139869446,0.0104402723625063,0.0091523573370346,0.0088563805415159
638.0,0.0488505629182421,0.0797508600517681,0.0208398872513215,0.0094956645617325,0.0073753184025057,0.0057984531423098,0.0080933159017647,0.0182123945267434,0.0157247808681882,0.0512549709982604,0.0688006048741008,0.0272296815626279,0.0160290697805383,0.0105399554371417,0.0091104989937421,0.0087615553356975
639.0,0.0505253167315538,0.0816278498596425,0.0199518970170248,0.009362737510179,0.0073527644206559,0.0058368441287458,0.0082571932958302,0.0189217717289797,0.0150867873900936,0.0483161526778657,0.0666731980234245,0.0285823075052321,0.0164627623823523,0.0106348400266466,0.0090395903187563,0.0085540595646607
640.0,0.0521010438343802,0.0820825113534663,0.0188898980077117,0.0091772827510791,0.007366371270945,0.0058259301127097,0.0085650569023842,0.0196825585340462,0.0142526241347744,0.0453886590698934,0.0647531110402382,0.0300227970136384,0.0168907203428823,0.0107506096721506,0.0089970699186838,0.0083316826767369
641.0,0.0535864537280811,0.0818223110660764,0.0180723892316266,0.0089040422620273,0.0073603352032859,0.0059081435207194,0.0087494362603035,0.0205231753071265,0.0135513832016906,0.0419451430400962,0.0620415803561071,0.0317038392213895,0.017424544047334,0.0109676466631829,0.0089944666627116,0.0082841784057444
642.0,0.0552135541864011,0.0818274602132726,0.0172363628041103,0.0087181711044012,0.0073065957844081,0.0060597179891205,0.0089018020937504,0.0214889305610425,0.0130491364458498,0.0388048632121524,0.0587247482922532,0.0334234994869158,0.0180111637485694,0.0111300416083297,0.009030855250811,0.0082327829264496
643.0,0.0560461118457082,0.0811097392075433,0.0167299806609078,0.0085085550605938,0.0072393284560261,0.0061045903819646,0.0090921987662238,0.0222128260242644,0.0125409243141436,0.0363588208930262,0.0556485560076341,0.0349929395547564,0.0184583854501142,0.0111982645712544,0.0089377907810154,0.0081662487035243
644.0,0.0566025025349217,0.079302239201559,0.0161324711078846,0.0084583657359488,0.0072798729287787,0.0062105849954518,0.0093846345384499,0.0231312336845698,0.012097794099917,0.0337708018147292,0.0523552010740687,0.0366497322174182,0.018987410153281,0.0112815777693964,0.0088521006534222,0.0081239720702579
645.0,0.0568207700435173,0.0769936249677426,0.0155424503680261,0.0083381238583998,0.0073269523008454,0.0062517800930936,0.0097579044290574,0.024014797444617,0.011715684287644,0.0315600238488863,0.0500646251049507,0.0386051081655542,0.0195618497431072,0.0114776830069512,0.0088662295424233,0.0080585652299594
646.0,0.0571043938708471,0.0738505736042724,0.015026657346423,0.0081983633472473,0.0073491426492813,0.00638234824267,0.0100467317678657,0.0253815935587868,0.011304765601259,0.0295757388783659,0.0474871769661199,0.0412924263211924,0.0204509580355999,0.0117773317420228,0.0089520500753085,0.0080275499160713
647.0,0.0574687164672837,0.070395869943848,0.0144097349468577,0.008095668656288,0.0073565663753177,0.0064916071088836,0.0103655447814176,0.0267692273470294,0.0109359170551207,0.0276855290029179,0.0449008972029497,0.0435932307536836,0.0213189419462974,0.0120145152098806,0.0089978717890623,0.0080228296495991
648.0,0.0571376167743527,0.0658069723466256,0.0140123199687992,0.0079959401919594,0.007346218753075,0.0065847800016852,0.0106408132287901,0.0280239246547656,0.0105425990397621,0.0260041822493765,0.0424550845537894,0.0457620600640365,0.0221293152504693,0.0122464295413871,0.0090628403190757,0.0080432175981181
649.0,0.0563528741993158,0.062110782978464,0.0136176742702765,0.0079261697090473,0.007410679625729,0.0066861842095303,0.011050701703247,0.0293851949996728,0.0103158181620844,0.0240876961400154,0.0396465489475329,0.0478786160078052,0.0230348843554876,0.0124470094430862,0.0090900449938968,0.0080215536880158
650.0,0.0553546992188153,0.0580948070007858,0.013250912140379,0.0078387811035455,0.0074486442137415,0.0068273242280076,0.0114390391744704,0.0308332659552542,0.0100597089432234,0.0227798538742859,0.0375753623316304,0.0499866038953716,0.0239847682961687,0.0126844979383946,0.0091232542694453,0.0080279967738382
651.0,0.0537867031625658,0.0541445023595004,0.0127874776639005,0.0077630729569173,0.0074777320175798,0.0069678201702631,0.0118267012975966,0.0326711616002758,0.009818457784402,0.021615050708828,0.0355454988266245,0.0522840628539053,0.0252773397348927,0.0129948159736372,0.0091907440469558,0.0080087667416187
652.0,0.0523169439526197,0.04966662962823,0.0125081853250014,0.007698452186015,0.0075474413705681,0.007099804886622,0.0121803006422322,0.0343932236984673,0.0095678131117153,0.0203561506984176,0.0336035071622057,0.0542081969355356,0.0264463493200112,0.013364151404868,0.0093108563495826,0.0080526225361899
653.0,0.0506300994213602,0.0462286801388962,0.0121423347967421,0.0076470520924735,0.0075989742691931,0.0072650018217166,0.0127394414765816,0.0361433096352606,0.0093837851558774,0.0191414877201389,0.0315856378160817,0.0555579997698719,0.0277074300167245,0.0136468796857057,0.0093978415195368,0.0080525249684834
654.0,0.0485912818447183,0.0427507632793258,0.0118802452728078,0.0075816830992618,0.0076836239073345,0.0073565237274577,0.0132048535591268,0.0379733536216475,0.0092065636705336,0.0182025653184301,0.0300276342320546,0.0567287169847851,0.0290450592565158,0.0139654159206923,0.0094658857739777,0.0080832631070988
655.0,0.0465453653851827,0.0396334051116768,0.0115808402487305,0.0075458776339554,0.0077240798934006,0.0075788480782509,0.0136250536296975,0.0403934581756627,0.0090956532263474,0.0172750164489739,0.0283655070748064,0.0573903882635689,0.0308309155520073,0.0143711796984178,0.0095736303978994,0.008100785617386
656.0,0.0446022865442183,0.0366362394187952,0.0112475375806128,0.0074456376916496,0.0077951192720021,0.0076672824659302,0.0141957606333744,0.0424752812907299,0.008873865203836,0.0165126824263627,0.0271153494859663,0.05759675692488,0.0324367698883113,0.0147918107550414,0.0097053996603976,0.0081912727737034
657.0,0.0424429769753946,0.033581194463813,0.0110371230662492,0.0073718767514368,0.0077987493502,0.0079486482488378,0.0145877412914341,0.0445353766778253,0.0087680930726072,0.0157213636558637,0.0257167310562281,0.0571027885292521,0.0341653562363629,0.0151628990728369,0.0097843373419921,0.0082668923141572
658.0,0.0406527467093685,0.0314407030978862,0.0109837689272665,0.0073566296609083,0.0079566339170582,0.0081509355489787,0.015381238450418,0.0468229533626349,0.0087789691793986,0.0149846807415415,0.0242864511447745,0.0564295138140909,0.0361601268643937,0.01557366943535,0.0099740751882469,0.008443246428212
659.0,0.0385157755461507,0.0293968726928762,0.010822344690837,0.0074438979417094,0.0079672738314008,0.0083902111145314,0.0158219422168645,0.0485509584912659,0.0086896648553792,0.0145782746042994,0.0231363243551195,0.0548530247915106,0.0377739128324721,0.0158975744001872,0.0100446444793248,0.0085270116810317
660.0,0.0364526987633023,0.0274354740521498,0.0106770846125014,0.0074134539281583,0.0081555038302894,0.0086196622483204,0.0167011573751489,0.051598160793617,0.0086362840594164,0.0140142983572978,0.0224578639355693,0.0531244958613808,0.0407191150510802,0.0165966660278689,0.0102154782691452,0.0086356336482109
661.0,0.034487252387976,0.0255768516462071,0.0105148908330597,0.0074359025462554,0.0082739776940921,0.008886872190936,0.0174023232332552,0.0534901969867485,0.0085820255116139,0.0135410437414868,0.0216236675360717,0.0509740376543232,0.0427663489693536,0.0170072523840294,0.0103511942983182,0.0087980136063417
662.0,0.033241331329465,0.0237272008569426,0.0103526448833072,0.00743410417553,0.0083930939358148,0.0091289895283877,0.0181937607902122,0.0562177598149324,0.008544141042843,0.0131081781607222,0.0208057670260119,0.0495752706531959,0.0456110390316724,0.0177189994820414,0.0106501024921387,0.0089665718099606
663.0,0.0316871094193461,0.0222634150757989,0.0102133519839125,0.0074690289228956,0.0084974675582689,0.009304485287399,0.0190738212275649,0.0585111611189482,0.00852717675627,0.0126653341852164,0.0199261436775552,0.0473441159775161,0.0483738461566028,0.0183321238332728,0.0108655379630152,0.0091127527041273
664.0,0.0301651935951114,0.0208550338229141,0.0100525047488478,0.0074654792517794,0.0086490145281685,0.0095555769978455,0.0199561507674008,0.0606100416183294,0.0085004658929776,0.0123119704683654,0.0191947257962699,0.0449975791590993,0.0512735284071933,0.0190200622705685,0.0110711788226289,0.0092356024131576
665.0,0.0285243538799304,0.0196140907758505,0.0099442686586341,0.0074611035506327,0.0087754283813273,0.0099414782782244,0.0208728323333685,0.0627455940817065,0.0084877471042772,0.0119333469288482,0.018536491974268,0.0423385313031288,0.0545430097860269,0.019797659370976,0.0113181570475832,0.0093866295463898
666.0,0.0271529248129634,0.0185010785405423,0.0098536749644719,0.0074766695280947,0.0088087492928608,0.0102111656662643,0.0217363137126243,0.064401871942828,0.0084884421887781,0.011621865767617,0.0178577182809666,0.0400209344122363,0.0575452724667044,0.0206038551549485,0.0116080884806372,0.0096337057292735
667.0,0.0258528582484001,0.0172700105155681,0.0097931456154342,0.0075332141444227,0.0090169003547777,0.0105277760781597,0.022767785181998,0.0656394290405656,0.0084982245152185,0.0113601597348623,0.0173438019087672,0.0376547776075162,0.0604602355415904,0.0214659434987858,0.0118699784771539,0.0098257251152095
668.0,0.0246107198844484,0.016396603326245,0.0096788247119788,0.0075480577874795,0.0092155218802066,0.0108347067886846,0.0241583885956591,0.0663927099370107,0.0085449207342875,0.0110550532157825,0.0166945787117823,0.0354743740763244,0.0629834529143973,0.022239390721621,0.0120918773283032,0.0100287140955776
669.0,0.0234758994889985,0.0155455024635704,0.0096438076374681,0.007582667162148,0.0093395064529937,0.011152891365257,0.0253064812571594,0.0669785582758177,0.0085220974729576,0.0108464279058819,0.0162434114531197,0.0333818330083648,0.0655241959504929,0.0231467373464676,0.0123681365710952,0.0102653523632436
670.0,0.0221754746711158,0.014814423988938,0.0095271676869907,0.0076457774222987,0.0095052210621811,0.0116357456182741,0.0265754085421638,0.0671963304695002,0.0086193699413994,0.0106244135048303,0.0158135556588417,0.0310202439880968,0.0684522625945814,0.024471500126199,0.0127701350428909,0.0105349037239859
671.0,0.021240172789258,0.0141085646913743,0.0094624070712852,0.0076929201187958,0.0097476344232692,0.0120067593339731,0.0280316371843774,0.0668927797110522,0.0086329850924292,0.0104662665526104,0.0154355794640295,0.0292519628792866,0.0702270766695329,0.0255361836558037,0.0130563157764531,0.0108231784133964
672.0,0.0203375816251132,0.0133526153172575,0.0094427328129801,0.007763516066087,0.009918815176145,0.0124591718891692,0.0295426412498758,0.0663580318895379,0.0087006941317242,0.0103053059321562,0.0149940258029972,0.0276223341182923,0.0717469692135218,0.0267644766772867,0.0134142868191967,0.0111234459650946
673.0,0.0194830710044504,0.0127768965910767,0.0094149248041344,0.0077932663266041,0.0101525193819899,0.0128403512736821,0.031373722462535,0.0653931293396821,0.0087673579693195,0.0101310758671218,0.014577648800215,0.0260805993205946,0.0726947531931148,0.0281266677916173,0.0137879806507942,0.0114407688477908
674.0,0.0186682648108711,0.0122623482858142,0.0093411603995657,0.0078935870357041,0.0103399693694066,0.0132474471164063,0.0330780719716851,0.064074050322042,0.0088640320463854,0.0100055972180589,0.0142418555771126,0.0246050087960939,0.0731017671852332,0.0296100672574342,0.0141792693114535,0.011722580870159
675.0,0.0177802379488176,0.0117345789149364,0.0092833834952584,0.0079368308881763,0.0105495525016717,0.0138159962193645,0.0349624142646617,0.0621749014886503,0.0089094658975581,0.0098678417493306,0.0139202262901862,0.0231027986903872,0.0728125253803554,0.0315344786038317,0.0146424985256533,0.0119990121887044
676.0,0.0170755905786676,0.0112931044609414,0.0092575758143282,0.0080041597094532,0.0107441816693027,0.0143627287770976,0.0366886628648931,0.0602476948902134,0.0089831793700189,0.0097588921530465,0.0136515927154324,0.0218697363419734,0.0718283734425703,0.0332878641543602,0.0151072683052539,0.012421222250884
677.0,0.0164274745257601,0.0107954883575977,0.0092659484449336,0.0080712217311518,0.0109962910140425,0.014920468650999,0.0384281853579636,0.0581635117448938,0.0091242915303291,0.0096486381830437,0.0133317478011866,0.0207257046952609,0.0703545467131952,0.0352047329542109,0.0155974305880976,0.0128270380174674
678.0,0.015792807382854,0.0104599326959412,0.0092806866770575,0.008199373374234,0.0113097627951452,0.0155310334563874,0.0409125724007229,0.0557771490027558,0.0092742309917946,0.0096130127764059,0.0130727337769824,0.0196797216397929,0.0682091919113732,0.0371128051755674,0.0160493006963128,0.013223517903136
679.0,0.0151900070780118,0.0102060220682924,0.0092277300885843,0.0082978821257054,0.0115843516286369,0.0162964771095454,0.0431095190707462,0.0534713745425025,0.0094271434419735,0.0096001307790332,0.0128514452162437,0.0187713298065762,0.0658397426282976,0.0390319838971156,0.0164614697932903,0.013634351345402
680.0,0.0145674230959365,0.0098714926037699,0.0092483120359146,0.0083849650934353,0.011847862187717,0.0168174852630887,0.0451482373345351,0.0506047568289046,0.009591170880786,0.0095584806444954,0.0126721842695927,0.017709766626386,0.0626467571803434,0.0418747375332779,0.01717293450652,0.0141314467408
681.0,0.0140552405996948,0.0095390053151938,0.0092141756542546,0.0085149006035129,0.0121636102083314,0.0175993622181647,0.0473579882759313,0.0482658869125639,0.0097714259183285,0.0095448438605947,0.012505304945866,0.0169438565588038,0.0597570800400352,0.0444236983855578,0.0178261797019885,0.0145197513297879
682.0,0.0136417695243231,0.0092951309568354,0.0092155120935296,0.0085953170277495,0.0125157886061794,0.0183983115908398,0.0498510810207217,0.046171412883647,0.0099119153660733,0.0094999239202879,0.0122455251712951,0.016261889484353,0.0570575505446432,0.0469089265820032,0.0184180132286807,0.0150488607080951
683.0,0.013184741447442,0.0090964624595062,0.0092975270803843,0.0086997443471956,0.0127727713486699,0.0192055466698831,0.0515934884598966,0.0437931128014997,0.0101242503196224,0.0094685901913292,0.0120742718287856,0.0155997646299852,0.0539659353917405,0.0496384224332574,0.0191133876917778,0.0155768663195129
684.0,0.0126565323627727,0.0089278991458765,0.0093218309323933,0.0088310581934242,0.0131481603423174,0.0203097435616369,0.0537129331357399,0.0410063499732316,0.0103785967393285,0.0095059844284124,0.011957691969788,0.0148195476784915,0.0502472223247127,0.0527581760807897,0.0200149230152216,0.0161199933429468
685.0,0.0122611748192539,0.0087795643096314,0.0093693618194871,0.0090024019916042,0.0135079722204228,0.0212619917422768,0.0556283704745801,0.0389289389587189,0.0106233515146176,0.0095262601253842,0.011857000099997,0.0142724562082284,0.0473901988544134,0.0550718524097653,0.0207107036373581,0.0168410823407254
686.0,0.0119568211263588,0.0086204242001733,0.0093957867266469,0.0092000472798633,0.0138950628387301,0.022283942687644,0.0572912814355465,0.0368771874905478,0.0109755226993984,0.0096029660524036,0.0117363275421719,0.013762738611882,0.0445969507685382,0.057776366669111,0.0216205089312981,0.0174510723936373
687.0,0.0115910362754111,0.0084750673223336,0.0094671144804988,0.0093458857883721,0.0143806627637891,0.0232577737479913,0.0589026566759046,0.0350091482318993,0.0112469594857549,0.0097056001218729,0.0116420662621744,0.0132821946411434,0.0419807701020016,0.0602653918078199,0.0226546482439575,0.0180916204535255
688.0,0.0112722746638735,0.0084027279755963,0.0094915981285706,0.0095285174008498,0.0148917730397064,0.0243172046098242,0.0598920874649611,0.0333056713802381,0.011551324860545,0.0097828301756249,0.0115368224396067,0.0128902227359005,0.0396934713769281,0.062394411423805,0.0236915204088879,0.018699779011553
689.0,0.0109513459122622,0.0082437229618597,0.0095172924369116,0.0096550197684905,0.0153210809179986,0.0258646774246326,0.0607066558050092,0.0313112271531012,0.0118045477956095,0.0098699426325726,0.011455528047668,0.0124182427264828,0.0370244648848691,0.0645746810665064,0.025068352935988,0.0193815713594106
690.0,0.0106686101371294,0.0081292762555052,0.0096198411406113,0.0098308777898964,0.0157837165175182,0.0273250599837211,0.0608059353609413,0.0296568566474925,0.0121149762054232,0.0099407737880578,0.0113660730523862,0.0120592933203933,0.0348497805294749,0.0658403743236867,0.0262798697787075,0.0203886860483929
691.0,0.0104242736385212,0.0080671179183015,0.0097284056678475,0.0100980119210806,0.0162273902956763,0.0287004278840522,0.060541754946267,0.0282725022867024,0.0125733460607406,0.0099993946246369,0.0112659448893544,0.0117708204525875,0.0329862125046477,0.0666574522881081,0.0276567321396152,0.0213157069746158
692.0,0.0101498454096823,0.0080921900177397,0.0097747270194522,0.0103000827776095,0.0168944272123787,0.030311780582892,0.0601860420534432,0.0268046525545523,0.0130000020043503,0.0101688737485799,0.0111860009647415,0.0114223416051312,0.0311072608010759,0.0667584769963132,0.0290039028078264,0.0221536712300178
693.0,0.0099007676304153,0.0079791669376614,0.0098765654650201,0.0104901818707271,0.0175291921883537,0.032290006391577,0.0595535732254995,0.0254188107783469,0.0133412950019034,0.0103672724988425,0.0112083371389857,0.0110972532965111,0.029362505487558,0.0662783075329048,0.0305047244960342,0.0232118032870092
694.0,0.0096234370031034,0.0080074183346544,0.0099659672198387,0.0107393953443722,0.0180829147184938,0.0340567497548394,0.0582575837388637,0.0239812361160914,0.0137953465429435,0.0104858663693772,0.0111429369446543,0.0107999635982521,0.0275508798316578,0.0653855611696856,0.0326916060308318,0.0245163334779993
695.0,0.0094717362343144,0.007999835262238,0.0100528277047642,0.01103011730247,0.0187833457729299,0.0359809687112198,0.0569439304180463,0.0229726069822521,0.0143165517079841,0.0106951733371293,0.0111493257995344,0.0105904812896609,0.0262815034109897,0.0642560069447484,0.0347103172253692,0.0256899215627598
696.0,0.0092660050833092,0.0079813859582901,0.0101635649619226,0.0112870489552594,0.0196056967409274,0.0380015734119073,0.0549697272008461,0.0218276125573226,0.0147769673061298,0.0109525110033378,0.0111471706967066,0.0103295746791248,0.0249180761712168,0.0622867927363385,0.0366880726521352,0.0270059494765285
697.0,0.0090932996635318,0.0079537291992218,0.010295532355343,0.0115224341143441,0.0203656453892609,0.0398593665699437,0.0530649781212565,0.020860748005064,0.0152883472934786,0.0111181351291103,0.011132504255563,0.010130659684723,0.023764003694015,0.0601893729847221,0.0390756833215829,0.0284347756292695
698.0,0.008908084943875,0.0080396756998876,0.0103665426176063,0.011852438350402,0.021129879825548,0.0425923659497592,0.0509560975341481,0.0197751080824162,0.0157880223065094,0.0113478683708696,0.0111085763360845,0.0099045752826891,0.0225433790579678,0.0573358296150011,0.0419888319117893,0.0297661387564736
699.0,0.0087614720217788,0.008040427860229,0.0105012847642789,0.0120665539353478,0.0219500102299536,0.0448816651469865,0.0488641179912304,0.0189091549341158,0.0162481117594297,0.0116360787701946,0.0111013197497526,0.0097027079456572,0.0215586571794312,0.054705007272395,0.0445957582142652,0.031845805784692
700.0,0.0085784519848319,0.0080692847473778,0.01065135099806,0.0124189212546856,0.0227565821767782,0.0469947202892869,0.0465833016003899,0.0180555090175021,0.0169136713744829,0.0117912761302369,0.011084109912416,0.0095415730018462,0.0205973627778698,0.0518258850096775,0.0474256002400701,0.0337088114563962
701.0,0.0084206515401868,0.0081368493096845,0.0107528181866842,0.0127985726926991,0.0239041639746855,0.0493627671129404,0.0437635242629424,0.0172957642402646,0.0175306409897376,0.0121533935359931,0.0110818653450994,0.0093888882896724,0.0198053646531525,0.0491286173118728,0.0503912457224047,0.0355640463664361
702.0,0.0082917711661406,0.0082061700536829,0.0108920604709675,0.0130998275001836,0.0249900191917123,0.0516326268746863,0.0416096606059172,0.0165745349668113,0.0180991446903954,0.0124472307483927,0.0111173101590226,0.0092338788444147,0.0190045149972179,0.046321553180946,0.0530426887699808,0.0377581207206251
703.0,0.0080883122342583,0.0082647635707977,0.0110656950102029,0.0134578923417832,0.0259841591081297,0.0542033423864285,0.0395265238040922,0.0156901223177577,0.0187659774053636,0.0127455373687018,0.0111150077198439,0.0090263826411252,0.0180684463998963,0.0429278726165847,0.0567517853228139,0.0400553895087874
704.0,0.0080037729039296,0.0083634694719722,0.011249766099741,0.0138153040678015,0.0271792398263326,0.0563000280193171,0.0373815170393092,0.0150919978972565,0.0194493285469978,0.0130724944211367,0.0111322142761505,0.0089258478103252,0.0174207800152802,0.0403957310453762,0.0596979579165783,0.0430500083170632
705.0,0.0078864050026605,0.0085237183931345,0.0114357195720187,0.0143002668884643,0.0284123881166009,0.0581748042888573,0.0353030102656791,0.0144990771919553,0.0203596295013272,0.013447298666032,0.0111792104680301,0.00876804044673,0.0168341698880712,0.0380885214097136,0.0622437807752671,0.0457665768433317
706.0,0.0077703633870878,0.0086783575309555,0.0116549854605755,0.0147418210488506,0.0300357490792241,0.0596901017906101,0.0331935572803276,0.013954935092445,0.021153437271285,0.0139230324276563,0.0112506343835701,0.0086426100002555,0.0162422878344127,0.0357044222375178,0.0647143462655397,0.0487162796059492
707.0,0.0076489970408828,0.0088188902257272,0.011849055399539,0.0151862769373384,0.0315120319205528,0.0608769279101009,0.0313927109505027,0.0134115876720385,0.0220556290636928,0.0143587800754224,0.0113125488207135,0.008571526322917,0.0157161684774352,0.0335282529125067,0.0667353850512337,0.0516188068809299
708.0,0.0075723044541868,0.0090241542361898,0.012053126800269,0.0156579127738713,0.0331663055435874,0.0618722985536388,0.0297475310538522,0.0129101285730199,0.0229322277982419,0.0148338287296887,0.0113987645431128,0.0084840259992704,0.0151930543437192,0.0313005923188445,0.0686244704001682,0.0545237922060476
709.0,0.0074759060473665,0.0091588767789148,0.0123173805402529,0.0160971650121977,0.0347812253113181,0.062278559204037,0.0282480660624306,0.0124632610564573,0.0238758405216612,0.015304734835084,0.0114785307986699,0.0083780367461074,0.0147592235443146,0.0295486779101215,0.0695441060811377,0.058362850082361
710.0,0.0074079141792635,0.0093790660908087,0.0125290830922812,0.0167230009267327,0.0364695394406799,0.0623460000569302,0.0268041925721615,0.012062536750638,0.0251736899434604,0.0157727858019984,0.0115633607154378,0.0083553829408893,0.01435614719929,0.0279036168434119,0.0698723260634659,0.0611792915827541
711.0,0.0073225416961962,0.0096053916065676,0.0127626711438177,0.0172541816682692,0.0387858826659864,0.0621468248690311,0.0250923157926539,0.0117039442934611,0.0262246069228219,0.0164314169937014,0.0116235449216564,0.0082564610864505,0.0140199168794613,0.0264281805404709,0.0695139320887879,0.0641004046476227
712.0,0.0072639922168784,0.0098259050816262,0.013044321217297,0.0178149894124083,0.0406407566574018,0.0614979373664986,0.0239166317612771,0.0113358008617569,0.0274498406555227,0.0169665635745283,0.0117694401018071,0.0081986676568223,0.0136879937945874,0.025073940024441,0.0685183411054027,0.0669020869878837
713.0,0.0071845322349588,0.0101055803470258,0.0133232492506991,0.0184904056021735,0.042685988590403,0.0602120307081855,0.0227960638632512,0.0109109024458439,0.028792459890763,0.0175735201736677,0.0118822178113166,0.0081469903134823,0.0132861173932849,0.0235159024623503,0.0664769947341392,0.0694959008914922
714.0,0.0071125178915894,0.0103991102362362,0.013645909800313,0.0191368407919947,0.0448651523296094,0.0584531553470428,0.0217656172021267,0.0106730458761439,0.0303002490409591,0.0181813327601097,0.0120348564883382,0.0080795092556375,0.0130201965247859,0.0225003974698436,0.0645907632315143,0.0718110229521194
715.0,0.0070629189267739,0.0107053842904349,0.0138374962787485,0.0199521921304254,0.0471190037575115,0.0563039062610502,0.0207503794704036,0.0104048944845166,0.0320884001527411,0.0189230626431234,0.012168923997071,0.0080516901285721,0.0128134492286322,0.0214694840905833,0.0622145547893862,0.0727713786518395
716.0,0.0070467757630435,0.0108925838734943,0.0140882694953526,0.0205075094549196,0.0496995121341212,0.0550084505458227,0.0196108699448983,0.0101678739962647,0.0335024011840183,0.0197046955644785,0.0123229331580619,0.008035046630139,0.0125795296464366,0.020553813046178,0.059623310095041,0.0730537417785287
717.0,0.0069961950898284,0.0111083372377628,0.0143818253441782,0.0212449726832049,0.0514843830535354,0.0531907213543873,0.0186627743669014,0.0099063635263053,0.0352530449020656,0.0202745522791382,0.0123952770770526,0.0079842662798886,0.0123218875100144,0.019732751430743,0.0568305709130236,0.0740088512960975
718.0,0.0069611604331984,0.0115854118571381,0.0148081496239821,0.022040760607561,0.0534677892984836,0.0505842803720855,0.0177259401310015,0.0096447646006206,0.0374029210479555,0.0210111973128143,0.0124850864888446,0.0079542384825514,0.0121343544031264,0.0187938384461452,0.0533299388797206,0.07405968291539
719.0,0.0068834676658272,0.0120289018028037,0.0152525756079661,0.0229767185572489,0.055803186399153,0.048395048012893,0.0171118876895365,0.0093604185479845,0.0397160141911812,0.0219563583538522,0.012726174300951,0.0078927596659459,0.0118530396903446,0.017986807467733,0.0501446620177464,0.0726148328977469
720.0,0.0068005805203988,0.0124346536409154,0.0156521152435292,0.0241418107018694,0.0577264165612917,0.0462521871199446,0.0164401366342672,0.0091008812373202,0.0425141335569204,0.0229682804827136,0.0129224839204886,0.0078250350768632,0.0116159224697829,0.017209149636046,0.0468256257924303,0.0710189799387992
721.0,0.006799666596797,0.0129028879301694,0.0160152071531717,0.0251851883633114,0.0599740657169027,0.0435751945566181,0.0156250435569755,0.0090007980258688,0.0451707598974478,0.0240395517373721,0.0131646515859507,0.0079014433211157,0.0115494111975309,0.0167450112088936,0.0445506977126941,0.068736328858456
722.0,0.0068066516902786,0.0132976795677449,0.016317303015084,0.02623044157403,0.0614664413529844,0.0407395557675176,0.0150281764829325,0.0088633012639605,0.0477665268924266,0.0251195793914618,0.0133649570655407,0.0079324667464685,0.0114315241383245,0.0162684821328302,0.042179566271409,0.065382994024193
723.0,0.0068008282043863,0.0135647748080818,0.0167669854304046,0.0271936749826058,0.0626487382350615,0.0387241982406552,0.0144884357632953,0.008677197304252,0.0503362989470709,0.0260912552109245,0.013552396997544,0.0079199241940868,0.0112452200970065,0.015622399248988,0.0390874504744186,0.0616537905886132
724.0,0.00677005764687,0.0140803063521152,0.0171953055362381,0.0285130264057095,0.063162850641805,0.0367285707474132,0.0137622373390817,0.0085198293372871,0.0540076868121207,0.0270067047951997,0.0136573555742711,0.0079297572225301,0.0111242958196591,0.0151671633269561,0.0367443808982559,0.0586026321648045
725.0,0.0067339015888812,0.0145972175648441,0.0177093151990598,0.0297472423761501,0.0633374796622029,0.0347522216962849,0.0130639300269421,0.0083770266307573,0.0571994978333841,0.0283940049096658,0.0138222355868367,0.0079179538119117,0.0109941784687049,0.0147123538460919,0.0345903473005299,0.0552416631364786
726.0,0.0066831238426877,0.0151363230624472,0.0182113794613241,0.0311990453357865,0.0632784781107865,0.0330334663357701,0.0125863352003323,0.0081347848923887,0.0608417308024617,0.029665301912417,0.0140226809668421,0.0078938757742985,0.0107980590012006,0.0141556522855664,0.0321535070916468,0.0520131092957057
727.0,0.0066499159895762,0.015796494985026,0.018800247952572,0.0327384410487669,0.063045735182276,0.0308513962942115,0.012135614513932,0.0079485146923564,0.0647901670128479,0.031164574484911,0.0142830643248464,0.007875546983984,0.0106528458998722,0.0136615423007355,0.0298140209345666,0.0490673532203532
728.0,0.0066139921724274,0.0163958958254577,0.0193953880654837,0.0343977238350209,0.0623114083985846,0.0291999901098301,0.0116933675402249,0.0078286186607332,0.0685432348462544,0.0328310493238484,0.0145133853382253,0.0078764949704507,0.0105951577557178,0.0133226519731213,0.0281221811663791,0.0452832420520579
729.0,0.0065913613045159,0.0170750362680047,0.0199914686787336,0.0363607648249751,0.061380183222464,0.0275601001669206,0.0113618865394754,0.0077096443269326,0.0727619569897095,0.0344911393579512,0.0147741406302891,0.0079083542746444,0.0104547848561115,0.0129800495898927,0.0264937065452792,0.04229228275223
730.0,0.00660354258403,0.0178156990685717,0.020460647950924,0.0382599973131459,0.0595442156034918,0.0260881295504684,0.010891378385157,0.0075740583661849,0.0765305287801663,0.0364941534463798,0.0150744632374314,0.0079553063340222,0.010397333171773,0.0127151391065463,0.0250673748991208,0.0394118068406274
731.0,0.0066121549100122,0.0182631926280799,0.0210864490464812,0.0398283869446572,0.0577051801699721,0.0247658180642705,0.0104715477337524,0.0074867527380611,0.079101741525864,0.0384773613089321,0.0153112189843613,0.0080266297659908,0.0103247745566082,0.0124730646136349,0.0237969911988034,0.0368419113088852
732.0,0.0066037003616276,0.0189126875534639,0.0217327175321391,0.0417768551902559,0.0554715406573321,0.0232302878414963,0.0100696562627734,0.007343376663688,0.0819944926919416,0.0401156426510914,0.0154523597686023,0.0080447479563625,0.0102437308994665,0.0121148531945392,0.0222828543246133,0.0344486908441177
733.0,0.0066265831514932,0.0197112917945457,0.0225475528365361,0.0439024280077812,0.0533436070693881,0.0220361712347531,0.0097460460214844,0.0072726220008503,0.0844384967625221,0.0422607266231909,0.0156969134388623,0.0081540521095477,0.0102020306948182,0.0118593595512814,0.0211264702263272,0.0318237971510867
734.0,0.0065273156789314,0.0206162081445175,0.0232535082088581,0.0465188665438775,0.0511508405792032,0.0209235751362682,0.0094527680910673,0.0071014101138525,0.0864770027719004,0.0445910163083058,0.0159454606044422,0.0080601311238801,0.0100465267174411,0.0115522508068002,0.0199977557600051,0.0298918568220671
735.0,0.0065492570828768,0.0214594693665825,0.023979886541877,0.0487446333369881,0.0484106689199808,0.0199469374419373,0.0090743758987915,0.0070125082198216,0.0875173386020006,0.0475306821935558,0.0162526621940397,0.0081464202579914,0.0099851376415365,0.0113259574490787,0.019066077577076,0.0280096742038423
736.0,0.0065520361385846,0.0222118605955202,0.0248658589854284,0.0510060231338974,0.046176884775959,0.0190204897060177,0.0088247525198615,0.0069062919996758,0.0874745510754198,0.0501773798370212,0.0165347911714409,0.0081739573769352,0.0099521367983557,0.0110950127550126,0.0181864532550272,0.0264603396945278
737.0,0.0065025591521456,0.023300307958225,0.0261173184891802,0.0536404621319287,0.0438668956131205,0.0180777531640981,0.0085573503119464,0.0067718946326114,0.0872880095652696,0.0528890833066481,0.0167915221595332,0.0082272663679808,0.0098634133946723,0.0108729202642308,0.0172073013787412,0.0248148082165415
738.0,0.0065279884741667,0.024650656267392,0.0269480321702818,0.0569724649463181,0.0418101768292379,0.0171571864056129,0.0083182526091225,0.006690878150707,0.0860735061847918,0.0562418104725231,0.0171512208078525,0.0083109360252854,0.0098004470854983,0.0107083191439333,0.0165234983636288,0.0234146569960485
739.0,0.0065167573630075,0.0257507516265247,0.0281416041590428,0.0593899600093815,0.0396624766417419,0.0164301572677681,0.0081862827793253,0.0066246486637844,0.0838036155708987,0.0604316574451918,0.0176673117531565,0.0083350692272773,0.0097579006384186,0.0105392538758914,0.0158362230400495,0.0219611249934633
740.0,0.0065483111549981,0.0271211153036834,0.0292283874359143,0.0623112903587615,0.0376200920431736,0.0156072908035656,0.0079701912251767,0.0065656445335035,0.0803291877048145,0.0638269731537502,0.017978459849014,0.0084539105382432,0.0097299474532871,0.0103818479274482,0.0152741327132132,0.0207672221648469
741.0,0.00661703318196,0.0283722706851976,0.0302936773472017,0.0646866190317776,0.035394466402755,0.0147317311840651,0.0077374420503608,0.0065419176137045,0.0769289415081246,0.0680828869870405,0.0183659824987312,0.0085217077980923,0.0097861722068179,0.0102881417289267,0.0146994263700949,0.0196873732263781
742.0,0.0066373004380019,0.0297537795858425,0.0315884474040501,0.0667821795164144,0.0336703485466522,0.0142642490919749,0.0075505060825528,0.006489801812454,0.0729745283982807,0.0718476841805862,0.0187870773812102,0.0086216700270444,0.0097419712212268,0.0101310582262876,0.0141669744975131,0.0184981446410441
743.0,0.0066364968313653,0.0314688508066205,0.0331330541266422,0.0687963466406586,0.0318939129725312,0.0136707071219006,0.0073363318420606,0.0064360397858693,0.0681192711722277,0.0758055929640007,0.0191862591822031,0.0087354735142882,0.0096831079568606,0.0100382450168565,0.0136226951127894,0.0176958184041029
744.0,0.0066653010886205,0.033223068550269,0.0346000787258177,0.0708934028790016,0.0297992258279026,0.0130354027905786,0.0071100757830431,0.0063748114917081,0.0643255500942129,0.0807206823715916,0.019547488909473,0.0088335115314853,0.0097022864799997,0.0099131113003478,0.0131545961371841,0.016885694638501
745.0,0.0066660555403809,0.0350060915950776,0.0363812919663128,0.0723029332243117,0.0285415626660728,0.0125381748738168,0.0070143804471011,0.0062687853380985,0.0603293532687441,0.0851576807107466,0.0201663324997285,0.0089056819692486,0.0096547467976235,0.0098133491685214,0.0127514095184102,0.0159925024189016
746.0,0.0066494524299428,0.0372935471347836,0.0379711838289694,0.0732966775432176,0.0271508215912392,0.0119350146678496,0.0068717502302443,0.0061725547247884,0.0556797204188878,0.0894943093866284,0.0206842150326949,0.0090220569652621,0.0096148776120088,0.009651841580421,0.0122572032938717,0.0153091600140521
747.0,0.0067642201260806,0.0393837535177055,0.0401656659190117,0.0736547440164086,0.0256041095645556,0.0115428620148764,0.0067285701371335,0.0061909765769894,0.0520041345660811,0.0944865034064681,0.0213211287211149,0.0091511404220487,0.0096669743457315,0.0096229293522461,0.0119461863483355,0.0145394782690277
748.0,0.0067946267577145,0.042316635748678,0.0419689193480953,0.0734459007304792,0.0244298331003495,0.0111287622397837,0.0065666196482737,0.0061750872924764,0.0476045510238899,0.0985590594640212,0.021828683252121,0.0092523927301418,0.0096663593808807,0.0095150445854394,0.0116402015752882,0.0139859346733268
749.0,0.0068098928840924,0.0446753547543538,0.0439640853976883,0.0727907321024804,0.0229957703663062,0.0106428437078705,0.0064391158631961,0.0061461164796003,0.0445109113756345,0.103288325858695,0.0225657928846442,0.0093720859142129,0.00968231215521,0.009438856335776,0.0112629086225095,0.0134704457576997
750.0,0.0068375198899351,0.0473145475484448,0.046620698166567,0.071644606321461,0.0220259603750202,0.0103228615180134,0.0062845854138602,0.0061085452784375,0.041506270163138,0.106368155956057,0.0231797314741663,0.0094900344500698,0.0096650680229261,0.0093765471083057,0.0109914367593887,0.0128665334132896
751.0,0.0068660795615724,0.0509913464836646,0.0488255895772063,0.0696574487393807,0.0210377153027115,0.0099965533063539,0.0061917033892843,0.006037718099579,0.0380488300203912,0.109080788932848,0.0238455504165549,0.0096417931713138,0.0097153307185403,0.0093241994167888,0.010686607220046,0.0124503341954264
752.0,0.0069063560272881,0.0539430297418034,0.0511720648298476,0.0678103811839412,0.0199249654280244,0.0095886255295491,0.0060724917603848,0.0060168922355025,0.0356711371082173,0.111350955181075,0.0247331375716207,0.009762608076613,0.0097260181074125,0.009268072072832,0.0104790034247835,0.0120449079628683
753.0,0.0069460576750301,0.0571752471185351,0.0543896684226903,0.0655002265616604,0.0191277927989508,0.0093593475706904,0.0059457833538591,0.0060075312990306,0.0333554518016225,0.112155923184602,0.0254957742446509,0.0099089922982116,0.0097454153924763,0.0092129520831764,0.0102531456426298,0.0115284857524082
754.0,0.0070144688310104,0.0615970401532592,0.056967369129012,0.0624227340900831,0.0183278548984013,0.0090227764383069,0.0059058607009157,0.0059701712353174,0.0307382672204086,0.112012393514238,0.0262893992915224,0.0100911306387429,0.0097799302743514,0.0091568220044262,0.0099930351959243,0.0112341352992633
755.0,0.0070545790924065,0.0651089864633664,0.0603362045678343,0.0599190787911895,0.0174232219385865,0.0087655725210461,0.0057854227432589,0.0059501148873338,0.0289383878971244,0.110433573617919,0.0273681304443845,0.0102325538880414,0.0098350708306154,0.0091229209675612,0.0097980443661597,0.0108328653611954
756.0,0.0071095533252684,0.0696248428739223,0.0633132490948396,0.056620941606604,0.016763736180528,0.0085210427176886,0.0057234820969245,0.0059281825733631,0.0268325467773522,0.108260210649217,0.028274128749943,0.0103869607807831,0.009872498898611,0.0090564079533333,0.0096431170061627,0.0105258873650079
757.0,0.0071539038389997,0.0737275255367887,0.0662170078404615,0.053780234298916,0.0160123575787484,0.0081867054326587,0.0055869365884407,0.0058927755986558,0.0252314063901535,0.104255754998236,0.029471269534211,0.0105973358525214,0.0099004991613107,0.0090158370411218,0.0094224789246129,0.0102483930131227
758.0,0.0071976331548452,0.0778039829296329,0.0698532431034498,0.0510873110351897,0.0154315328135708,0.0079982413864945,0.0055124326954805,0.0058976481894076,0.0238085060436848,0.100070948052524,0.0305991201995776,0.0107549192778213,0.0099512252381647,0.0089886046105151,0.0092807280525112,0.0099645144748989
759.0,0.0072918986777987,0.0829470443529511,0.072904456233124,0.047938837986146,0.0148628801982303,0.0077749871119449,0.0054625493197144,0.0058881726185024,0.0222446633688824,0.0955826548026099,0.0316703625641807,0.0109578662478487,0.0100448399903424,0.0089711791835211,0.0091193271790356,0.0096953057178367
760.0,0.0073464389572306,0.0873995938496267,0.0762885007088241,0.0453074419171959,0.0143076776846786,0.0075931721964987,0.0054143839206542,0.0058577761615391,0.0210184770767004,0.0895635377430086,0.033093523893543,0.0111743566839974,0.0101074344361475,0.008965487869119,0.0089884836384954,0.0094535148796797
761.0,0.0073829788920912,0.0925781468627615,0.0791971287202811,0.0425867588011577,0.0138158541810474,0.0074495865442914,0.0053346947467069,0.0058592900857144,0.0197804602537735,0.0842167840103848,0.0343990573726223,0.0113656413953613,0.0101325076994336,0.0089483617216274,0.0088700479052227,0.0092511114932783
762.0,0.0074775125184807,0.0971864309533079,0.0818805940940642,0.0402454514819618,0.0133171161413239,0.0072694764061542,0.0052761943063122,0.0058667275258813,0.0187797520312799,0.0783609061238298,0.0359711042708089,0.0115755970118158,0.0102109655856473,0.0089270993375917,0.0087379585990782,0.0090324132857187
763.0,0.0075472408747992,0.101709591618151,0.0845300621523676,0.038030832321991,0.0128752950367467,0.0070851032114457,0.0051823251199319,0.0058554451823833,0.0178918307829361,0.0731975642058328,0.0374951268249046,0.0118089795156833,0.0102987435989806,0.0089209725286699,0.0086255159089242,0.0088408358791338
764.0,0.0076035385942231,0.106497979603439,0.0865905472599365,0.0357998234743604,0.012512692235043,0.0068866941372042,0.0051170496325284,0.0058381143254479,0.016962719961336,0.0681368639965757,0.0391047297108169,0.0120219438589478,0.0103928888932472,0.0088981950842285,0.0085184170066997,0.0086884516149814
765.0,0.0077170772971841,0.110514941101916,0.0884080373822275,0.0338573432610981,0.0120873412068624,0.0067599836825714,0.0050966334216238,0.0058715995334054,0.0161671772914824,0.062975685479721,0.0410173690105436,0.0122823083969118,0.010481224740735,0.0089045339871688,0.0084335282243676,0.0084941715812247
766.0,0.0077358321199584,0.114358368409521,0.0892268785389689,0.0317130288146764,0.0117546333742353,0.006622198531423,0.0050804311405967,0.0058340171559904,0.0153334672508157,0.0584838586314772,0.0428873321771957,0.0125212415293129,0.0105580791737984,0.0088612527794901,0.0083479576718764,0.0083189184238244
767.0,0.0078514826693606,0.116454110457204,0.089599123782973,0.0301641231242312,0.0113620844527022,0.0064469276613595,0.0050479405434166,0.0058242982569907,0.0147374813203516,0.0536422232942196,0.0452526400853398,0.0127855239620139,0.0106833567323616,0.0088878716342189,0.0082487760496374,0.0082240718483664
768.0,0.0079418865953041,0.117835085357092,0.0894230077379613,0.028518985309339,0.0110914979628419,0.0063582669330435,0.004986980985102,0.0058781266528618,0.0140992922421403,0.0500270116050642,0.0471889385899195,0.0130611488128901,0.0107402033677867,0.0089015160162324,0.0081691060454803,0.0080815494820431
769.0,0.0080902933866032,0.118224469235949,0.0887601268031672,0.0268598115401256,0.0107908747125146,0.0062166271344628,0.0049159258069681,0.0058886614279523,0.0134841087362643,0.0464460325518826,0.0494144189968053,0.0134022672240602,0.0108385012470881,0.008936304864775,0.0080952424487785,0.0079386686280319
770.0,0.0081614068189825,0.117523403907046,0.0874369593323835,0.0256312314715233,0.0104734602724619,0.0060949203478657,0.0048868851023609,0.0058833986853156,0.0130237052308791,0.0427136317874257,0.0522722979239031,0.0136517668768855,0.0109227613756693,0.0089232621724433,0.0080158467749475,0.0078462213082256
771.0,0.0082677144044629,0.115496206645015,0.0851492121666732,0.0243943624358235,0.0102244191737013,0.0060007394895943,0.0048558280648837,0.0058948735838886,0.0125698948006279,0.040078199006481,0.0547565857598869,0.0139412067518196,0.0110429883368245,0.0089438067012635,0.0079326839305296,0.0077129458215524
772.0,0.0084001816912026,0.111650003053971,0.0827836229474257,0.0230067390182309,0.0100478776415161,0.0058794509845946,0.0048414103534834,0.0059524202733941,0.0120499082522116,0.0374239798501217,0.0575731291101651,0.0143286354758523,0.0111862413460355,0.0089805495174722,0.0078879770370974,0.0076374281043526
773.0,0.0084932648652801,0.107582557265422,0.0793403668208604,0.021980040779122,0.0097882655537926,0.0057706643698786,0.0047755813941427,0.0059724949303109,0.0116439276554092,0.0345739827274087,0.0610349782032562,0.0146443276603921,0.0113360544279901,0.0090141461116663,0.0078633756328744,0.0074962850392246
774.0,0.0086089049902396,0.101328532580866,0.0763696119889508,0.0207450537634028,0.009563979658569,0.0056585252951055,0.0047848018050962,0.0059648130725188,0.0112084170403899,0.032472327831024,0.0639466224202243,0.0150023906562838,0.0114470131118437,0.0090338184178171,0.0078353671346984,0.0074397520247791
775.0,0.0087627665994571,0.0960520225532265,0.0733173003377491,0.0199167584162859,0.0093329202633599,0.0056364106172402,0.0047079548367852,0.0060317125757643,0.0108979712544423,0.0300491159438838,0.06800758935066,0.0154529588425389,0.0116073938007098,0.0090793986227052,0.0077888160724232,0.0074006568568627
776.0,0.0088688929368977,0.0905245525907484,0.0692205329226218,0.0190881501042624,0.0092075656042808,0.0055735986396908,0.0047157079436112,0.0060460506078704,0.0105997186943357,0.0283105613578486,0.0714932700519163,0.0158120668625688,0.0117762052201651,0.0090996881836867,0.0077431314859336,0.0072921312874082
777.0,0.009057865620737,0.0833182565308215,0.0659554023250613,0.0181633922791691,0.0090140021626262,0.0054977429254335,0.0046962849819377,0.0060601760481921,0.0102550067681516,0.0267589107608946,0.0750029372203596,0.0163524324718724,0.0119387657474755,0.0091808551714391,0.007735206416939,0.0072450695676303
778.0,0.0092238064755674,0.0776251896222742,0.0628381792391463,0.0174679924947413,0.008801711435139,0.0053951308708109,0.0046990754141344,0.0060554834979332,0.0100258262485525,0.024957435486096,0.0797553948216784,0.0167691329205731,0.0120932950554459,0.0092113895455354,0.0076803672778386,0.0071633399481812
779.0,0.0093229717842974,0.0723444840717277,0.058743157631336,0.0168513489271843,0.0087174046811234,0.005294239931899,0.0046823960484835,0.0061051024343689,0.0097647191730844,0.0236319164440074,0.0835643369330091,0.0172533607700637,0.0123034329811564,0.0092772866612612,0.0076756511693191,0.0070968699217127
780.0,0.0095399096007721,0.0657991040826218,0.055604521199306,0.0160322886002442,0.0085194907048146,0.0052266341766044,0.0046774663907351,0.0061605172183541,0.0094759338101285,0.0224816126152227,0.0873540326358613,0.0178389714657848,0.0125118819790884,0.0093388481374187,0.0076389718433689,0.00702754727177
781.0,0.0096767971625254,0.0607774145047433,0.0521594791484829,0.0154864512693353,0.0083574681891608,0.0051883955396798,0.0046439316910733,0.0061813630034634,0.0092086483406791,0.0210700770249132,0.0922663069909375,0.0183674297862558,0.0127262928144267,0.0093968136230055,0.0076454775836567,0.0070009177594874
782.0,0.0098022608566468,0.0554870800697677,0.0493824100421874,0.0148635613368038,0.0082142367128024,0.0051311704050375,0.0045863835150374,0.0062417628447278,0.0090185876719869,0.0200071343813958,0.0959020643707051,0.0188535468912158,0.012886589958976,0.0094413792333896,0.0075937644107841,0.0069483776629986
783.0,0.0099957700246577,0.0514012098949599,0.0468519884426148,0.0143531274994395,0.0080525846285613,0.0050798218054714,0.0045993935087352,0.0062678343073813,0.0088221344697053,0.0189223026696319,0.10039525909677,0.0195808818870455,0.0131313425140512,0.0095449570035302,0.0075952149742562,0.0069234178847747
784.0,0.0101553051942419,0.0477473921455528,0.0439949288310494,0.0139289422237365,0.0079812556776316,0.0050168751524833,0.0046382069277308,0.0062898787504015,0.0086897423730145,0.0180812375872023,0.104133089511359,0.0201238602486994,0.0133113835288227,0.0095773962925906,0.0075581568491871,0.0068996314502712
785.0,0.0103526779229624,0.0437299841870657,0.0416992846820557,0.0134126867772939,0.0078359676059955,0.004983626474084,0.0045792550374663,0.0062909503281323,0.0084609650126852,0.0173252848166999,0.107365941454683,0.0208519116823108,0.0136039829838309,0.0096702198337321,0.0075693204908292,0.006874961955814
786.0,0.0105646317134582,0.0407360309764408,0.0393182453160676,0.0129973859590699,0.0077456255962185,0.0049160157664503,0.0045919351927571,0.0063268516657561,0.0083297205377776,0.0164943928428793,0.110431850111982,0.0215593029838755,0.01382989886855,0.0097607044643012,0.0075722922906828,0.0068548350456725
787.0,0.0107565186184879,0.0374318261199502,0.0374251384938387,0.0125593895764852,0.0076411954166489,0.0048842485885725,0.0046234252717129,0.0063890119395585,0.0081737611205171,0.015874218205171,0.112609058978648,0.0222454033032625,0.0140897529114178,0.0098602001067147,0.0075659271380944,0.0068313542613732
788.0,0.0109438388317022,0.0350285004299174,0.035552291943348,0.012248907524699,0.0075511264789601,0.0048569260204236,0.0045973216540375,0.006392377835465,0.0080537709022315,0.0151753697902573,0.114739307015177,0.0231159164409991,0.0143652724426473,0.0099681129341224,0.0075775067434706,0.0067287837383831
789.0,0.0111298882902796,0.0325102117294953,0.033444903982435,0.0119162183263086,0.0074605393417452,0.004842148620266,0.0046277184500004,0.0064512866554567,0.0078828139253507,0.0146562290259957,0.115495645671018,0.0239633477542069,0.0146208853003261,0.0100133148235673,0.0075720155862017,0.0067991129067321
790.0,0.011379520566856,0.0301729090850552,0.0321872431573748,0.0115085803215044,0.0073510937431438,0.0048140280835043,0.0046350758467201,0.0065379807532787,0.0077927634789021,0.0140730708412238,0.115486104314415,0.0250133990719397,0.0149835382402094,0.0101763098430593,0.0076194939727998,0.0068004686744685
791.0,0.0115723406133473,0.0285043945860176,0.0306283490942538,0.0113225436096292,0.0072266456183988,0.0047439790312022,0.0045999297477008,0.0065974092410604,0.0077231941423915,0.0135636655034584,0.114362208078879,0.0258950062596389,0.0152656794457851,0.0103085021689292,0.007628366249561,0.0067623852318424
792.0,0.0117667171582065,0.0266172327819146,0.029030965742474,0.0110351737910379,0.0072356963973098,0.0047058129396549,0.0046381050277731,0.006623493437643,0.007589301678121,0.0131765477224324,0.113899827886899,0.026788545289035,0.0154641598598774,0.010333395329021,0.0076013818254904,0.0067409182049621
793.0,0.0120132663617868,0.0246862422726054,0.0277761840341121,0.010749662627781,0.0071752207798659,0.0047027676994253,0.0046254805209739,0.0066992261732654,0.0074524527992202,0.0127258412511171,0.11159180925356,0.0280745973022816,0.0158901022520637,0.0105026796055936,0.0076608652797744,0.0068174690829755
794.0,0.0123071127100885,0.0235062916147295,0.0265504020478566,0.010500330230486,0.0070994679959138,0.0046821038121368,0.0046509601892728,0.0068178441759762,0.0074405450895201,0.0122349081579968,0.108232361100649,0.029326354022959,0.0163004192810125,0.0106515161184443,0.0077314289302896,0.0068321441362215
795.0,0.0124984092453398,0.0219382025616361,0.0255140389275944,0.010284558999393,0.0070225944101061,0.0046878359618927,0.0046385317264119,0.0068165400293519,0.0073882037179252,0.0120009416453915,0.105040623436832,0.0304734753179136,0.0165565412426467,0.0107461373321522,0.0077601988463429,0.0068667915360973
796.0,0.0128082036320723,0.0207989445780377,0.0245257322164441,0.0101090688150782,0.0069947538772603,0.0046577715674821,0.0046832650657753,0.0068882708781402,0.0073291457462126,0.0116162783711443,0.101174077229856,0.0320127904912162,0.0169495641547983,0.0108894345013705,0.0077680014720838,0.0068636176167881
797.0,0.0130115498715002,0.0197313535906303,0.0233751640679562,0.0099318139143181,0.0069294330187089,0.0046603924211126,0.0047390547588109,0.0070410996205743,0.0072885238234187,0.0113782625383365,0.0973924359168746,0.0336708461674708,0.0174254884716154,0.0110548757756659,0.007831486601595,0.0068961697119762
798.0,0.0134176114168927,0.0184795632168082,0.0225315564375662,0.0096860666908703,0.0069244422994491,0.0046049884608386,0.0047703719740266,0.0071195541195307,0.0071734487989719,0.0111003766239303,0.0932427717228664,0.0355974482228376,0.017891669473831,0.0112307722459466,0.0078943417516781,0.0069254425198666
799.0,0.0137325408436705,0.0176314888121031,0.0216920594096156,0.0095570050167971,0.0068553323830562,0.0045843197517311,0.004805384576291,0.0072066325437762,0.0071662784947639,0.0107840925759828,0.0878756269962921,0.0374395224862713,0.0183999920903302,0.0113856649256933,0.007960479864341,0.006930776008203
800.0,0.0140316161634792,0.0167949559807234,0.0207642190737062,0.0093637421084066,0.0068140165659569,0.0046112072666192,0.0048264980790023,0.0073203293463995,0.0071088149122793,0.0105405293080404,0.0837512877290504,0.0394446474527737,0.0188457929798707,0.011544208347057,0.0080114240853029,0.0069642129471433
801.0,0.0143388432187604,0.0158426570901651,0.0200532462357061,0.0091263146355486,0.0067566955238186,0.0045653951446728,0.0048287708158007,0.0074228533124902,0.0070660727269529,0.0102808054949903,0.0793546863964657,0.0419343916834403,0.0193846593828685,0.0117022960104834,0.0080692541642427,0.0070506517004484
802.0,0.014667068750409,0.015194125153929,0.0193119859981576,0.0090077862731441,0.0067245777525019,0.0045763246425314,0.0048453590136398,0.0075322432376678,0.0070566620686111,0.0100414648844668,0.0741750275067267,0.0443559786724294,0.0199678356289506,0.0119372384970243,0.0081663563304013,0.0070806688734188
803.0,0.0149682554577129,0.0143682568125462,0.0187300519344671,0.0089023630868595,0.0066957083463805,0.0045242204820832,0.0048982129985755,0.0076470489387253,0.0070579821573908,0.0098797490485412,0.0703065369756046,0.0468060845325042,0.0204686030762603,0.0120980915662758,0.0081825568248961,0.0071504358999665
804.0,0.0153591795099414,0.0137886782476657,0.0180862188394885,0.0087607307334357,0.0066717689483131,0.0044729622843234,0.0049285961981866,0.0077673218360568,0.0070203069649584,0.0096478707466938,0.0657742073070823,0.0500143246378792,0.0211819061824725,0.0122958515046058,0.0082532671211684,0.007138838963775
805.0,0.0157562302290621,0.0131527815496733,0.0173917695963064,0.0085967766344851,0.0066324778357821,0.0045033813855773,0.0049617062505267,0.0078978644031335,0.0069525377848961,0.0094697264759348,0.0623079076317823,0.0532137953158765,0.0219093519122938,0.0125579238762579,0.0083770898807015,0.0072027363412684
806.0,0.0162083933632928,0.0125007238262471,0.0169659788077415,0.0084265443534128,0.0065304859597526,0.0044842959184832,0.0049360607287385,0.0080056492086887,0.0069180447822933,0.0092633417269708,0.0586801572391297,0.0571449972588379,0.0227316012132382,0.0128052405974468,0.0084126423692312,0.0072169554077299
807.0,0.0165504561581324,0.0120582479734792,0.0165057320211958,0.008324643525695,0.0065125217300752,0.0044699227782748,0.0049581455931755,0.0081163403205669,0.0068958494941922,0.0090696177518373,0.054733517638831,0.0603843644559628,0.0234783457362738,0.0129943001682859,0.0085341017584969,0.0072835882718406
808.0,0.0168590044291517,0.0116395905864858,0.0159322611814668,0.0082581051932803,0.0064764256096266,0.0044958934040397,0.004974308466944,0.0081881631727936,0.0069040689086635,0.008931433808312,0.0519738067112361,0.0636222030658314,0.0240901484610746,0.0131678075895538,0.0085604096476459,0.0073659487839568
809.0,0.0173098121556426,0.0111403858419663,0.0155656237646747,0.0081288714975172,0.0064402171670689,0.0044995222835423,0.0050641168322938,0.0083057206440802,0.0068919870918574,0.0088170505588683,0.0492683722837835,0.0678574186137028,0.0251078448003366,0.0134426086806215,0.0086437499744239,0.0074323472203882
810.0,0.0177119353022066,0.010809525780451,0.0151149061045352,0.0080393516198331,0.0064376258795657,0.0044811063675025,0.0050890245673039,0.0084551139582279,0.0068722587568808,0.0086666750142177,0.0461477114791499,0.0713009275118962,0.0259532741141077,0.0136644526192709,0.0087612278989012,0.0075174147655887
811.0,0.0181494216810303,0.0103718499993265,0.0147346210618952,0.007884638149676,0.0064171491539616,0.0044635343003267,0.0051291741869018,0.0085983161615861,0.0068950325088234,0.0085877353434758,0.0440358164259009,0.0748520745014747,0.0269084182009169,0.013940919702495,0.0088243569285744,0.0075554431275064
812.0,0.0186778925520844,0.0100184055236361,0.0144424346250058,0.0078063920346427,0.0063882570028594,0.0045347969929206,0.0052035778210912,0.0087388678769141,0.0068973419283567,0.008464333410438,0.0413831753534121,0.078861011535753,0.0281402461535282,0.0142204755617985,0.0089455770533415,0.0076456614879752
813.0,0.0191144348756024,0.0097434506186205,0.0140905443490938,0.007764815179496,0.0063753949061071,0.0045320683039986,0.0051981464671659,0.0088510674979179,0.0069005152452739,0.0083467802983199,0.0392905103816799,0.0817611528596334,0.0291852686289094,0.0144892819245244,0.0090486659727072,0.0077905570355361
814.0,0.0197129978788502,0.0095513060289914,0.0138599965692867,0.0077055157411472,0.0063327267610518,0.0044982121198016,0.005245037704796,0.0089926453491651,0.0070215095527776,0.0082620800518654,0.0375184609460615,0.0848495652005666,0.0306280037733843,0.0148186541431517,0.0091750737663356,0.0078468039935248
815.0,0.0202092660723273,0.0091937290811108,0.0134342108050177,0.0076277527704873,0.0063318965733363,0.0045114099702673,0.0053301072189766,0.0091337124183602,0.0069893297177181,0.008249806451793,0.035478988734757,0.0867555748327233,0.0319519023349399,0.0151024381601616,0.0092891842005145,0.0079139250313602
816.0,0.0207247273580185,0.0089466119778256,0.013248952481734,0.0075400417530779,0.0063336794536929,0.0045170885649194,0.0053540351118486,0.0092970768915282,0.0070287961686468,0.0081227441410279,0.0339168652747363,0.088138109913642,0.0332617116181678,0.0154115760301561,0.0094044813194329,0.0080235439266669
817.0,0.0213898967542288,0.0087194943408647,0.0129924487650432,0.0075144455100779,0.0063066106507024,0.0045350339961301,0.0054250988532997,0.0094829639655859,0.0070679959869675,0.0080620265205811,0.0321940098265871,0.0893082657158093,0.0351683202942046,0.0159348648896293,0.0096305307272422,0.0081412199665666
818.0,0.022055734428679,0.0084909016039773,0.0127381755108107,0.0074619676715462,0.0062830605437429,0.0045519046295329,0.0054924553887103,0.0096754062626654,0.0071260222204063,0.0079910888439546,0.030818465664275,0.0889991873769564,0.0369084967866618,0.0162343438934634,0.0097426275232246,0.008205440848649
819.0,0.0226846548610829,0.0082950982131898,0.0124825589455126,0.0074075413522149,0.0063262762249434,0.0045489164336155,0.0055371322768995,0.0098072915301344,0.007169513094763,0.0080047826791654,0.0295350682086601,0.0878086423047551,0.0388863369040869,0.0166276511214686,0.0099049567394221,0.0082850151192327
820.0,0.0234508944934826,0.0080834721601748,0.012302036556683,0.0073577560142602,0.0063212744396737,0.0045298708085025,0.0055994822798052,0.0099603017098775,0.0071918047506371,0.0079511345242097,0.0281637062957932,0.0860452548613983,0.0409293700423356,0.0170292370278233,0.0100763330263396,0.0083458096906077
821.0,0.0241962167355222,0.0078479717535555,0.011952857307348,0.0072826392901203,0.006286566554532,0.004507444961164,0.0056398221005219,0.0101921622300926,0.0071998737974146,0.0078504916747006,0.0269999277345488,0.0838802844639656,0.0432663012665161,0.0174437602644635,0.0102400963871663,0.0084159503461175
822.0,0.0250155362780096,0.0075833742605301,0.0116433844752243,0.0071800821288976,0.0062829480012287,0.0044962161425831,0.0057265390881316,0.0104132861446964,0.0072349975807607,0.0077868849963248,0.0259007201702732,0.0806840799361344,0.0458455140115764,0.0179263834693049,0.0104568544124246,0.0084503759383845
823.0,0.0257424304703925,0.0073335358871712,0.0114466604204179,0.0071021485793301,0.006200041902251,0.004537435936586,0.0057303134972485,0.0105916947648944,0.0072123618092637,0.007721310334239,0.0246767025603944,0.0771385517137876,0.0483695114212774,0.0183850939797905,0.0106397191744504,0.0086023481684283
824.0,0.0265843591807768,0.0072020011712635,0.011340678813021,0.0070444639915735,0.0061486699575077,0.0046117107007568,0.0057377358390175,0.0107985004995625,0.0072862365491794,0.0076201816754669,0.023493139960137,0.0734466635759618,0.0512727182423171,0.0188193580198392,0.0107980732852494,0.0087413634947153
825.0,0.0273110220526856,0.0070935157847447,0.0112238880142045,0.0070403567646679,0.0061518789171608,0.0046853111111661,0.0057965722153398,0.0109550624204533,0.0073738966043282,0.0076016911108315,0.0226375167289378,0.0686227607763044,0.0542087491918003,0.0192211351995357,0.0109078552662913,0.0089080987667558
826.0,0.0279903377188653,0.007043499083213,0.0110873787865597,0.0070273842135621,0.0061782400847711,0.0046726009737573,0.0059322125541529,0.0110865449947253,0.0075017027052105,0.0076245145414048,0.0218783147558728,0.0643448058706296,0.0571118900503782,0.019662461027152,0.0110468274758214,0.0091366046174327
827.0,0.0289283854310695,0.0069640028645717,0.0109559837142084,0.0070203360624705,0.0061996451683919,0.0046866583349883,0.0060769151260084,0.0112658756417455,0.0076296104059537,0.00769740683831,0.0212769512292841,0.0605654487172313,0.0606754847706664,0.0202709657016962,0.0112618764653612,0.0092663850128709
828.0,0.0301630808325162,0.0068652426938503,0.0107961369801151,0.0069767378533304,0.0062453062808284,0.0047814813502588,0.006261693742666,0.011582041044602,0.0076866103824493,0.0076809543091125,0.0205054258295111,0.0566021661641135,0.0650123110554307,0.0209359600476552,0.0115287112327478,0.0094522876967578
829.0,0.0314531114662165,0.0067786151937281,0.0106904697302063,0.0069311924169825,0.0062654456277005,0.0047446861725132,0.0062721484236955,0.0119047132521122,0.0077740043970704,0.0076932662801575,0.0199341386056203,0.0533388165966978,0.0695908299801102,0.0217331607494748,0.0118238585306315,0.0096890114237344
830.0,0.0329159703579918,0.0066939845560282,0.0105288452294137,0.0069012764251827,0.0062518767943406,0.0047587657124289,0.0063748240953577,0.0122650410944525,0.0078572419339519,0.007726646031984,0.0191795891599817,0.0495505160266221,0.07490854661499,0.0225521980979649,0.0121328344056855,0.009814949830492
831.0,0.0340647258012315,0.0065703992827274,0.0103614675508744,0.0068906446007271,0.0063143900435176,0.0048234396859989,0.0065003282025886,0.012478905685965,0.0079169082470736,0.0077486404613436,0.0185632747200265,0.046692865941101,0.0790501095106933,0.0232003841204215,0.0123291909610357,0.0100193649981199
832.0,0.0356030606134985,0.0064501476886427,0.0102441308441557,0.006795301494454,0.0062782241451931,0.0048600912469439,0.0066242960294074,0.012815522142609,0.007936258003488,0.0077300650965938,0.0180431202765386,0.0431817592455403,0.0845331304560396,0.0241559253819225,0.0126477743194994,0.0102709193872929
833.0,0.0374244303896898,0.0064667250211686,0.0101239474094259,0.0067670494511912,0.0062579150796394,0.0048640886178609,0.0066679999428581,0.0132338089133895,0.0080493038158873,0.0077370531512798,0.0174475254843835,0.0400778497321802,0.0902650504717051,0.025207950831004,0.01298946643031,0.0104790915490443
834.0,0.0388880006139404,0.0063648504055277,0.0100233077618415,0.0067310246453101,0.0062755352834637,0.0049129621276697,0.0068072820578678,0.0135296453755952,0.0081107232158293,0.0078367224319006,0.0169720586383855,0.0376780092478204,0.0946441902344666,0.0260341697906299,0.0132570552759094,0.0107005867363275
835.0,0.0406539790525614,0.0062889667755164,0.0099584545882212,0.0067431408700559,0.0063048034777379,0.004927800785354,0.0069207553752994,0.0138158088928468,0.0081681270940894,0.0078150393941114,0.016457362541788,0.0348285497856014,0.0990564429793962,0.0269959403465964,0.0135206915446449,0.0110212058678638
836.0,0.0424656279562432,0.0062977818468873,0.0098469584414052,0.0067185866117076,0.0062986076923488,0.0050408201645282,0.0070121740298533,0.0142033077699112,0.0082741254618701,0.0078518133996484,0.0160936399282734,0.0329175864551344,0.103203237279644,0.0281710507403487,0.0138571966870547,0.0113461231074455
837.0,0.0447055639060769,0.0062813908665205,0.0098082275068355,0.0066927130663069,0.006322790657038,0.0050368920026562,0.007189178984438,0.0146420796268199,0.008376160922482,0.0079252471157013,0.0157145138339026,0.0306332431681982,0.107050082162018,0.029493574728311,0.0142156612179095,0.0115832093643889
838.0,0.0464792592786758,0.0062635734607059,0.0096735998771941,0.00669141236933,0.0063309372957065,0.0050622781846253,0.0073022601350159,0.0149407538935559,0.0084192806642444,0.0080507678354867,0.0152911162687666,0.0290520453125766,0.109160675760237,0.0305621342581588,0.0145102590405289,0.0119020370698901
839.0,0.0491274546536339,0.0062203390772601,0.0095998635375467,0.0066481639773962,0.0063578799216995,0.0051036357919707,0.007438139242178,0.0154332075663007,0.0084717800871229,0.0081044150007511,0.0150248687293765,0.0272582955151236,0.111355982491417,0.0321360029997697,0.0149627218191906,0.0121885759605259
840.0,0.0518101359960982,0.0062123722503489,0.0095265140548822,0.006595362258645,0.0063630070854052,0.0051398153917119,0.0075962483020443,0.0159164761455811,0.0085624036079313,0.008152800875165,0.0146400181944612,0.0255334245260073,0.111842605998028,0.0338406635228407,0.0153605647577662,0.0125340261303154
841.0,0.0542288275382311,0.0062477098838706,0.0094283663468179,0.0066225579431632,0.006408520490054,0.0051435580373788,0.0076897435823639,0.0163671877742603,0.008672575214783,0.008213421669647,0.0143257185223118,0.0244084013809724,0.111876708042558,0.0353532645998901,0.0157536519585604,0.0128213222129654
842.0,0.0573161555501924,0.0061860062837586,0.0093640091445822,0.0065972789900296,0.0064022791514743,0.0052315921153412,0.0078642916962752,0.0168147475023079,0.0087420153789786,0.0082801061245924,0.0140770489288604,0.0229426738429976,0.109970752302902,0.0373142010637972,0.0161676260380923,0.0131634631959837
843.0,0.0600388776126472,0.0061661497576125,0.0092827012633503,0.0065667979248089,0.0064065806986744,0.0052757051627934,0.0080299530181864,0.0173064688981703,0.008817834504513,0.0083209177750436,0.0138175371359297,0.0218604210081079,0.107628467889322,0.0391559831320809,0.0165669611716423,0.0135928047202077
844.0,0.0635762123389278,0.0062496657060302,0.0092149231649821,0.0065286276112623,0.0064779597227491,0.0052909867086139,0.0081742489972889,0.0178816733103142,0.0089392508308633,0.0083627920953416,0.0135337249466416,0.0207222601445694,0.104311839589377,0.0415178103447624,0.0170671084270712,0.0138353075179177
845.0,0.0667408679193376,0.0062216160565621,0.0091436432528038,0.006516715081385,0.0064548708977478,0.005329145542716,0.0083340107735948,0.0183957685906824,0.0090373642760055,0.0084780376077496,0.0131859696790879,0.0197645799079973,0.100640801157085,0.0437048548851729,0.0175078425348869,0.0142927731770516
846.0,0.0702887999986248,0.0062517700771209,0.0091276002724298,0.0064949970586028,0.0064790713097165,0.0054130298882686,0.0084694334464668,0.0189689315295882,0.0092036281919558,0.0084784268809976,0.0130057436770217,0.0187619624471718,0.0954540962130442,0.0463697921948586,0.0180017112355176,0.0146641557947761
847.0,0.074060198708518,0.0062924832591574,0.0090848994672349,0.0064906869727137,0.0065260462588736,0.005479780254295,0.0086476217940452,0.0196256395640527,0.009318797295571,0.008551343320456,0.0127512400512335,0.0178658675178212,0.0902905389044219,0.0495564698633437,0.0186301485627601,0.0152013962552646
848.0,0.0773464719970178,0.0063894696900423,0.0090004333552269,0.0064657113090289,0.0065201420315924,0.0055507256303869,0.0088075833738162,0.0201681719211674,0.0095532823938957,0.0086072815697149,0.0125859067277101,0.0170718276973075,0.0853894623964402,0.0519371867585021,0.018969887029078,0.0155942923006508
849.0,0.0813242702239918,0.006429796588118,0.0090127971932895,0.0064554563130825,0.0065779323354665,0.0056478947430016,0.009040600679356,0.0209059060450279,0.0097131209887132,0.0087237349450309,0.0124091157411253,0.016392238617076,0.080100004812698,0.0557096750705027,0.0196724235718813,0.0161203396045357
850.0,0.0848626524789722,0.0065157678063666,0.0090200716273761,0.0064716479343826,0.0066019812620317,0.0056893358704758,0.0092588823930128,0.0215731029586897,0.0099342647906256,0.0087866903281693,0.0122869312179912,0.0157440095954908,0.0754576344003324,0.0589689389042734,0.0202150147429997,0.0166827802480368
851.0,0.0887238049199565,0.0065394159361222,0.0089630139213114,0.0064531103024192,0.0067092369201642,0.0058034667433879,0.0095437620100668,0.0225058361615565,0.0101809152498711,0.0088206917536164,0.0121141968994429,0.0151963505851252,0.0708561044560523,0.0634222319404666,0.0210746564125066,0.0170546894405713
852.0,0.0918766908284935,0.0066289189785258,0.0089380196570104,0.0064497678405816,0.0067384362887316,0.005875136196001,0.0097865466280381,0.0232500084258924,0.0103535964396576,0.0089022118097218,0.0119952255666184,0.0146732211510544,0.0666022593259686,0.0671940311216996,0.0217250858606875,0.0176585622678793
853.0,0.0952037912704589,0.0066964297723032,0.0088568071871376,0.0064477418832189,0.0067645770747781,0.0058818736283943,0.0099920475285684,0.0242599373971067,0.0106289309523647,0.0089722037505215,0.0118344184139744,0.014097230731983,0.0619153108738386,0.0718765427307487,0.0225902714130141,0.01809590338813
854.0,0.0978832821138555,0.0067413404791696,0.0088444769513846,0.0064621677685221,0.0068131325755605,0.0059620621427295,0.0102307943876993,0.0253126134165734,0.0108313824984747,0.0090267645649175,0.0116745574674062,0.0135810153004236,0.0576748429413837,0.0766849446501377,0.023470070744085,0.0186310370830215
855.0,0.099460606178822,0.0067810770233674,0.0087786849334909,0.0064317288951204,0.006833086416008,0.0060314381418444,0.0104341420197217,0.0262210600997279,0.0111199949028899,0.0090836102251028,0.0115790532018203,0.0131779154451454,0.0542666295115094,0.0805961002431094,0.0242667864732368,0.019084479135217
856.0,0.100744410115982,0.0067624488882671,0.008654758440765,0.0064266999243456,0.0069035107864185,0.0061537566716871,0.0107032792500154,0.0274112136850587,0.0113163669169714,0.0090943788146486,0.01144959497436,0.0127703226457994,0.050536404361409,0.0852942558456762,0.0253054011190579,0.0196059992841077
857.0,0.101116575747647,0.006758609828049,0.0087068215208701,0.0063977423609947,0.0068916930690298,0.0063224039630001,0.0108929862630704,0.028424282480622,0.0116005400669139,0.0091324510241577,0.0112874712562998,0.0124099670356259,0.0477775649084058,0.0888381406169512,0.0261900891804232,0.0204560664622395
858.0,0.100546370761385,0.0069763554805638,0.008767132618896,0.0064529203991001,0.0069361371831374,0.0064688913551216,0.0111251287979293,0.0297008867896872,0.0120450476148223,0.0091822287335917,0.0111118972726887,0.0119964441554489,0.0445560845154311,0.0926243445944656,0.0273557187428623,0.0210371664262042
859.0,0.0986884725061523,0.0070176273368967,0.0087174836427639,0.006520839109238,0.0070103048334639,0.0065523885676018,0.0113971818877591,0.0308385759002402,0.0123636967553828,0.0094218302345505,0.0110538250988661,0.0115207552248158,0.0413994533886523,0.0953549490630689,0.0284443174827333,0.021827827597392
860.0,0.0968645672216599,0.0070797032343873,0.0087037624609567,0.006488558380551,0.0071282806155725,0.0066682275853213,0.0118190928797978,0.0320734123870243,0.0127628830810005,0.0095268427480198,0.0110646669859236,0.0112355297925118,0.0390952148992514,0.0974700652644633,0.0295513586107383,0.022420269097108
861.0,0.0944889388120095,0.0071062886194173,0.0086757371803397,0.0065419593009106,0.0071831221958485,0.0067906643804487,0.0121710076735637,0.033891769439626,0.0130921292381476,0.0096290259104905,0.0110311224979683,0.0110326786724678,0.0372366888770459,0.100198054372463,0.0312474173000356,0.0232461425168067
862.0,0.0928055931875926,0.0071677141540628,0.008652244767463,0.0065144183568555,0.0072509574106048,0.0069061197849743,0.0124464129080763,0.0355224585704737,0.0134726834267821,0.0097338202473096,0.0109895838275306,0.0108418162301057,0.0354427497724519,0.101085562974307,0.0327024537649843,0.0240825300047663
863.0,0.0894526452881619,0.0072249311946098,0.0086098031186483,0.0065661221026779,0.0072966979057665,0.0070441314099406,0.0127860566694395,0.0373696006820884,0.0138940447524962,0.0098829338134582,0.0108936039396077,0.0105754358841928,0.0334930500141086,0.101244897171978,0.0345019652676215,0.0247871552084824
864.0,0.0864684903126837,0.0072098288443841,0.0085933562655968,0.0065488635444358,0.0073616923495005,0.0071090416036107,0.0131560994908206,0.0389808302017162,0.0142327740140956,0.0100294168334412,0.0108035897407851,0.010345176164516,0.0320267423784979,0.100627935316264,0.0360648011705863,0.025759669916525
865.0,0.0821423707585098,0.007240386018709,0.0085185734422268,0.0065770844816767,0.0074020722446623,0.0072215551597211,0.0134394390546383,0.0410636542673815,0.0146645724079374,0.0101799022867049,0.0107806865589538,0.0100557702506129,0.030227042068817,0.0986484405892247,0.0381783424209188,0.0264987525352017
866.0,0.0781824692651685,0.0071825430844097,0.0084742056022868,0.0065450842161405,0.0074520705065188,0.0073609056989083,0.0138405148084544,0.0432981019845039,0.0149402320595589,0.0103227620653482,0.0107163174315261,0.0098651502949715,0.0287300577317536,0.0961593885636664,0.0404590696539252,0.0276056077958742
867.0,0.0748381194973289,0.0071762462990093,0.0084046259220039,0.0065439064249631,0.0074634814168445,0.0074637813216277,0.0140839091025013,0.0451890430157445,0.0154345036931035,0.0103872445319677,0.0106148145619097,0.0096923765766234,0.0275442052310881,0.0935080399134517,0.0424607569489365,0.0284636877890618
868.0,0.0707130710109008,0.0071553911780002,0.0083674896447814,0.0065726935564795,0.0075810117269705,0.0075900474311699,0.014493068654116,0.0477893958198986,0.015761927542978,0.0105835558213813,0.0105499955527938,0.0094825453646647,0.0262229177828706,0.0897672575129523,0.0451835472981091,0.0296788243927985
869.0,0.0670087416320457,0.0071737129442381,0.0083121235761784,0.0065421670774358,0.0076236727159125,0.0077132832793643,0.0148573808994944,0.049745825360924,0.016199560180294,0.0106911576803544,0.0105098975257887,0.0092860462838697,0.0250832252683993,0.0858668500487999,0.0473841114864642,0.0308843015490185
870.0,0.0628719013194512,0.0070960520880269,0.0082426561323365,0.0065504825230964,0.007695403527326,0.007872996208975,0.0152571184416923,0.0526914833405781,0.0165929405144319,0.0108854926328477,0.0104351593788006,0.0090645802120668,0.023851547032428,0.0811688250863121,0.0506361114355338,0.0320674230924446
871.0,0.0598965643131763,0.0071564290790449,0.0082289353603335,0.006547738502494,0.0077568838858818,0.00810117972187,0.015674398927204,0.0550236818028043,0.0170224163790651,0.0110454694038681,0.0103747502264515,0.0089307267402956,0.0230397722819749,0.0774493209338731,0.0532616306062145,0.0339330548395045
872.0,0.0562540407140791,0.0072871894260042,0.0082989278007688,0.0065660246611828,0.0077554781452211,0.0082537458710343,0.0159813944572147,0.0582689458733213,0.017720888173139,0.0112216997878107,0.0102713342621418,0.008755783769413,0.0219841077702145,0.0727992005151858,0.0569504202573477,0.0355564809900726
873.0,0.0526725858203298,0.0073423476717633,0.0082525209744788,0.0066766457552862,0.0078820914112247,0.008380237913195,0.0165386325924832,0.0615151249489472,0.018215581550856,0.0116398547723279,0.0102435144256551,0.0085502330991224,0.0209482768499185,0.0677466268041143,0.0606762736341698,0.0373700496962927
874.0,0.0499966323433901,0.0073758743449375,0.0082550524036794,0.0067163041891454,0.0080406649777783,0.0085234624131602,0.0171650271533538,0.064395718501533,0.0187342882623379,0.0118949963277495,0.010327689700065,0.0084425170859571,0.0202513155011907,0.0643077380741251,0.0640151174578648,0.0392296810739787
875.0,0.0469933654210342,0.0074059738053341,0.0081693231405807,0.0066904935009809,0.0081357955870576,0.0087814376857673,0.0177726250007984,0.0684468578166698,0.019255345463256,0.0121297517291652,0.0102983085014018,0.0083538161233426,0.0194920470673698,0.0603518218501414,0.0688709746159768,0.0412628864397258
876.0,0.0450865657613622,0.0074395558785438,0.0081520955723556,0.0067175123402908,0.0082209297260941,0.0090242986299904,0.0183171274398635,0.0725496640933847,0.0197718544941974,0.0124111419991305,0.0102557712692995,0.0082864874258639,0.0190168667285034,0.0573837469558516,0.0733878357775336,0.0444585240432095
877.0,0.0424543817442213,0.0077295796092993,0.0082508583786266,0.0067451219789709,0.0082736491378867,0.0092471440132081,0.0187889417684929,0.0768884824380997,0.0207683740054862,0.0126634252579324,0.0101431922208962,0.0081669755535989,0.0183550564882727,0.0536059381647003,0.0782125243025898,0.046539717099346
878.0,0.0403637004807527,0.0077588197676244,0.0082247973365961,0.0068610674882587,0.00840458410222,0.0094107669043684,0.0195768540376131,0.0806919997907104,0.021266826300066,0.0132324684001358,0.0101254464840372,0.0080465849495905,0.0178024133695965,0.050582566131263,0.0824371675398375,0.0495929823345586
879.0,0.0379570279542206,0.0079061851139667,0.0082010054703806,0.0068832570420346,0.0085857806045169,0.0096017466065949,0.0203596081715992,0.0846555476134571,0.021961482415946,0.013498298039202,0.0102283201041757,0.0078961932748129,0.0171740741594702,0.0471309151969458,0.0868107803763129,0.052305239279681
880.0,0.0360392819444537,0.0079787426500045,0.00822384718231,0.0069064066394742,0.0086707465030196,0.0097881274784796,0.0211463299523905,0.0904478324427342,0.0225800729671334,0.0138806188265919,0.0102121129002767,0.0078864997550224,0.0167642815876986,0.0448223324957653,0.0927769187133926,0.0554737711581937
881.0,0.0347020111807008,0.0080989663723304,0.0082157581220659,0.0069351888412873,0.0087865090852182,0.0100169609350769,0.0218047891479183,0.0943047973155766,0.0232892745802262,0.0142134294517022,0.0101805533810615,0.0078118640793386,0.0163666077860628,0.0424616422018105,0.0960350828862437,0.0587028731786898
882.0,0.0329186745536352,0.0082400855048186,0.0082203804707356,0.0069870098599044,0.0089102413028287,0.0102487475974415,0.0225665726449026,0.0988984589330593,0.0239768389425079,0.0145776876228347,0.0101207067147535,0.0077280957561279,0.0159213645994857,0.0399063595528739,0.0998413386531925,0.062709905593166
883.0,0.0314751030439934,0.0083832213450512,0.0082288434274882,0.0070404103778942,0.0090493371836288,0.0104682980872572,0.0233375917355117,0.102563430192911,0.0248672694854987,0.0149194944824299,0.0101017784651407,0.0076820741060858,0.015540311852806,0.0378894021544444,0.102338682276426,0.0669396729314897
884.0,0.0299994261690952,0.0085403185941028,0.0082663209289146,0.0070713662023535,0.0092096950513224,0.0107390463611212,0.0242774557837019,0.106216503435385,0.0257993270169657,0.0153771712277284,0.0100415335602964,0.0075791421988896,0.0151390534297248,0.0357784466292095,0.104286925080637,0.0709589123552144
885.0,0.0287255294621315,0.0087049056960324,0.0082286837594592,0.0071426482779775,0.0093315170322451,0.0109718702369096,0.0253139603671562,0.109283817513566,0.0266172218678828,0.0158066749989858,0.0099896450423878,0.0075288939851605,0.01477801463435,0.0340823901668648,0.105332680258717,0.0754338447471749
886.0,0.0273468275760908,0.0089005489646231,0.0082842020345559,0.0071793230206151,0.0094568100321952,0.0112732749758766,0.026269460187843,0.112386032707347,0.0276434664686661,0.0162954869565737,0.0099714439116091,0.0075061251975483,0.0144453583870781,0.0322660904801818,0.105565850400663,0.0796939835035844
887.0,0.0260943813396368,0.0090684978032249,0.0082719280868747,0.0072401353462441,0.0096462656965791,0.0115364528141893,0.0273482069665342,0.11478300252796,0.0285865900214342,0.0167263050578725,0.0099268684842722,0.0074142116755727,0.014121873813936,0.0305477150209632,0.10461698759392,0.0849080773546896
888.0,0.0250866769204719,0.0093229612748761,0.0083134786470205,0.007320846786079,0.0097905661054683,0.0118468025779652,0.0283755008012012,0.116257975377944,0.0298232845099611,0.017148302791312,0.0098884622114711,0.0073779209656064,0.0138490784323518,0.0292046505538783,0.102993325416643,0.0893592358214133
889.0,0.0240136168947087,0.0095548681259448,0.0083135289044712,0.0074058972852328,0.0099594023541049,0.012184294322076,0.0297293418885695,0.117182815242772,0.0309774677771755,0.0177260140300057,0.0098772374997017,0.0073003491366498,0.0135471999147383,0.0278315724971611,0.100312800797974,0.0947600010082886
890.0,0.0231546846995625,0.0098436540280544,0.0083809578369022,0.007524780420189,0.0101381343106404,0.0124386724212317,0.0309726270831457,0.117382148559549,0.0324678986004627,0.0182389945473908,0.0098365873262725,0.007277442049015,0.0132890012395994,0.0267113483404064,0.0973547213050244,0.099497795866614
891.0,0.0222049414536956,0.0100888313065332,0.008389740071027,0.0076036753735001,0.0103373393159554,0.0127293647805994,0.0325425618306719,0.116806897247561,0.0339259049695635,0.0188887753986715,0.009794977155528,0.0072555884137409,0.013051621919925,0.0254850437645453,0.0932086009749776,0.103295556540687
892.0,0.0214837777079775,0.0102766137833955,0.0083744024572013,0.0076434393652325,0.010526729055748,0.0129433386481225,0.0341348957341893,0.11582570381177,0.0353225510641126,0.0194998889338902,0.0097597068685978,0.0071905331524049,0.0128182945131174,0.0245552362140135,0.0894909392365501,0.106355088554359
893.0,0.0205801698689689,0.0103847149416599,0.0083736948817416,0.0076751827301306,0.0107167988799478,0.0132200806079535,0.0356075138446318,0.113696775443523,0.0367312652863523,0.0200217162273185,0.0097299951891574,0.0071438959556468,0.0125980839650565,0.0234566713226197,0.0843846935434992,0.108753624890507
894.0,0.019856287142871,0.0106302146326462,0.0083251359627502,0.007690128660266,0.0108608810782611,0.0135929709433099,0.0372975307067826,0.111223913658459,0.0382527167130181,0.0204537483248703,0.0096365825468665,0.0070955932485772,0.0124230680787352,0.0225770142452206,0.0797074594784178,0.110909202133371
895.0,0.0191564992620198,0.0109443485694609,0.0084097544463177,0.0077372804379762,0.0109230509809117,0.0140316844052643,0.0385664490209053,0.108120080975935,0.0404064487072564,0.0210255707820418,0.0095214494765806,0.0070477049566299,0.0122350150857247,0.0217168488256903,0.0752390598685781,0.111674157860037
896.0,0.0183716949370182,0.0112593053473251,0.0084366943823777,0.0078458376147648,0.0111381215170328,0.0145474580813993,0.0405254742994469,0.103660722011275,0.0423495575656075,0.0217601999353481,0.0094317409763426,0.0069852363424036,0.0119710135056207,0.020742695945173,0.0698339830899866,0.112767538261113
897.0,0.0176980425575601,0.0117209324342788,0.0085584628459478,0.0079184888512781,0.0113612941131301,0.0150203943817703,0.0425852856934079,0.0998376723950165,0.0452908235330408,0.0223591398548704,0.0094425320601884,0.0069494739652034,0.0117618261959291,0.0200159830231658,0.06564732837839,0.111052611777469
898.0,0.0170315325963956,0.0120054613977738,0.0085997653377587,0.0081488959828382,0.0116168808079583,0.0155262971789892,0.0450119588796811,0.0950358516390886,0.0480901368140693,0.023510684425365,0.0094247465708202,0.0068866914219575,0.0115941235720147,0.0192908011451809,0.0611747037194115,0.109820629135191
899.0,0.0165276971601782,0.0124738160306884,0.0086498230891952,0.0082490711140386,0.0119800336983304,0.0157011977899113,0.0479745776060745,0.0913030554082996,0.0506921482217587,0.0244378617903587,0.0094905426680404,0.0068359644877805,0.0114626833547555,0.0185912511689927,0.0573996304275285,0.106413838671886
900.0,0.0160460882507956,0.0128943287720371,0.0085749034461275,0.008360250529673,0.012239678039563,0.0162208705323578,0.0504645651037301,0.0873591632342091,0.0542058143877037,0.0252226972320998,0.0094765302207502,0.0068425130608039,0.0113344618488337,0.0181565086138775,0.0538632149571602,0.101627782411738
901.0,0.0156151101778929,0.0129528614959981,0.0085749034461275,0.008360250529673,0.012239678039563,0.0167273226919072,0.0537888007701776,0.0828409403674288,0.0561688736230829,0.0262489748102342,0.0094752658117166,0.0067927139978471,0.011126313279564,0.0174876539964443,0.0500889896995559,0.096666534100036
902.0,0.0153014260438114,0.0133420029139212,0.008640602544008,0.0084684982118768,0.012490638012851,0.0172777864344056,0.0554943506574938,0.0797243904971333,0.0598379269981037,0.026610071788436,0.0093086265988245,0.0068059905612258,0.0110968447124509,0.0171502966397892,0.0475625338629033,0.0912166976124167
903.0,0.0148112373983281,0.0137512168222964,0.0086967431700526,0.0085780600912911,0.0128479848818814,0.0178177481108383,0.0587603442450404,0.0752504802801859,0.0639066343075632,0.0276667146724009,0.0093171117729665,0.0067790828037749,0.0109522719572107,0.0166032182742974,0.0442938729730283,0.0856750061389417
904.0,0.0142578637266324,0.0142377350463832,0.0090297497226261,0.0090005083051306,0.013496980975957,0.0184146015716633,0.0623681121406505,0.0709508268599223,0.0681123677615716,0.0287786275915125,0.0093034128935309,0.0066909938975178,0.0107068007893819,0.0159945031182068,0.0414205822667115,0.0809407604890841
905.0,0.0138311855032144,0.0145920775498415,0.0089254600392243,0.008976312687858,0.0135473654622232,0.019105625574971,0.0659580964567706,0.0669641698917773,0.0720199542740288,0.0299184441401881,0.0092475420207257,0.0066830431321475,0.0105648502688173,0.0154994643610059,0.038751884941439,0.0753430315232579
906.0,0.0134398084942686,0.0150987008158891,0.0089705069328566,0.0091081995015839,0.013966218007873,0.0197040993372346,0.0692240498892819,0.0631051567572196,0.0769022120623655,0.0310253131208063,0.0092680255017516,0.0066443363254155,0.010441150880769,0.0150771564108495,0.0361762136255674,0.0699442435444064
907.0,0.0130725994957379,0.0155823176379232,0.0086420039651384,0.0087692539780772,0.0135608737368293,0.0203605503216078,0.0731825218400586,0.0596214493337556,0.0821374920934017,0.0323868902146791,0.0092841963106856,0.0066015467689653,0.0103212691632741,0.0146327908365751,0.0339644353788904,0.0652871924698792
908.0,0.0127552048040796,0.0160541730764736,0.0088640906313766,0.0091198545048752,0.014232729143526,0.0211303792008516,0.0772166337481263,0.0567877448808025,0.0871436068353219,0.033802743272348,0.0092540504366968,0.0065720654679346,0.0102158640737773,0.0142900556906515,0.0322182048469863,0.0612312439181676
909.0,0.0124267184314652,0.0165641873281434,0.0087918193062415,0.0091093780903024,0.0143373074783948,0.0219195992566161,0.0808798385040387,0.0535850300386987,0.0921675423719006,0.0352090362952209,0.0092716207253916,0.0065519300029343,0.0101121704591801,0.0139230665699562,0.0302779067114203,0.056766668508598
910.0,0.0120843357794978,0.0171587630495145,0.0089452037901204,0.0093214778272446,0.014867575693853,0.0227300871960456,0.0844614667497368,0.0506320815642255,0.0981218079215515,0.0366668007759552,0.0092925754038412,0.0065543530708716,0.0099880073711473,0.0135808602491485,0.0285369774236033,0.0527381848820872
911.0,0.011817381277557,0.017743592773325,0.0090585491580672,0.0094608868210668,0.0152293096334219,0.0236738950374692,0.088418470947357,0.0480985363931918,0.104001997465549,0.0384820502821175,0.0092992365708286,0.0065180483071818,0.0099089349723375,0.0132916988029884,0.0270411556183176,0.0489490031228995
912.0,0.0115549960069056,0.018371174180037,0.0088195670332405,0.0093218603360178,0.0151450515032345,0.024537020532483,0.0919762016530663,0.0458888045691079,0.110109948226582,0.040362614344453,0.0093246341607947,0.0064825251925693,0.0097786191589533,0.0130382453361009,0.0257597946441739,0.0454968375637999
913.0,0.0112767527514541,0.0190350795936806,0.0090564097909551,0.0096105975318424,0.015819046067559,0.0254820012187873,0.095410492971337,0.0434208222618907,0.115970161299433,0.0424504913549899,0.0093166324244526,0.0064849506160229,0.0096765716605611,0.0127019737945056,0.0243950547392325,0.042835556397768
914.0,0.0110279179907406,0.0196571542333729,0.0090405572629349,0.0097129249867141,0.0161478890131275,0.0266511874256434,0.0984124506887233,0.041177740673582,0.120594665588093,0.044741335745094,0.0093510376626297,0.0064675545790684,0.0095956556533856,0.0124296208969059,0.0231435469644484,0.0400442208068254
915.0,0.0107979434543774,0.0203619049226266,0.0092269307715465,0.0099833008186534,0.0167229943648984,0.0277967217943847,0.10062627818824,0.0390238114433748,0.12508324091386,0.0468610232951058,0.0093868086759732,0.0064689464751883,0.009540484265181,0.0122098540148886,0.0220034881597374,0.0372697032574851
916.0,0.0105402621302823,0.0211397574220276,0.009301660773263,0.0101537392206119,0.0172917043322204,0.0291505875144102,0.102482711602035,0.0370559019121935,0.128932966035335,0.0493697083165704,0.0094235449775874,0.0064502343669396,0.0094677643229243,0.0119642287249576,0.0209516483088493,0.0348064196633108
917.0,0.0103472125043981,0.0219538797811697,0.0095941061229061,0.0105834630976545,0.0181436130579334,0.0302999300048175,0.10397933609895,0.0355159417221415,0.131298026624114,0.0523390515492247,0.0094616574389144,0.0064480874689467,0.0093728401091774,0.0117604874025546,0.0201333515626859,0.0325257309797955
918.0,0.0101678864229001,0.0228802098765199,0.0094564154690758,0.0104695749638229,0.0180676254802843,0.031803543278641,0.104451094893762,0.0338867758493997,0.132342305314783,0.0554954956628495,0.009469290709794,0.0064482922422952,0.0093206648390498,0.0115662129898307,0.0192804456724319,0.0308871484743995
919.0,0.0099497536202279,0.0236356443588668,0.0098368553975389,0.0110056625702355,0.0192826429555797,0.0334311307134882,0.104313403521465,0.0321853199158577,0.131975641146154,0.0590126608021788,0.0095320619736611,0.0064478653464839,0.0092587833208157,0.0113601045037771,0.0183889404638003,0.0289211281221076
920.0,0.0097414758783088,0.0246673254509407,0.0094347061053818,0.0106445792625204,0.0187293552912118,0.0351997198318875,0.103783698363671,0.0306414941021282,0.129987709555997,0.0620724172592355,0.0095713887594928,0.0064483499651006,0.0091905301996985,0.0111439593639905,0.0175950879564476,0.0271673758778575
921.0,0.0095565760343062,0.02573407514683,0.0095042897490788,0.0108768854799392,0.0194804481467988,0.0368008706822833,0.102284644834659,0.0291795003795054,0.126338120952959,0.0660970944299843,0.009643480202693,0.0064478785233191,0.0091347044325172,0.0109610542183781,0.0168820256073281,0.0255969507966853
922.0,0.0094077501426195,0.0268703451772857,0.0097686691680387,0.0112663916542374,0.0203271187314704,0.0387652912749518,0.10013473270944,0.0280912412458685,0.121563886854322,0.0704392615483634,0.0096656303209828,0.0064387556415658,0.0091113161967507,0.0108351980530389,0.0163303327773001,0.0243921591857044
923.0,0.0092505401613243,0.0278976601979996,0.009936956325641,0.0115859653273213,0.0211821045146419,0.041191010933871,0.0974754244447103,0.0268120642604556,0.116494874085961,0.0750454012823539,0.0097446145104395,0.0064282255392746,0.0090300783028778,0.0106481270372698,0.0157144024914408,0.0230733037882869
924.0,0.0090621104239804,0.0291823306907698,0.0098995257197777,0.0116455485943531,0.0215327282697881,0.0434142982340099,0.0948224079479614,0.0255953731562838,0.110247441044771,0.0792789347567875,0.0098107895047804,0.0064333298047602,0.0089866113756289,0.0105013801505808,0.0151343655614488,0.0218673068959831
925.0,0.0089478172883925,0.0307445399901468,0.010341931905042,0.0123409797913465,0.023154241271501,0.0460342432067458,0.0913618669310785,0.0245078251042925,0.103333995814007,0.0843009502840619,0.0098412082811652,0.0064353574585047,0.0089485347407899,0.0103514694282919,0.0145769819785243,0.0207819780128128
926.0,0.008824672235055,0.0321497045908028,0.0101375518716691,0.0121782777903558,0.0230817857493456,0.0483036811839431,0.0877199591878437,0.0236350522454545,0.0967335410011071,0.0903331673976491,0.0099720145176582,0.0064641084360512,0.0089154789482066,0.0102478344849766,0.0141683638689156,0.0197296836901008
927.0,0.0086646379970401,0.0338136337654918,0.0102058421587718,0.0123979366802263,0.0238804218650598,0.0511304058494234,0.08400593448029,0.0226963502399572,0.0896237846848467,0.0958359858637381,0.0100148448706537,0.00644653229253,0.0088951471142857,0.0101100409900722,0.0136965484659008,0.0189429859648907
928.0,0.0085774533496018,0.0352030978691229,0.0101931029800759,0.0125029667128584,0.0243500648070742,0.0542401322627402,0.0798939962743757,0.0217996737150185,0.0842202301162596,0.102219388926395,0.0100751165787762,0.0064890166397349,0.0088664430447704,0.0100071997249885,0.0132785874697814,0.0181238884060295
929.0,0.0084198729400212,0.0369806851390756,0.0103162663609958,0.0127425133507984,0.0250730825081372,0.0573993448504692,0.0767027795542005,0.021014694288554,0.0781014305132915,0.107562559909838,0.0101384057192391,0.0064827887857723,0.0088389469180931,0.0099060793896136,0.0129059947888923,0.017347629554267
930.0,0.008328912426481,0.0388885068687477,0.010517233855947,0.0131317773048013,0.0263422220710846,0.0608774965153801,0.0729064096179842,0.0201878474788523,0.0723500325974323,0.114050314437507,0.0102188399260545,0.0064774309701942,0.0088127638496571,0.0097857410964162,0.0125351141462964,0.0165801914163935
931.0,0.008214093470016,0.0409907542654226,0.010682689438792,0.0134633852432169,0.0273637352136836,0.0636363427883343,0.069225041429201,0.0195933024405766,0.0671024700370454,0.120704584912596,0.0102570666630125,0.0064977060239245,0.0087730816490819,0.0097320830541184,0.0122417492267287,0.0158844377568298
932.0,0.0081044435146221,0.0431926748139302,0.0109437581311102,0.0139215013733766,0.0287963963025719,0.0673712854521162,0.0656643900161235,0.0189056926883319,0.0620511315343959,0.12758325121624,0.0103473359723448,0.0065141139642573,0.0087317234374353,0.0095993625148025,0.0118959754840302,0.0153734144369635
933.0,0.0080075876307345,0.0450781607817769,0.0109440882757988,0.0140594763290236,0.0294386145540211,0.0719432307177254,0.0622082004134196,0.0182418513665251,0.0584496623481654,0.134359975285926,0.0103960567929267,0.0065418986704491,0.0086931456024162,0.0094995424954893,0.0116171819841961,0.0148501983678473
934.0,0.0079208916508799,0.0480467991196616,0.0110169633642622,0.0143129400980126,0.0307458330810181,0.076266797703593,0.0595114990833312,0.0176429914879458,0.0545502763683503,0.139641118592589,0.0104005285124018,0.0065301013945631,0.0086647079808102,0.0094244604196282,0.0113159364124133,0.0143353299190489
935.0,0.0078319673009794,0.0509675383298432,0.0111677319952701,0.0146227281571537,0.031912763645204,0.0801429581147791,0.0563230901664502,0.0170278020130605,0.0508281320354158,0.147397891480766,0.0105010114681148,0.0065021207671337,0.0086289404289575,0.0093043135993071,0.0110329239471242,0.0138162655829497
936.0,0.0077772857945648,0.0542259494684598,0.0111043465139685,0.0147306843909366,0.0327818546637093,0.0837744731808135,0.0538527766792189,0.0166195774247214,0.0472171227016528,0.153456427578187,0.0106587816275748,0.0065297336515754,0.0086161544188895,0.0092506724463589,0.010839317907312,0.0133999790893112
937.0,0.0076449334532065,0.0572434378692526,0.011566425318587,0.0155265998390708,0.035146222704922,0.0875163007055896,0.0510603109841548,0.0160443238803425,0.0442883250480623,0.158858234772189,0.010772007541304,0.0065580442827792,0.0085911644889697,0.009179982417645,0.0105817261895546,0.0130061199177214
938.0,0.0076329283374858,0.0601483648643618,0.011804417604547,0.0159887031209005,0.0371175525138359,0.0921863194389651,0.0486690416144294,0.0157724119189664,0.0416925345863002,0.162584865013215,0.0108326417338723,0.006600928638627,0.0086308163331245,0.0091552069832852,0.0104326874318512,0.0125955592784027
939.0,0.0075743062861534,0.0640004479183857,0.0119918675492778,0.01632637558656,0.0385935720856962,0.0959731963063057,0.0465845339470321,0.0153279866319688,0.0390348476542875,0.164717961278928,0.0109198579231095,0.0065996719357589,0.0086464367061979,0.0090704100673285,0.0101993598090804,0.0122077717007617
940.0,0.0075187562831113,0.0679868220229861,0.0120213886511772,0.0165844317633643,0.0402288019801381,0.0995908346481184,0.0440252023507661,0.0148974228922858,0.0365539445299092,0.166351215919437,0.0109615103870911,0.0066167718069794,0.0086321848265892,0.0090149778999662,0.0100445643949539,0.0118350116645136
941.0,0.0074652579805535,0.0722154445786114,0.0125201140119581,0.0174056131542378,0.0430794606765139,0.102551559440473,0.0421228149152669,0.0145836775259263,0.0342800239525169,0.166044136763061,0.0111168702725799,0.0066221209438686,0.0086010438087756,0.0089665590462962,0.0098726133142956,0.01152393433714
942.0,0.0073658984823994,0.0767737748894438,0.0124232343803856,0.0174158642745915,0.0438361813136091,0.105579513107511,0.0400221266967698,0.0141366661654961,0.0322573594328524,0.163946948396382,0.0111983074414885,0.006635799170448,0.0085671155306205,0.0089022960687014,0.0096777237405056,0.0112595492491509
943.0,0.0073418995865525,0.0811709036148431,0.0127044117713751,0.0180124442019593,0.0466781136353384,0.107715930978252,0.0381416765495555,0.0138632916103094,0.0307420101572039,0.160441912953889,0.0113290725207704,0.0066738671659915,0.0085806137035289,0.0088590216996718,0.009518916972379,0.0110317484454056
944.0,0.0072706066968275,0.0859335662969997,0.0131622639380419,0.0188579478806249,0.0500004419442014,0.107708582885285,0.0366959881744948,0.0135270294885146,0.0291760859085583,0.156781211460552,0.0114616807089693,0.0066852981229789,0.0085616819172431,0.0088163529570508,0.0093403234119748,0.0107014598897596
945.0,0.0072252853888814,0.0913613545799181,0.0132813988410889,0.0191712102684233,0.0523019971614708,0.107969075598698,0.0352937234604314,0.0132228423483847,0.0274568577769554,0.151267517296828,0.0116594152855979,0.0067004671711233,0.0085474662930085,0.0087808607781124,0.0092104519321612,0.0103206751398647
946.0,0.0071794523004487,0.0957457518520392,0.0135285919039765,0.0196796521140527,0.054740538262276,0.108081445674039,0.0336320054366698,0.0129392615830244,0.0257489444593227,0.143614288190504,0.0117872257612874,0.0067404538442489,0.0085650563291608,0.0087867517394901,0.0091025577468597,0.0101040676443003
947.0,0.0071850694892199,0.100378627220316,0.0137991239485048,0.0203466928253835,0.0585241965572464,0.107137696507884,0.03174066837883,0.0127714418312588,0.0246487613885462,0.134598873234552,0.0117607402023296,0.0067890839220552,0.0086078536517569,0.0087327426807178,0.0090052389680984,0.009922046407352
948.0,0.0071473112061006,0.106758103408026,0.0137998012149004,0.0204882025928051,0.0601068143730551,0.105225763101511,0.0305834687311323,0.0124766845350379,0.0234909893687851,0.128160569528936,0.0118705073837296,0.0068326039976099,0.0086084066843738,0.0087048943233234,0.0088865796442107,0.0097012064669209
949.0,0.007025242620388,0.113005503956098,0.0140311835348649,0.0210347475916992,0.0635607919993709,0.102596576720156,0.0293492066242013,0.0121217587252112,0.0223545831791335,0.120324545097274,0.0120267723014102,0.0067971158848084,0.0085270993760101,0.0085793819021583,0.0086720175148538,0.0094703505495875
950.0,0.0069688339645206,0.119479787502345,0.0142889354782722,0.0216969948647179,0.0666243061148736,0.099942852230776,0.0281856134413711,0.0118679741599522,0.0213015884690436,0.112305806956131,0.0122173648011739,0.0068187048097375,0.008507854549607,0.0085130300371286,0.0086184805953817,0.0092697427774898
950.0,0.0069688339645206,0.125757469313351,0.0150846768211548,0.0232091962892467,0.0734722522286472,0.0968566955316497,0.027013919133691,0.0116958876632277,0.0202588533907953,0.104513087002843,0.0122173648011739,0.0068187048097375,0.008507854549607,0.0085130300371286,0.0086184805953817,0.0091047849392723
951.0,0.0067425292091837,0.132074388350979,0.0149258893489607,0.0231788281213595,0.0746406104615943,0.0932642802289533,0.025852598554119,0.0115036194744907,0.0195442376322708,0.0968516321301483,0.012001244819431,0.0066685650095919,0.0082468421261639,0.0082468421261639,0.0082624872204995,0.0089427105567636
952.0,0.0067665367199937,0.138675261047883,0.0153965942570257,0.0242873646933964,0.079963147280816,0.0895873874654418,0.0249623129267831,0.0112762842758859,0.0187495517724849,0.0910581853082095,0.0122516246763929,0.0067949391895828,0.0083269962089972,0.0082643353902073,0.0082405242790671,0.0088285718886607
953.0,0.0067339757013726,0.146656395352711,0.0156654868987071,0.024976983377457,0.0834187011287746,0.0855841524525199,0.0240946822594232,0.0110377487081263,0.018053593628322,0.0848870693757759,0.0124155547992309,0.0068763317387301,0.0083252619217163,0.0082703261801813,0.0081854254887181,0.0086828305900924
954.0,0.0067154361525762,0.153052549433053,0.0158420897962587,0.0254422996473948,0.0861776648203398,0.0820867999748069,0.0232226434389857,0.0108876437540778,0.0173833441781967,0.0789956160913225,0.0124730304017276,0.0068451149112409,0.0082901535918004,0.0081976020110643,0.0081013483670987,0.0085838036227602
955.0,0.006649978727569,0.160239943284041,0.0162231291649663,0.0264922973739311,0.0908831848210155,0.0781490690406943,0.0224643446818085,0.01073128868854,0.0167450969827782,0.0737718410672398,0.0126547463046953,0.0069633728059691,0.0083144018657728,0.0081943648323542,0.008019821186822,0.0084544032497897
956.0,0.0065910385747892,0.164741329526749,0.0165572282600528,0.0273454932100465,0.0946632703396639,0.0746161962306116,0.021653174813344,0.0105906365347694,0.0161965254573812,0.068709626996677,0.0127950617271488,0.0070056922316952,0.0083087096982594,0.0081526633380978,0.0079292195227689,0.0084085280006901
957.0,0.0066404660218456,0.170426895971953,0.0170709742452343,0.0286333537504346,0.0997831975182108,0.0709645013918957,0.0210372899549365,0.010441499517439,0.0157687412711137,0.0646974164883627,0.0130595095500325,0.0071331812359283,0.0084106029776686,0.0082158962449532,0.007923532864365,0.0083064368297729
958.0,0.0064898090439799,0.174921423891296,0.0171033266517635,0.0290274361200499,0.101066991897832,0.067676114121441,0.0203626968163658,0.0103212948829083,0.0153195647969146,0.0607473989613873,0.0130024424430936,0.0071051274366215,0.0082702617148903,0.0080321407286859,0.0077187924657453,0.0082035090619941
959.0,0.0065943043116185,0.177440055700898,0.0180168058745109,0.0311795693896268,0.107937410315831,0.0643328124081425,0.0198006730225689,0.0101850554505569,0.0148580920385745,0.0569703897672635,0.0135654721524356,0.0073709835904246,0.0085150054039946,0.0082045280929103,0.0078075735423749,0.008149321200837
960.0,0.0064006396838091,0.178070559136286,0.0177839836204926,0.0311822271520743,0.106961184362679,0.0608171139149438,0.0192473608066298,0.0100634379889741,0.014476101911349,0.0534190629287204,0.0133288389265205,0.0072381226952019,0.0082575438896817,0.0079759839356255,0.0075475483766698,0.0080239034159084
961.0,0.0064893677436785,0.1770764084428,0.0186018422113728,0.0332210811901562,0.11194802511062,0.057707731678488,0.0187364559817055,0.0100045736792271,0.0140892808362744,0.0504526652239334,0.013807802692758,0.0074777294979025,0.0084724141432706,0.0081240399219565,0.007622005690568,0.0079551278681102
962.0,0.0064204376657231,0.174291161844283,0.0187460270879269,0.0338952290371866,0.112134941478122,0.0544735472893469,0.018130163292534,0.0099272423608084,0.013677171163637,0.0475567564280563,0.0138637279214404,0.0074574351246448,0.0083593260592993,0.0080030589957695,0.0075138392800986,0.0078958389427753
963.0,0.0063798490122232,0.170094486755616,0.0193064061494959,0.0357296777006991,0.113938777092455,0.0522125822621593,0.0176161849376286,0.0098144450270633,0.0132861627151174,0.0446602448954391,0.0141201098701686,0.0075785900433108,0.0083773265701052,0.0079879353868071,0.0074240878314897,0.007812865356466
964.0,0.0063156586621585,0.16354013972175,0.0195600792210672,0.0366896848647247,0.113476490996883,0.0495224720277826,0.0171201321340597,0.0097154758988727,0.0129364823261542,0.042155045894724,0.0141947980879589,0.0076160489036662,0.0083892546966812,0.0079274711932054,0.0073558733200006,0.007736379237046
965.0,0.0064833967836347,0.157807155003574,0.0203829819246194,0.0388427697018161,0.116500982488398,0.0469072484190754,0.0166061071939629,0.009582917241652,0.012646048172988,0.0395349435681206,0.0147034319781993,0.0078892276409625,0.0086008343634265,0.0081624800202434,0.0075434914726514,0.0076913091479343
966.0,0.0065010348446912,0.149892527388224,0.0212613851230139,0.0414417463762102,0.11692456399127,0.0445113525025431,0.0162412530904135,0.0095165019357695,0.0123486296896478,0.0377729461577177,0.0151774252502454,0.0080945046202985,0.0087053130544135,0.0082559695026939,0.0075377093496895,0.0075832559054651
967.0,0.0065477998462058,0.141063264061221,0.021788990943088,0.0431328123570786,0.116448617576345,0.0421876950837205,0.0158103339515114,0.0093920028071466,0.0120332358173182,0.0357246502261204,0.0154562361713209,0.0082172230492886,0.008807527609308,0.0082711478584643,0.007543162934592,0.0074981748970469
968.0,0.0064688701894424,0.132164057215288,0.0222213423163887,0.0450335347763088,0.113087547268904,0.0403775731884212,0.015383755395777,0.0093149064452263,0.0117057701863138,0.0337639573053677,0.0155900118016569,0.0082490385613713,0.0087572598426008,0.0081703317257827,0.0074040644621591,0.0074397942734087
969.0,0.0064809372603685,0.122948834546443,0.0229774337457451,0.047557758524716,0.111921724301859,0.0382917944019936,0.0149772727601349,0.0092249104709202,0.0114104575587506,0.0319845791126623,0.0160135510851028,0.0084379315520089,0.0088991998675739,0.0082723045710523,0.0074729989359923,0.0073443327625406
970.0,0.0063195292384873,0.115607129928213,0.0229948575619796,0.0488567992232827,0.105411538292343,0.036696081285099,0.0145528395699764,0.0091046600894077,0.0111796910994085,0.0302992789262862,0.0158707858892145,0.0083537420546892,0.0087235748673379,0.0080532870370277,0.007229494006785,0.0072843750149045
971.0,0.0063930298299728,0.106808115837449,0.0238261108153832,0.0515515058292106,0.104152468299287,0.0348866782815684,0.0142542506779239,0.0090405831468311,0.0109242235300251,0.0290068654692096,0.0162963969015245,0.0085494233114193,0.0088527421727277,0.0081665723797858,0.0072840406476967,0.007260166870708
972.0,0.0063144366429963,0.0996783339738881,0.0244450683015511,0.0544887703714489,0.098403364428145,0.0331896372318766,0.0138867538569012,0.0089171746964307,0.0107180077780647,0.027580588240501,0.0165316934888682,0.0086148765978842,0.0087961235334247,0.008053387575023,0.0071735063093132,0.007208913172468
973.0,0.0064091108045417,0.0920101196650308,0.0253395551502901,0.0575289790965369,0.0967498350208728,0.0316840495939247,0.0135873477663832,0.0088167149644854,0.0104905164003293,0.0264364543845391,0.0170172184369816,0.0088410517783721,0.0089274251874511,0.0081734233522204,0.0072450450118678,0.0071484099479148
974.0,0.0063666264027357,0.0850243459224989,0.0261282846098467,0.0610328117164097,0.0917610941405008,0.030376821755225,0.013257339573831,0.0087367732540693,0.0102679134845636,0.0251826732566208,0.0173047072055374,0.0089616400276491,0.0089600269647054,0.0081895205652561,0.0072098536707714,0.0070641817372297
975.0,0.006401245085961,0.0785940360309764,0.0268647397410621,0.0640716859114194,0.0888823670759374,0.0290352342455044,0.012945107843511,0.0086836930871524,0.0100639215554483,0.0240816911156089,0.0176631663113383,0.0090950671739196,0.0090596004422518,0.0082121605052786,0.0072174798944115,0.0070687418025299
976.0,0.0061921479056886,0.0733597330319934,0.0270889722136162,0.0666164991701624,0.0816163881815087,0.0278124537196439,0.0126820695636419,0.0086182319731646,0.0098626745288723,0.0229954138715712,0.0175578238718229,0.0089969159907649,0.0088349777313258,0.0079998538228718,0.007007462950924,0.0070324529993128
977.0,0.0061908082169324,0.0678297832641293,0.0278483599102612,0.0700412587485953,0.0783679855593318,0.0265367358176094,0.0124515815954778,0.0085302302696764,0.009718806631972,0.0221455741014941,0.017902677865039,0.00914322425849,0.0089097119338635,0.0080201904843994,0.006992425596631,0.0069826485248391
978.0,0.0061445266230402,0.0630891340105882,0.0284726381747507,0.0737312766866364,0.0731687559720405,0.0255472225875999,0.0121951167919408,0.0084512140989043,0.0095559497298014,0.0212449100583758,0.0181086509399262,0.0091849706560028,0.0088625482322219,0.0079308796512022,0.0069041117117487,0.0069377059236446
979.0,0.0062296370940422,0.0583303583851712,0.0296791999862531,0.0784855050931082,0.0712908860397015,0.0245079192971476,0.011961810266803,0.0083888270533169,0.0093564527234176,0.0204343213900114,0.0186914194312852,0.0094516495076875,0.0090409990853467,0.0080797271693909,0.0070134769499795,0.0069183632877963
980.0,0.0062734935324986,0.0545437414841007,0.030644331495012,0.0824988421295162,0.0689172162050521,0.0235805430054677,0.0117110596652052,0.00834725053956,0.0092203349577465,0.0195915170978824,0.0190895533116707,0.0096425249073913,0.0091410723828113,0.0081288907196303,0.0070120894649902,0.0068855305729845
981.0,0.0062253208383975,0.050869698752745,0.0316936257746565,0.0877007251426551,0.0647840303788518,0.0226434039349208,0.011493860198278,0.008291886633402,0.0091135848518704,0.0189136296342869,0.0194749851964299,0.0097624600557298,0.0091632572068275,0.008128316906848,0.0070004056618555,0.0068603333172289
982.0,0.0060903040896977,0.047447281028053,0.031857663124982,0.0898883926620815,0.0603375281703364,0.021816654919586,0.0112911721137898,0.0082145445602845,0.0089884342434394,0.018278183676532,0.0193344173668714,0.0096651227307727,0.0089998616801138,0.0079499191277325,0.0068028147527514,0.0068495296886671
983.0,0.0061498958237879,0.044235383767272,0.0336692763551894,0.0972204294303776,0.057880042249893,0.0210103521690647,0.0110709577839602,0.0081542628604973,0.0088810846907682,0.0176207543496352,0.0201264698834747,0.0100193515974384,0.0092154036249493,0.0081199745156685,0.0068955537540853,0.006789352018913
984.0,0.0061516376350629,0.0415616011353493,0.0345509111956718,0.101317164654743,0.0556700943211907,0.0202614130058544,0.0108687181009377,0.008092776969965,0.0087416214181818,0.0170209109803905,0.0204447689539232,0.0101525021887769,0.0092693722067573,0.0081038402078884,0.006909369486445,0.0067679435014964
985.0,0.0060241085491551,0.0388541867598433,0.0354610301565949,0.105790082449949,0.0513194716692945,0.0195270202337994,0.0107191598229353,0.0080756986127516,0.0086257178661315,0.0165095579097862,0.02061459392141,0.0101719705409491,0.0091569227699112,0.0079762825087955,0.0067380023838768,0.0067483234550403
986.0,0.0060593181159872,0.0364368130928547,0.0365777568227215,0.110227880707858,0.0496861505688639,0.0189139458629806,0.0105219131872358,0.0080108073814918,0.008509484636568,0.0159866575976113,0.0210475271353263,0.0103843554392985,0.0092666952054095,0.0080531236729907,0.0067960005815455,0.0067333757053801
987.0,0.0060846834109082,0.0341488425350573,0.0384184459213903,0.116794547713926,0.047376120122793,0.0181928116759657,0.0103500904544519,0.0079392359524845,0.00842911739956,0.0155160920468389,0.0217322166322305,0.0106655406901128,0.0093880484329802,0.008139478678983,0.0068315932829623,0.0067273562474573
988.0,0.0060487984171853,0.0323146924893739,0.0393155012860677,0.119726989410103,0.0452597529824428,0.0176811714566364,0.0101882193293042,0.0078968628925514,0.0083568689548409,0.0150628380152893,0.0219724871835178,0.0107150483065471,0.0093772420130508,0.0080917657013356,0.0067345779331056,0.0067121359885922
989.0,0.005997482208115,0.0303281730445146,0.0410239682822742,0.124709225088687,0.0427473514879129,0.0171098827662893,0.0100445551160031,0.0078465590848756,0.0082906446125641,0.0146637984901383,0.022524654297963,0.0109254427081001,0.0094478095303558,0.0080990844553574,0.0067162083531391,0.0066941162644122
990.0,0.0059361579220611,0.028700915073357,0.0419321424510348,0.126737916981474,0.0406852085492565,0.0163983830977183,0.0098670812730347,0.0078490142814897,0.0082557650843947,0.014261213970915,0.0227247222628391,0.0109756536895823,0.009423502689931,0.0080308387654734,0.0066619080367291,0.0066851736273075
991.0,0.0059891212310933,0.0271018686718701,0.0440961770116299,0.131285242627425,0.0388874504590514,0.0158688790146217,0.0097241382083354,0.0077997752681913,0.0081862211492727,0.0138818448724471,0.0234436090067331,0.011279284401691,0.0095750217099186,0.0081314556516884,0.0067216044586341,0.0065708471446167
992.0,0.0058861482764348,0.025445751852409,0.0451170458006907,0.132243395934657,0.0371483516183462,0.0154313291208649,0.0095998132697467,0.0077642685996607,0.0080216959922841,0.0135506180629961,0.0236381024358523,0.0113537436186697,0.0095448548113167,0.0080708238231107,0.0066572923568514,0.0065156377568622
993.0,0.0059286594644354,0.0240516883543814,0.0467911749953927,0.134502237609045,0.0361245867850744,0.0149831906014867,0.0093277062690109,0.0077378026664166,0.0079484698714907,0.0130352971586756,0.0242159346909812,0.0115335145580291,0.0096285571602387,0.0081302285784421,0.006672281149273,0.0064851179004006
994.0,0.0059504605017081,0.0228771830077056,0.0493346892540279,0.136804105024348,0.0345767686183503,0.0146346808506765,0.0092481345833738,0.0077074175392172,0.0079067438986811,0.0127009416473136,0.0249898753611505,0.0118487638433304,0.0097867199096215,0.0082195101286464,0.0066917742971771,0.0064613888010592
995.0,0.0058996663664265,0.0217611679970872,0.050868122325195,0.136113020408514,0.0330268350025624,0.0142430844892832,0.0091233279386414,0.0075995850948798,0.0078579116093143,0.0124058909831958,0.0253639281605224,0.0119425359587615,0.0097698996793833,0.0081678125426025,0.0066381466151343,0.0064594530630761
996.0,0.005891205757182,0.0208528902356938,0.0532225247314744,0.135283600162278,0.0314577202325842,0.0138894824757545,0.0090020104592789,0.0075775853827137,0.007828786659094,0.0121299663451748,0.0259711736564206,0.0121613628944462,0.0098226392608988,0.0081972839396138,0.0066240026617949,0.0064354570316043
997.0,0.0058330875976825,0.0199215052524834,0.0547119539974962,0.133426504490699,0.030238748241266,0.0135160922351622,0.0089172166642507,0.007524473208069,0.0077814586816609,0.0119483844505062,0.0263137335428371,0.0122796793152534,0.0098401711168385,0.0081417331231048,0.006584755574846,0.006408933089074
998.0,0.0057446683117623,0.0190602187041871,0.0571399824291994,0.129021031349946,0.0283945406233353,0.0132216855940504,0.0088230623469049,0.007479251651697,0.0077618833075417,0.0117009384535653,0.0267785185325909,0.0123641399935356,0.0097723443247876,0.0080473131091946,0.0064815017828293,0.0063918676090257
999.0,0.0057903764285914,0.0182622460507326,0.0595680691970381,0.127923908381141,0.0277690326629568,0.0129154132886397,0.0087117860587265,0.0074776733472695,0.007745018199651,0.0114666140415188,0.0274845705624689,0.0126637964530028,0.0099546551542034,0.0081436139838408,0.0065479909214006,0.0063679449452066
1000.0,0.0057790701048206,0.0175442841094657,0.0628137245206735,0.123924174218891,0.0265457341898748,0.0126019656229801,0.0086034457194314,0.0074662742981619,0.0077195621749472,0.0112591637302773,0.0282871876247398,0.0129124544175337,0.0100203721631825,0.0081693501206371,0.0065351224974674,0.0063679449452066
1001.0,0.0057894639234149,0.0169209940013916,0.0656157613080098,0.12137960123898,0.0258952326009705,0.0123305432744915,0.0085008745364971,0.0074398308650577,0.0077591677130841,0.0110513804583201,0.0290406977439604,0.0131656850696978,0.0101391885324318,0.0082251968586351,0.0065976102985232,0.0063957841949735
1002.0,0.0059216649004811,0.0162583937545797,0.0711203332851273,0.118804824353839,0.025351989446787,0.0120809683186493,0.0083988252973724,0.0074203621409394,0.0077009687559167,0.0108872641244004,0.0306615596380052,0.0137719276858418,0.0104641342401446,0.0084604316465078,0.0067275611844507,0.0065231853406199
1003.0,0.0058208650413042,0.0156274999938977,0.0731809062086092,0.113142259214296,0.0242589829963301,0.0117845965866014,0.0083318740980548,0.0074161677144345,0.0076852025293143,0.0107254625291585,0.0309236339369026,0.0138199014342712,0.0104105865429973,0.0084028689369883,0.0066637423150609,0.0064309634621903
1004.0,0.00571006278096,0.0151039054552224,0.0746151002517368,0.107860558136104,0.02324269852091,0.0115610082667663,0.0082415346866311,0.0073972453213875,0.0076251702119396,0.0105694440771333,0.031051345523993,0.013777458082085,0.0103224394157526,0.0082856303444,0.0065611964347669,0.0063033002042052
1005.0,0.0057396115657239,0.0145224053084453,0.0797429488645256,0.102190118351859,0.0223652010444684,0.0113369602104451,0.0081479982136678,0.0073632694068982,0.0076619426859701,0.010408743229983,0.0322488920589554,0.0141568227229513,0.0104559218779239,0.0083590370626489,0.0065765534210569,0.0063261725700485
1006.0,0.0056400126276696,0.0140422236667436,0.0815015737573183,0.0965582222971605,0.0214116538306479,0.0110868392311911,0.0080855717261106,0.0073036220849693,0.007648674694232,0.0102803719693373,0.0323799745353156,0.0140731529967022,0.0103471876383189,0.0082290312265952,0.006460827362344,0.0062047959029799
1007.0,0.0057043556880186,0.0135165171289446,0.0877665799775669,0.0922055982750414,0.0209150421501007,0.0108873180536551,0.0079913001688345,0.0073134940382753,0.0075953107570295,0.0101646779984853,0.0339611244079036,0.0146089563980056,0.0105895564065422,0.0083898373933377,0.0065528426093865,0.00628707569201
1008.0,0.0056494214028459,0.0131027620858809,0.0912940609778158,0.0869120387822783,0.0201105271201901,0.0107496562055059,0.0079255076949949,0.0072555503025032,0.007543859063901,0.0100192935882058,0.0345939115470585,0.0147047971817511,0.0105560213950289,0.0083022442761338,0.006478915976653,0.006209298876683
1009.0,0.0056362206106398,0.0126476906632794,0.0966035253101462,0.0818881064960096,0.0194586351909157,0.0105431288266539,0.0078088499534696,0.0072411969485838,0.0075458753723787,0.0099063323118545,0.0357411361943279,0.0150213742342392,0.0107008721621759,0.0083328516238085,0.0064894543844951,0.0061893664618162
1010.0,0.0056206486672027,0.0123317481342442,0.100508107123916,0.0782827102480511,0.0189451191660306,0.0103853362948071,0.0077571390441581,0.0072013160472888,0.007534092323308,0.0098079420807051,0.0365602153959463,0.0152312046663839,0.0107522089691326,0.0083276705512373,0.0064924736724541,0.0061519652276338
1011.0,0.0055718895814755,0.0119871293575043,0.106474991143312,0.072252971214856,0.0180596939054,0.0101575461805489,0.0077282306842676,0.0071762200004245,0.0074916337476753,0.0097325999186961,0.0377490930804378,0.0154798705783962,0.0107855822380468,0.008315013709185,0.006441794100107,0.0061017006733033
1012.0,0.0056942526566323,0.0116956838638087,0.113215899417873,0.0709688225594511,0.0181183400991605,0.010034302627577,0.007652585206676,0.0071340611602533,0.0074560411543223,0.009648549054055,0.0395726964501866,0.016112474184446,0.0111430474883908,0.0085556459785511,0.0065890507471611,0.0062467568744543
1013.0,0.0056804734691612,0.0113721424899303,0.119549958001938,0.0664811292213888,0.0175083719449576,0.0098923910482383,0.0075813733773798,0.0071423540070121,0.0073884681935234,0.0095871532225003,0.0409956037605549,0.0164257526607967,0.0112329674672507,0.0085747811062949,0.0065644802182728,0.0062413810826821
1014.0,0.0056935755974201,0.0110631697305531,0.124475371465096,0.063663503177055,0.0171298229400513,0.0097822737257435,0.0075007039218823,0.0071399553126573,0.0073809324545727,0.0095211351776489,0.0421770422835933,0.0166886390476895,0.0113334016972048,0.0086019446320109,0.0065817431715665,0.0062078187288567
1015.0,0.0056704906437589,0.0108352349173115,0.131822601968273,0.0597788411592325,0.0166147485985769,0.0096006158606476,0.0074321217473839,0.0071453855993241,0.0073127791242626,0.009472191089401,0.0440388153847408,0.0171361179608497,0.0114907267840995,0.008673899585721,0.006588106112636,0.0062364218835528
1016.0,0.0057231847711612,0.0105674915396972,0.13762346002289,0.0575770824837219,0.0163924877946718,0.0094774121863503,0.0073954013762346,0.0070528385884862,0.0072801018219953,0.0094277504490388,0.04567288079898,0.017574501243077,0.0117006188395825,0.0087729384528615,0.0066568422193537,0.0062670460959743
1017.0,0.0057361871928922,0.0103644300820645,0.141766052384404,0.0552960873118515,0.0160868724688997,0.0093684713255166,0.0073774547334606,0.007051882638234,0.0072392101482812,0.0093855506865415,0.0468683504803804,0.0178392447877025,0.0117958447826561,0.0087869317173617,0.0066479496274729,0.0062446370499595
1018.0,0.0057005420455181,0.0101680299283642,0.148031980244483,0.0516888096695877,0.0155407275830391,0.0092576070160308,0.0073076777478707,0.0070122495370307,0.0071850340483496,0.009364990746228,0.048890119149087,0.0182112681874543,0.0119126434534888,0.0088167444883614,0.0066240931670608,0.0062121656866042
1019.0,0.0057201988567905,0.0099215689918215,0.152741785650319,0.0499328856331993,0.0153487300804003,0.0091303783309502,0.0072543995321411,0.0070194466817033,0.0071484852700854,0.0093571123940031,0.0505690424156701,0.0185836801222026,0.0120503128582486,0.0088646935312137,0.0066289815723473,0.006236131479166
1020.0,0.0057188694545595,0.0097777974656891,0.157740658980763,0.0470481014093039,0.0149547841251258,0.0090368529075587,0.0072231008823875,0.007010988763698,0.0071112071982487,0.0092687711264948,0.052799268948852,0.0190188543730964,0.0121866740994635,0.0089161606851846,0.0066427651062403,0.0062432562597312
1021.0,0.0056928377428166,0.009563513775166,0.160958780996847,0.0448153386456585,0.0145966711096756,0.008976882698401,0.0071826359440256,0.0070048510239627,0.0070802944604203,0.0092832632228317,0.0546491707267137,0.0193554583532736,0.012275836563695,0.0089326247650878,0.0066198634016418,0.006208176266063
1022.0,0.0056994043880172,0.0094877902456769,0.164900626792368,0.0425925017218717,0.0142993302213588,0.0089336546569182,0.0071173530128429,0.0070111391597902,0.0070652620216832,0.0092723339671262,0.0573153175554204,0.0199199442663296,0.0125071650724049,0.0090357366689993,0.0066746231365445,0.0062363301408713
1023.0,0.0056586044035811,0.0093577673797308,0.165087258546809,0.0406610043614069,0.0139337297410416,0.0088011183936914,0.0070978282540344,0.0070020240914229,0.0070533099682697,0.0092928808612149,0.0586457047466391,0.0200560968757347,0.012511432877759,0.0089779073035997,0.0066023905115332,0.0061612057605786
1024.0,0.0055555628879557,0.0092447974874371,0.163660806639334,0.0375577004311424,0.0133006036006763,0.0087557136494782,0.0071203425985326,0.0069710840160257,0.0070466999216028,0.0092887986296421,0.0607393299644857,0.020244224168013,0.0124590807998296,0.0088876888528218,0.0064928998637382,0.0060481589947551
1025.0,0.0055688238924607,0.0091257415878791,0.164108532029877,0.0364165090974758,0.0131475217679815,0.0086383749078128,0.0070657298395607,0.0069808550079141,0.0070340043106042,0.0092530645970454,0.0628723795271234,0.0207348055165533,0.0126365620832792,0.0089813778565958,0.0065510713064837,0.0060684234598503
1026.0,0.0056199587294486,0.0090123773082309,0.16454160072439,0.0348689972847667,0.0129589829013055,0.0085536163033354,0.0070397918162271,0.0070394013360467,0.0070246420317316,0.0092309337790429,0.0665941531548681,0.0214228505430949,0.0129047359484577,0.0091031292909672,0.0066036648784521,0.0060945952948302
1027.0,0.0056599893802035,0.0089142779886999,0.164611575764496,0.0339172226478119,0.0128440574461604,0.0084693997754157,0.006998919348065,0.007008007162953,0.0069756027511421,0.0092101915071506,0.0695565165419055,0.0219444266028815,0.0131208418042224,0.0091961220655805,0.0066438454709271,0.0061333901519964
1028.0,0.0057168337680464,0.0088433919213304,0.16292342560208,0.0325030751437272,0.0126817868175854,0.0084034330280646,0.0069497542394682,0.0070447282682246,0.0069612071487029,0.0091668752527065,0.0741323761234189,0.02275700329004,0.0134504114763603,0.009372215217494,0.0067293817729683,0.0061892812736958
1029.0,0.0056398193089211,0.0087572069331048,0.157706919105538,0.0309682054018567,0.0123152419450738,0.008327566519073,0.0069646969619638,0.007041566781408,0.0069232434970867,0.0091106219217318,0.0758940913614549,0.0228692774745704,0.0134194471365193,0.0093028364522697,0.0066444363902663,0.0060998553187411
1030.0,0.0057146802877228,0.0086813410421549,0.156658368526248,0.0304405992708624,0.0123387123222447,0.0082148209038841,0.0069445482484103,0.0070272745798799,0.0069428266877864,0.0090513346183712,0.0795662381292025,0.023622840009661,0.0137685149242239,0.0094930578671989,0.0067584272590454,0.0061858602658464
1031.0,0.0057546027982658,0.0086216766415013,0.151585627505235,0.0291157132461745,0.0121319500950752,0.0081787484219107,0.0068815822086344,0.0070215140821111,0.0069139401337294,0.0089919355533928,0.0848759484739323,0.0244390894276115,0.0140587351347795,0.0096352504414746,0.0068235826387453,0.0062349466349618
1032.0,0.0057376387152774,0.0085417412371847,0.14693935740877,0.0281425378780155,0.0119431188559502,0.0080974133844349,0.0068523374752258,0.0070213929752083,0.0068948079425325,0.0089457527068859,0.0877627023908133,0.0247845508793237,0.0141782285407496,0.0096418250265181,0.0067967350362427,0.0062044998446294
1033.0,0.0057348632177971,0.0084818845642186,0.140088968668551,0.0268527088052359,0.0116862348789359,0.0080310877693341,0.0068312645114166,0.0070176884503735,0.0068380489493552,0.008868881111063,0.0924711793045026,0.0253424828879003,0.0143582508775491,0.0097232271608075,0.0067844015951731,0.0061881124802726
1034.0,0.0057551427686356,0.008455421708819,0.1346076399325,0.025952541319873,0.0115211371105218,0.007984364181306,0.0068230758080832,0.0070105740249527,0.0068652993705348,0.0087695370646811,0.096978983512091,0.0259554604546302,0.0145910023468024,0.0098043621900492,0.0068147648498651,0.0062051935376303
1035.0,0.0056513749430312,0.0084122050250507,0.124977373977293,0.0243686084132548,0.0110674007180443,0.0079319492615763,0.0067874779540871,0.0070003622781124,0.006872943452794,0.0086946080261452,0.100415185495155,0.0265004456505892,0.0145856828782075,0.0098486587926277,0.0067449063736536,0.0061626894568523
1036.0,0.0057496659062659,0.00843814104287,0.122347828797299,0.0241339893367547,0.0111711340622281,0.0078395542770795,0.0068032481812773,0.0070174038837753,0.0068476767477913,0.0086189547685947,0.106377725997508,0.0272252087371933,0.0150400090869785,0.0099555869596453,0.0068407263609676,0.006208625601625
1037.0,0.0058489444086619,0.0083993088790439,0.116376487702348,0.0234505674000434,0.0111365590343931,0.0077950273931631,0.0068013903893853,0.0070072119320747,0.006831565079121,0.0085445350614113,0.115579423134027,0.0285097243178021,0.0155894911626314,0.0102218729016627,0.0069810467818324,0.0063213958714264
1038.0,0.0058323071912532,0.0083813015759468,0.111085381300611,0.0227015399181815,0.0109693628251787,0.0076987935132058,0.006747550358488,0.0070183290478654,0.006849354102871,0.0084205569794937,0.119240031033284,0.0289323678485571,0.0157088614279807,0.0102488627975461,0.0069794902052606,0.0063002651427814
1039.0,0.0057935912532252,0.0083529754530936,0.103660854541603,0.0216720874585938,0.0106741625396748,0.0077103377021762,0.0067526652808961,0.0070095594821174,0.0068517404813841,0.0083466471938401,0.12518140915274,0.029512109518378,0.0158541682790437,0.0102771724404459,0.0069488304416751,0.006250946153153
1040.0,0.005925085922199,0.0083016650079924,0.101866991746023,0.0216563798433856,0.0108321663564865,0.0076655800447498,0.006715237084667,0.0069858933723309,0.0068126563339499,0.0082802985413082,0.133760042804576,0.0308813459472377,0.0164926782824776,0.0106210207446612,0.0071438500043432,0.0064386297603833
1041.0,0.0058744106669048,0.008397572495712,0.096342663180293,0.0208722436337764,0.0106086265854018,0.0076004091137911,0.0066359064791899,0.0069733238380217,0.0068563737168558,0.00813787147135,0.137909645541114,0.0312899085239987,0.0165541500968907,0.0106128438125508,0.0071021939031682,0.0063756806806849
1042.0,0.0058746953437707,0.0083664653256313,0.0902808588807744,0.0201087569118386,0.0104399279337809,0.007560488220181,0.0066357643428362,0.0069775063063743,0.0068997630109746,0.0081638938606453,0.14606299539973,0.032222732435008,0.0168628946066827,0.010707374047852,0.0071520959836289,0.0063658875318664
1043.0,0.0058805101896573,0.008328277178053,0.0866114641108339,0.0196768659618579,0.0103082173182714,0.0075584622778982,0.0066719977851185,0.0069283397387873,0.0068821375219747,0.0080642708598599,0.150977985983752,0.0329436845819021,0.0171243074013935,0.0108043960049994,0.0071925287765309,0.0063929783553937
1044.0,0.0059561625744063,0.0083055709184306,0.0818831173376476,0.0191773157298372,0.0102831916646642,0.0075106612251395,0.0066907433582329,0.0069852172154079,0.0068934697750545,0.0080032010482562,0.16149220029342,0.0344754621343631,0.0177054355322339,0.0110730227664696,0.0073003980385506,0.0064778503086018
1045.0,0.006011049731389,0.008269409903548,0.0794668914929907,0.0189752539263605,0.0103109965362777,0.0074483553888171,0.0066225396176838,0.0070140768517083,0.0069218775347937,0.0079544539490026,0.168531638596567,0.0356014814794636,0.0181223572426983,0.0112615908107103,0.0074160755018583,0.0065553464435593
1046.0,0.0059767314018025,0.0082614868774348,0.0743965731175966,0.0182525483619915,0.0100958263945506,0.0074153302531554,0.0066132185085299,0.0070129152640458,0.0069262824618231,0.0078909179266938,0.174641563118955,0.0364933211498411,0.0183561069798905,0.0113233174312639,0.0074099410974603,0.0065393273603648
1047.0,0.0059496344890345,0.0082255586193491,0.07043953107818,0.0177020854139936,0.0099396976874366,0.0074055401398669,0.006617568138345,0.0070196681637586,0.0069583728081927,0.0078708230591746,0.179372278548414,0.0374153269323934,0.0186161131525768,0.0113813685341151,0.0074083875686746,0.0065310934476637
1048.0,0.0059490846434458,0.008224054866899,0.0662645115486771,0.0171384152737702,0.0097892084608868,0.0073502443007904,0.0065888879927078,0.0070339002448259,0.0069671976323442,0.0078092153769907,0.184667996120122,0.0386683450063772,0.0189433839897399,0.0115005622972724,0.0074371880281698,0.0065395575167403
1049.0,0.0059414922968361,0.0081721535096263,0.0636400382359288,0.0168025361875212,0.0097060670066179,0.0073092996050322,0.006602198852742,0.0070426945523827,0.006969716082702,0.0077970456640862,0.188045552201005,0.0396637769836059,0.0192544569953082,0.0115879491952198,0.0074684135966865,0.0065490917264566
1050.0,0.006015218151376,0.0081721535096263,0.0601504631567694,0.0164008835739334,0.0096400257201114,0.0073092996050322,0.006602198852742,0.0070426945523827,0.006969716082702,0.0077970456640862,0.194304265500511,0.0418607718450065,0.0199814565593935,0.0118791898048556,0.0075903072407508,0.0066347998368985
1051.0,0.0059979801400512,0.008123352271213,0.0578322675136453,0.0160628025555541,0.009542421606948,0.0072510716262611,0.0065436504616752,0.007006335067691,0.0069464889676906,0.0077745026736488,0.195520051897306,0.0428498962783007,0.0202205135682207,0.0119519701964821,0.0076047112452364,0.0066386952549519
1052.0,0.005989650196877,0.0080285923807232,0.0546912463078126,0.0156196674757845,0.0093822613002859,0.0071900469233713,0.0065020691194452,0.0069715795141123,0.0069266664592132,0.0077224677655656,0.196647991556545,0.0444913116904429,0.0206213592479419,0.0120952882024321,0.0076240142892895,0.0066220179665852
1053.0,0.0060421234668773,0.0080453013765143,0.0531405710213356,0.0154456237080958,0.0093846867915237,0.0072076661983533,0.0065398181041448,0.0070261037316673,0.0069960139716148,0.0077543571056339,0.198423535366414,0.0461984727166438,0.0211220208445261,0.0122954591010788,0.0077267402789029,0.0067190993035823
1054.0,0.0060410548134513,0.0079750278165283,0.0509107251054931,0.0151241538710944,0.0092793361854189,0.0071472550040939,0.0064916316408366,0.0070056328083806,0.0069648937996769,0.0077104035041658,0.196800733210689,0.0475549099750868,0.0214227353111701,0.0124090813927859,0.0077482541710935,0.0067129271051284
1055.0,0.0060084045376307,0.0078642258238412,0.0478101640701694,0.0146128044384902,0.0090944593866982,0.0070256647659981,0.0064321472424006,0.006956359930781,0.0069194631434197,0.0076221609171721,0.192809575596772,0.0496302778033063,0.021850414795631,0.012533339509288,0.0077722410161093,0.0067132406113837
1056.0,0.0060305379538004,0.0078733239680543,0.0464598771298157,0.0144424115805852,0.0090790753743938,0.0069960608416763,0.0064115630504476,0.0069688996686033,0.0069536730646678,0.0076379841374836,0.190845269052446,0.0512994548735679,0.0222689442300224,0.0127106282145564,0.0078436815077342,0.0067263040071944
1057.0,0.0061457539465417,0.0079114238328865,0.0445624298651161,0.0142403879038007,0.0090807430827708,0.0070430336608658,0.006477588463691,0.007044246751162,0.0070513889042917,0.0077137662557389,0.188102992474374,0.0549283650691125,0.0232362419934041,0.0131118078852538,0.0080316035402799,0.0068796751788046
1058.0,0.0061846408958148,0.0078597699050502,0.0423921362849652,0.0139228325582747,0.0090130261568525,0.006985653524315,0.0064911783826469,0.0070582534390465,0.0071004102884527,0.0077201228443897,0.181585457636046,0.0582207729746966,0.0239277903542307,0.0133849027314546,0.0081132738207367,0.0069253063225279
1059.0,0.0061381707987373,0.0077576256460881,0.0407992108703629,0.0136197851871132,0.0088766023116498,0.0069234231660726,0.0064338701236451,0.0070139377795549,0.0070328097676444,0.0076375068034242,0.175571115763374,0.0598301906522561,0.0241959440583336,0.013436001651974,0.0081223638812039,0.0068935462078891
1060.0,0.006135040323872,0.0076910568364454,0.0385954980912507,0.0132284168471169,0.0087309620240339,0.0068584260847589,0.0063633354290494,0.0069886347152234,0.0070420203933371,0.0075751816749894,0.166201280635911,0.0633727282745333,0.0247949090717631,0.0136574390244792,0.0081847166736586,0.0069336424520463
1061.0,0.006154828751089,0.0076575324772826,0.0375315177921178,0.0130722080242715,0.0087156542542814,0.0068350922589582,0.0063666807896633,0.006998957114702,0.007043917172579,0.0075659444534968,0.161033857301745,0.0660188321612755,0.0253097861439274,0.013834267857976,0.0082539887611226,0.0069530982301785
1062.0,0.0061223364847907,0.007524513175191,0.0355358015812527,0.0126590095391457,0.0085514068144474,0.006727762545263,0.0063127910194173,0.0069222320584969,0.0069967708207483,0.0074845834696125,0.15121513861988,0.0693495008667656,0.0257786354441003,0.013920261979959,0.0082554567718677,0.0069375005062692
1063.0,0.0061700039248319,0.0075295475747025,0.0343720005860038,0.0124860851368741,0.0084779441595898,0.0067110680521953,0.0063073779285922,0.0069821083987491,0.0070326183232165,0.007500021381508,0.144411169820309,0.0734117624985172,0.0265395051906047,0.0142209178189255,0.0083862894881914,0.0070016978132064
1064.0,0.0062574972249856,0.0075487018327694,0.0332574271736412,0.0123535672505983,0.0084980976516095,0.0067342079342568,0.0063599579664235,0.0070262589572708,0.0071144917732964,0.0075477553532278,0.137144288922356,0.0789588517129284,0.0275834835069806,0.01461089201104,0.008543393613287,0.0071246181340962
1065.0,0.0062784138560139,0.0075147175642036,0.0323735432862076,0.0122148859436247,0.0084187525741937,0.0066963558433697,0.0063433538232921,0.0070338041151468,0.0071168382692661,0.0075300879985212,0.131341279297245,0.0825727770534135,0.028129108534271,0.0147893640016929,0.0086010755167478,0.007149292436485
1066.0,0.0063096889783474,0.0074730230722701,0.0307897864378944,0.0119038767924794,0.0083193723816823,0.0066504600330209,0.0062947955763062,0.0070457620920555,0.0071170977622751,0.0074825829520023,0.121792053505737,0.089027386033519,0.029060914634409,0.0151028953572484,0.0087020624859304,0.0072078413864174
1067.0,0.0063847981752425,0.0075043917962157,0.0302771885152235,0.0118707331047614,0.0083539378837394,0.0066862247460157,0.0063563593868971,0.0070869065656471,0.0072166309777346,0.007548243054633,0.117522340804564,0.0943568352677625,0.0300385574346328,0.0154631760176356,0.0088902413287547,0.0073319900317483
1068.0,0.0064466045989838,0.0074657666012127,0.0290902896091573,0.0116486640578234,0.0083067247879403,0.0066557819276057,0.0063468241438267,0.0071428809088824,0.0072300538856903,0.0075540515097908,0.109770601080545,0.101489910555097,0.0311127918920471,0.0157928997796515,0.0089929184640366,0.0074035982700915
1069.0,0.0064672648004756,0.0074735422011402,0.0284058073460139,0.0115358594532216,0.008277549099192,0.0066457508051268,0.0063542852516737,0.0071767067147914,0.0072834267551944,0.0075605018628838,0.105096775781659,0.10696941507593,0.0319434725848044,0.0160512102476717,0.0090932654638307,0.0074651331165605
1070.0,0.0065108695052461,0.0074440455008235,0.0273290252376282,0.0113335109907947,0.008202240403041,0.0066101754924931,0.0063663438588923,0.0071960014750448,0.0073260041655713,0.0075616390487025,0.0976667882394506,0.116151011433516,0.0332740307592119,0.0164532418549553,0.0092396340830248,0.0075428460825632
1071.0,0.0064857200148164,0.007349435504126,0.02632348941803,0.0110845335892074,0.0080813684126644,0.0065214340358533,0.0063174089263733,0.0071415068102255,0.0072692942619921,0.0074751333349257,0.0922378667251484,0.121309848509824,0.0338432255997776,0.0165812826862342,0.0092406403920293,0.0075489785482659
1072.0,0.006532306522855,0.0072796811536114,0.0253581595779714,0.0108779250581584,0.0079902165865961,0.0064888563805196,0.0062672077353303,0.0071490324424026,0.0072892857633921,0.0074596957169489,0.0860761350701982,0.129811912246313,0.035053327446634,0.016853189386031,0.009342370683015,0.0075789826844387
1073.0,0.0065282091948489,0.0072741637673852,0.0247277289640989,0.0107522585760816,0.007964101064696,0.0064475192500474,0.006252157119125,0.0071440139116857,0.0073049845498387,0.0074542250261566,0.0821144609014416,0.136201608859608,0.0359616374359655,0.0171094812101697,0.0094003775558122,0.0076222534959301
1074.0,0.0065766007427982,0.0072601055092317,0.0238414603956291,0.0105752623243252,0.0078755055834083,0.0064046478036376,0.0062520454048792,0.0071416628199963,0.0073437032877451,0.0074701483520493,0.0765047236093272,0.146312833332615,0.037493080757215,0.0175285353387946,0.0095617898906232,0.0077149149150739
1075.0,0.0067037204052986,0.0072557138160366,0.0233056958247549,0.010511653291751,0.0078900847001152,0.0064583686811446,0.0063063270709793,0.0072500755088326,0.0074310556082689,0.007492152241377,0.0725670062415108,0.15717037824472,0.0394531508295804,0.0180398465641274,0.0098028126970075,0.0078548246972108
1076.0,0.0066827766755393,0.0072109398504245,0.0226040276911111,0.0103241651261796,0.00779861708571,0.0063801233631225,0.0062723188657155,0.0072326016195085,0.0074157729343972,0.0074439993039257,0.0688796637928401,0.162867916328025,0.0404145158910264,0.0182250611453684,0.0098524142839522,0.007862455232187
1077.0,0.0066918023061851,0.0071262618427588,0.0217234986186943,0.010075808105795,0.0076864756513803,0.0063350528351223,0.0062448880400099,0.0072048355117407,0.0074205685890979,0.0074114614480398,0.0640367913735552,0.170750137973591,0.0419755136862469,0.0185235746375863,0.0099288854013014,0.0078976426706816
1078.0,0.0067371708954647,0.0071181180402338,0.0213556239222219,0.0100008177440275,0.0076682167118189,0.006326375262124,0.0062285015591804,0.0072370063010889,0.0074632645506928,0.0074499778768617,0.0617495488726017,0.176250525564964,0.0432537177094408,0.0188419020898448,0.0100594106874413,0.0079720042987021
1079.0,0.0067613722618116,0.0070576018790029,0.0206058080032148,0.0098006444857357,0.0075820238488084,0.0062763236365765,0.0062289887726094,0.0072153237945937,0.007455309217228,0.007396807696231,0.0576996484282096,0.18228970093799,0.0450281706996605,0.0191635751620813,0.0101733798850868,0.0080451707070435
1080.0,0.0068632343824464,0.0071092614031473,0.0204457381090295,0.0098106611820414,0.0076330009273589,0.0062919755215922,0.006280290238282,0.0072968543556106,0.0075763473409214,0.0074744171242079,0.0560587530940269,0.187660161415098,0.0469454972421589,0.0196480964997744,0.0103860607461498,0.0081624460870238
1081.0,0.006930854000918,0.007121755131417,0.0199363171607405,0.009715715853674,0.0076165180846164,0.0063098990107159,0.0062940603104621,0.0073645913158142,0.0076567413651403,0.0075139126125353,0.0532115786398534,0.192547161330466,0.0494012448777377,0.020165809543659,0.0106074853742282,0.0082931694833657
1082.0,0.0069758063376986,0.0071378772636968,0.0195609461308494,0.0096235039211391,0.007593610751183,0.0062925370833837,0.0063098176935469,0.0074015562725108,0.0077149159149605,0.0075498066185253,0.050950584064209,0.195034041849647,0.0513914078046641,0.0206085147094064,0.0107934506098526,0.0084111092540695
1083.0,0.0069850883193826,0.0071108233830756,0.0189688033558591,0.0094832655039474,0.0075144921237914,0.0062546969472015,0.006271876611599,0.007374920935338,0.0077407652611784,0.0075222787293174,0.0480802318499458,0.194826217623576,0.0536724187502596,0.020965995474445,0.0109229327395741,0.0084599936531416
1084.0,0.0069953984359366,0.0071033188384722,0.0185935212026992,0.0093805832336905,0.0074624718474744,0.0062204637014452,0.0062536543349643,0.0073807240779647,0.0077583520893782,0.007517597208582,0.0462334678479999,0.193606528859091,0.055403152402543,0.0212618174020256,0.0110420680104244,0.0085240429368163
1085.0,0.0070385130462818,0.0070853121064597,0.0181055602117033,0.0092657400945897,0.0074241451395064,0.0062001725684858,0.0062672084874179,0.0073795391639573,0.0078200499822485,0.0075482625466721,0.0436007754444897,0.190524033670223,0.0587390615715762,0.0218481692943614,0.0112710214822492,0.0086617926786377
1086.0,0.0069892439381437,0.0070296768728024,0.0176519461926659,0.0091046447825336,0.0073279274725717,0.0061223643368988,0.0062031731274111,0.0073093647738784,0.0077866674867521,0.00747080134593,0.0418186835479867,0.185873991179129,0.0601407069887192,0.0219659294818294,0.0112876604251789,0.0086545260347128
1087.0,0.0070929286058455,0.0070827185775561,0.0174020487022137,0.0090806889780024,0.0073602024995851,0.0061679023371107,0.0062616443855035,0.0074083256288327,0.0079340480703917,0.0075590747143961,0.0401416246144849,0.181638202622784,0.0641377716643462,0.0227032158268295,0.0116311051515021,0.0088274688760818
1088.0,0.0070731409764054,0.0070483360839887,0.0170733340775133,0.0089773745149448,0.0073070417186925,0.0061171457841884,0.006230623857863,0.0073667680164713,0.0079538192190196,0.0075526412551121,0.0386467999233748,0.176191354436147,0.0664011674874047,0.0230024810871778,0.0117449855027272,0.0088835715914834
1089.0,0.0071109712434268,0.0070311226806425,0.0166337731936972,0.0088681240640135,0.0072491198932042,0.0060970186964399,0.0062243748121173,0.0073670571957492,0.0079944328670915,0.0075687570633984,0.0366794871627518,0.16739985338562,0.0704619262131004,0.0235845075851831,0.0119568369474607,0.0089919274224663
1090.0,0.0070831539419585,0.0070132187075095,0.0163049608743535,0.0087514518415773,0.0072051334462166,0.0060682376397553,0.0061945513491583,0.0073591682689174,0.0080193423715952,0.0075510171558835,0.0353872751881064,0.160416609516468,0.0731791503609831,0.0238914278598174,0.0120522758763617,0.009044936963782
1091.0,0.0070881318003889,0.0069893682360097,0.015933861496488,0.0086392190684822,0.0071376973002542,0.0060032947727524,0.0061643009940568,0.0073266712170193,0.0080665792646909,0.0075391451582225,0.0337134667374895,0.15087029875785,0.0773178953044326,0.0244258781427519,0.0122296020444365,0.0091398107540616
1092.0,0.0070610534038039,0.0069368950282496,0.015644057778892,0.0085556024468961,0.0070981277766977,0.0059718056088698,0.006127872042876,0.0072748066257924,0.0080437229411966,0.007494019519922,0.0325436231189196,0.143322151364428,0.0804003796746239,0.0246910143744083,0.0123287726734569,0.0091678089656357
1093.0,0.0070202199655402,0.0068769682428986,0.0151181783419004,0.0083645003452374,0.0069779111840381,0.0058827090423387,0.0060461580039422,0.0071996232138229,0.0080569806430874,0.0074630654966912,0.0306695922974066,0.131886951019966,0.0852609334993687,0.0251641446234046,0.0124541598435173,0.0092234085882619
1094.0,0.0071975823115113,0.0070245590152103,0.0152795754547829,0.0085006898724157,0.0070987951105339,0.0059886895784645,0.0061724163603137,0.0073607260571758,0.0082758009691572,0.0076200587788523,0.0305469079572772,0.129361788074478,0.0904719409859549,0.0261399113518872,0.0128875016412127,0.0094968263802558
1095.0,0.0071576122955582,0.0069654419964631,0.0148335559799194,0.0083549112912857,0.0070122173074851,0.0059149188399131,0.0061170114830385,0.0073061000330539,0.0082986928828973,0.007589711794485,0.0290169714485304,0.118674787265551,0.0963629936609003,0.0267166637208893,0.01305856019967,0.0095687114119255
1096.0,0.0071687572980869,0.0069702556456579,0.0145711817357248,0.008261670179686,0.0069739853872585,0.0059104517801262,0.0061085978984193,0.0073123478298463,0.0083839486705859,0.0076214342721871,0.027809646844416,0.109540370064186,0.103770756473825,0.027533143741565,0.0133515900188454,0.0097194449189978
1097.0,0.0071964616253111,0.006947977885175,0.0144248991223022,0.0082410181098403,0.0069450236010771,0.0059038815417377,0.0061368620715846,0.0073067343340194,0.0084022044747775,0.0076348398024756,0.0272375367576948,0.104824578867705,0.107971313946515,0.0279747279392367,0.0134960346103961,0.009787780263903
1098.0,0.0072424269715836,0.0069935510720274,0.0141318070151111,0.0081429158352298,0.0069193328197357,0.0058899302272449,0.0061389810758089,0.0073463663896941,0.0085330608724857,0.0076949743555724,0.0261677765852371,0.0971092766429551,0.11699910008774,0.0290175250520511,0.0138918985248262,0.009993735565282
1099.0,0.0072389007893788,0.0069998158532345,0.014001096562774,0.0081167687857638,0.0068841152133571,0.005869057412977,0.006127786135901,0.0073088401271347,0.0085956562039873,0.0077030692465446,0.0255262197560954,0.0922504962709313,0.121862548741289,0.0295995852308612,0.014072480819417,0.0101001487539993
1100.0,0.0073137559678551,0.0070399791004883,0.0138563418809744,0.0080803212976277,0.0068917147959332,0.0058978988548998,0.0061810083076523,0.0074045608406885,0.0087315660957073,0.0077806503758282,0.0248075650584577,0.0860668435520772,0.131726031715173,0.0306462973317679,0.0144269046757166,0.0102999507629198
1101.0,0.0073056910401695,0.0070145980733717,0.0136269610014577,0.008001738053599,0.0068537751061204,0.0058663822298064,0.0061715988543882,0.0073579384509883,0.0087572545709414,0.0077742150913102,0.024042849624495,0.0808001971192328,0.138543008249565,0.0313130349156524,0.0146030447459848,0.01038242996237
1102.0,0.0073437638707476,0.0070303376021792,0.0134399700410305,0.0079680683979554,0.0068449723887106,0.0058645168303424,0.0062058483079906,0.0074071277298254,0.0088424711311075,0.0078119929801219,0.0233179039089303,0.0754801703341552,0.148025966690716,0.0323117455469786,0.0149503411376512,0.0105472667405547
1103.0,0.007381266550307,0.0070221286296302,0.0133102481841676,0.00791318399502,0.0067975558804668,0.0058744228006177,0.0062196932857254,0.0074192165068639,0.0088930051242376,0.0078267862799171,0.0227660771858391,0.0719983614559117,0.154844911046167,0.0330894459575406,0.0151816782258969,0.0106702607625308
1104.0,0.0073890493429259,0.0070194867206593,0.013010436959952,0.0078053181013962,0.0067538022886474,0.005834691026041,0.0062001693215501,0.007414653903167,0.008969042554573,0.0078441536965961,0.0218673088956263,0.0664907204115539,0.165605890443037,0.0342852225670639,0.0155179203074875,0.0108496482514997
1105.0,0.0074965112583642,0.007112918717845,0.0130110109712189,0.0078432109179999,0.0068066240546271,0.0059003710034426,0.0062878092621396,0.0075452667234848,0.0091493821143931,0.007965546506203,0.0216492680512525,0.0646330458678026,0.174305732100686,0.0354861038467539,0.0159576998439984,0.0111095309734731
1106.0,0.0075384649505739,0.0071044855716753,0.0128895419699108,0.0078221899907019,0.0067972177534276,0.0058777005941209,0.0063006884687469,0.0075434772278017,0.0092031512709231,0.0079690908216497,0.0210922768610857,0.0603623397297328,0.183679588811166,0.0366750387921273,0.01626948432592,0.011302298521922
1107.0,0.0075588529885717,0.0071423966511558,0.0127327192340222,0.0077655856861071,0.0067750195143332,0.005869412081486,0.0063032658707703,0.0075638733378217,0.0093483487511,0.0080725479395242,0.0206447632290757,0.0577704976949129,0.190335196969224,0.0376221430242206,0.0165197170838207,0.0114768170710197
1108.0,0.0077082493411801,0.0072245181415366,0.0126969238038574,0.0077981800842017,0.0068414773163361,0.0059452561633457,0.0064119323542433,0.0076834315909799,0.0095160888052089,0.0081800112845855,0.0202832008123982,0.0547139626243959,0.201984915128417,0.0395460699218812,0.0171250401480005,0.0118131689734431
1109.0,0.0077168799268482,0.0072104574394126,0.0125688485907909,0.007751498164774,0.0068199741977828,0.0059431029660941,0.0064258277708651,0.0076946369442604,0.0095584887386644,0.0081887532579192,0.0198569638729772,0.0523414889156689,0.207527395857689,0.0405322389711934,0.0173842486125378,0.0119629407366063
1110.0,0.0077381480303296,0.0072067790938712,0.0123306462701223,0.0076628006513354,0.0067605362369243,0.00589579023641,0.0064110962326038,0.0076896240478451,0.0096130943944172,0.0081915269294873,0.0192331414655607,0.049149496773214,0.213507299126775,0.0419166312324791,0.0177161295034044,0.0121465079525261
1111.0,0.0077747658602895,0.0072262159771768,0.0122510828014243,0.0076316488497704,0.0067584005594397,0.0059093925732545,0.0064480346991837,0.0077262337926804,0.0097152717819874,0.0082549134576029,0.0189029510946403,0.0472202640012744,0.217795212121916,0.0431710886472993,0.0180278486077709,0.0123630931883209
1112.0,0.007802600067443,0.0072499217895009,0.012086705728284,0.0075738076379235,0.0067275815935758,0.0058779478958475,0.0064536630403252,0.007722905460945,0.0098006792380742,0.0083109572762675,0.0183629143982636,0.0444456558557973,0.221801450707026,0.0449269660700674,0.0184475509347178,0.0126140042891237
1113.0,0.0078676569795553,0.0072637695852982,0.0119604369387631,0.0075471188551996,0.0067010775635076,0.0058879226024602,0.0064629233416783,0.0077794681013212,0.0099380593111658,0.0083709140836319,0.0179277658324996,0.0421194917921596,0.224232056737677,0.0468339563947941,0.01888090957675,0.0129109916027506
1114.0,0.0078936188370706,0.0073071540321475,0.0118652723597986,0.0075270559851114,0.006693256595403,0.0059030014459234,0.0064884011328168,0.007780873177372,0.0100263952773337,0.008438918889737,0.0176557344470569,0.0406161397117863,0.22491743700528,0.0482862134809467,0.019218120797518,0.0131281724413117
1115.0,0.0078697071907945,0.0072216797826394,0.0115900376118039,0.0073928134614561,0.0066028777350279,0.0058261549942565,0.006443781452404,0.0076988104420018,0.0100220805224172,0.008383788978059,0.0170497390074432,0.037910443716193,0.220535757757717,0.0497936022467697,0.0194108913490662,0.0132811187633156
1116.0,0.0079451395911385,0.0073099310241233,0.0115848477591409,0.0074094248880241,0.0066377567379476,0.0058870559103086,0.0064989445836193,0.0077787938957664,0.010190352927507,0.0084980270554813,0.0168885965499709,0.037034488060131,0.220611774317639,0.0516697008302845,0.0198761469772257,0.0135896973192238
1117.0,0.0079821430151613,0.0073194128698878,0.0114483835950269,0.0073569833553786,0.0066195288098018,0.005869675331077,0.0064845814543024,0.0077819861300221,0.0102892352846541,0.0085325203138222,0.016492789115897,0.0349362563927858,0.215136403969199,0.0541097550723453,0.0203314168981397,0.0138943518114343
1118.0,0.0079942238851378,0.0073111706308868,0.01131657032023,0.0072876834593348,0.006571142394525,0.005852414337977,0.0064571764195883,0.0077674649900864,0.0103495276951105,0.00857281612329,0.0161820092673573,0.0336790866564051,0.210343573552061,0.0556802662401153,0.0205867230835852,0.0140860724392141
1119.0,0.0079853396981119,0.0072819906131713,0.0111316935710746,0.007204507908566,0.0065046119078906,0.0058063216816639,0.0064177663240344,0.0077068426687005,0.010406090852431,0.0085660297080487,0.0157453647873147,0.0318076206868404,0.201794913810343,0.0578955252778397,0.0209017071214021,0.0142976384791497
1120.0,0.0079951144642431,0.0072894900455041,0.0110124014297356,0.0071654685350978,0.0064952691053375,0.0058015221973116,0.0064053592833074,0.0076827860923702,0.0105004914824801,0.0086122249403518,0.0154849451942211,0.0305248303820394,0.194327084543986,0.0602080107584108,0.021242255966585,0.0145856295688149
1121.0,0.008087301164536,0.0074000169123572,0.0109314539006132,0.007163514445429,0.0065428026757974,0.0058244968711923,0.006458339047424,0.0077451868108683,0.010737586193661,0.0087624349469655,0.0152478566827825,0.0293930073463951,0.187056531488755,0.0637754170535921,0.0218989634365626,0.0150464046489584
1122.0,0.0081537858597687,0.0074236582074684,0.0109475549612913,0.0072143256570069,0.0065570680554666,0.005848033567891,0.0064780953422361,0.0077699409422987,0.0108425548122389,0.0087935602250625,0.0151265322057292,0.0285290506689441,0.180802750597687,0.066272428334624,0.0223232393255935,0.0152971654289338
1123.0,0.0081003694175018,0.0074237908467762,0.0107224458429253,0.0070752919160422,0.0064582162503238,0.0057917859644711,0.006413206345635,0.0077068847249256,0.0109855883672684,0.0088657074340645,0.014619493364326,0.0268699946180462,0.167633788546387,0.0701020872165589,0.0227366067052759,0.0156406050775342
1124.0,0.0081963876963738,0.0074876404315845,0.0107317314225411,0.0071164458730373,0.0065090415145519,0.0058281606304682,0.0064610834277465,0.0077489465887984,0.0111253636848579,0.0089553447037496,0.0145540264513284,0.0262995965509229,0.162678548575363,0.0730220827768958,0.0232921774806309,0.015984801702391
1125.0,0.0081788836587647,0.0074563321098168,0.0105898227083049,0.0070409305425861,0.0064559350276186,0.0057998947222796,0.0064087468689389,0.0077110185948336,0.0111550723288895,0.0089323486618696,0.0142012897988599,0.0249408282636837,0.151360375325122,0.0765990845249035,0.0236521354567392,0.0162075245719957
1126.0,0.0081662195539482,0.007436028557046,0.0104313968607426,0.0069768109916331,0.0064126261823205,0.0057768149869012,0.0063861268171628,0.007659622465233,0.0112336844314349,0.0089558957232415,0.0139657258496666,0.0240615589179139,0.143747334416764,0.079405535550423,0.0239780334475962,0.0164070227773085
1127.0,0.0082640957817641,0.0075325881811052,0.0104032015145193,0.0069821370024304,0.0064376373680421,0.0057921512465191,0.0064167524925539,0.0077068435773413,0.0114983360947463,0.0091232213409633,0.0137931133562552,0.0231416368852431,0.134470569638926,0.0850448566228331,0.0247728191776525,0.0169190273201578
1128.0,0.0083576915587382,0.0076108939158726,0.0103567247466104,0.0069887191494362,0.0064671879579089,0.0058404176366713,0.0064739222237075,0.0077563253370337,0.0117220941153696,0.0092244457349832,0.0136706042427656,0.0226305478564604,0.128738223484539,0.0896890922829848,0.0254636126375933,0.0173460080441098
1129.0,0.0083671355286695,0.0076280990809044,0.01025444093716,0.0069463265300789,0.0064253915100513,0.0058286595283203,0.0064434741321952,0.007716008816476,0.0118812711816571,0.0093024262497589,0.0133980417798759,0.0216397727574164,0.119578090927375,0.0947861776878833,0.0260179645478328,0.0176608520947297
1130.0,0.0084320390902727,0.0076850009092051,0.0101923699657904,0.0069327763023349,0.0064386729345371,0.0058391190949994,0.0064651562664647,0.0077578663836462,0.0120712349105287,0.0093727277031831,0.0132092203579554,0.0208246814087251,0.111297375354804,0.101720622167376,0.0269310364315607,0.0181929819040857
1131.0,0.0084728896077729,0.0077158145251018,0.0101116477962644,0.0068905527845884,0.0064166028291244,0.0058542736113402,0.006470266625573,0.0077403289811055,0.0122327091825575,0.0094382610033077,0.0130441537608272,0.0202437880401887,0.105716904944533,0.106517750901937,0.0275276882913626,0.0185013096324597
1132.0,0.0085141985045462,0.0077501890274578,0.010021526098986,0.0068588526607861,0.0064003510777643,0.0058576968222639,0.0064676023254726,0.007762444348537,0.0124297767449299,0.009512294111375,0.0128570631673991,0.01952723057633,0.0988104012408259,0.113010211137244,0.0283175890836363,0.0189124904806969
1133.0,0.0086082699550223,0.0078533926754758,0.010041350388833,0.0068954094325485,0.0064443268200852,0.0058993486051175,0.0065179679728144,0.007832560409636,0.0126756989150835,0.0096584604896669,0.012799872551116,0.0191916149026499,0.0948471372175961,0.119067812582107,0.0291725736633614,0.0193940831423445
1134.0,0.0086604521643645,0.0078617854128314,0.0099369649449214,0.0068340292586416,0.006417785778723,0.0059019812468508,0.0065070212395859,0.0078179099923285,0.0128992569117197,0.0097117361184904,0.0125413739632249,0.0184387284149721,0.0879241188105349,0.126589360470492,0.0300677085112475,0.0198410929903254
1135.0,0.008687942817191,0.0078657688041214,0.0098890577816609,0.0068219775001014,0.006420802779595,0.0058946449412067,0.0065317750735549,0.0077715343036991,0.0129791559422421,0.0097186600313783,0.0124198257876416,0.0179824661065443,0.0840618280848761,0.130680636840107,0.0305947998974338,0.0200260025340177
1136.0,0.0086943663092481,0.0078885131609824,0.009713734254529,0.0067115197490194,0.0063572671539537,0.0058647974743434,0.0064876351703071,0.0077632729166056,0.0132131741652272,0.0098201269506002,0.0121257032616681,0.0173105678107734,0.0780739675408683,0.138074379601577,0.0315206430299381,0.0204697016408491
1137.0,0.0087383287916532,0.0079209965153182,0.0097163706526501,0.0067271542555181,0.0063602448787616,0.0058810925080586,0.0065151466472056,0.0077926597703166,0.0134274455550337,0.0099144984661545,0.0120589156504501,0.0169674529323933,0.0748712538394275,0.14318544114971,0.032299225535793,0.0208374002126713
1138.0,0.0087977868841291,0.0079546153340981,0.0096338175757242,0.0066959577239062,0.0063618265962641,0.005881367903673,0.0065455641679527,0.0078046280465972,0.0136809022012369,0.0099715220382962,0.0119056540587758,0.0164696088704981,0.0704056496815594,0.150150488917068,0.0334247761901194,0.021337560131883
1139.0,0.0089314765598554,0.008052971058435,0.0096199467584533,0.0066940839890899,0.0063920951257706,0.0059483420389054,0.0065998280913035,0.0078659511974063,0.0139744703204423,0.0101149107697107,0.011821096920099,0.0162041328367012,0.0674984706685763,0.15639620745829,0.0345829878401846,0.0218799941790581
1140.0,0.0089549935540902,0.0080654702614527,0.0094729968727458,0.0066424566587399,0.0063406351065295,0.0059250141632011,0.0065940756363507,0.0078646401722727,0.014228941483022,0.0102032665996095,0.0116054265329733,0.0157037997165322,0.0634244217764057,0.161880946043448,0.0357078627992123,0.0223341703138354
1141.0,0.0090983871514308,0.0081855359502286,0.0095327016441849,0.0066770498671096,0.006423576050792,0.0059951122370611,0.006666340450083,0.0079527339483638,0.0145865156214259,0.0103911876603566,0.0116287656881746,0.0155849827453068,0.0615510994375651,0.167315683626059,0.03699266731622,0.0229353098364381
1142.0,0.009168426138558,0.0082164905675302,0.0094669326966214,0.0066591361759214,0.0064098243529407,0.0060072277650144,0.006686306696367,0.0079682033717242,0.0148681609188341,0.0104656870713011,0.0114605673416773,0.0151101553013685,0.0576819503843891,0.171616358091332,0.0384135955112625,0.0234773634942458
1143.0,0.0091697653951977,0.0081942328045573,0.0093716429314489,0.006622382790558,0.006375849855511,0.0059819431881878,0.0066710430070419,0.007932440304903,0.0150153523549107,0.0105102591897527,0.0113060850937896,0.0147514747201918,0.0553041376282016,0.173057582286778,0.0392040272133257,0.0237619860229644
1144.0,0.009250081774622,0.0082506326510783,0.0092906335582694,0.0065807480955702,0.0063719035045903,0.0059774695837843,0.0066711399904843,0.0079389352599411,0.0153345671343496,0.0106646239748563,0.0111486194600785,0.0143742133080285,0.0522607385756867,0.17503768363907,0.0406953577741866,0.0243505567159599
1145.0,0.0092899392413241,0.00828554213755,0.009270697332253,0.0065865091056079,0.0063873746209442,0.006004566685778,0.0066907548991292,0.0079844846273122,0.0155794118870959,0.0107414052132283,0.0110656733741331,0.0141653698855717,0.0505345042428318,0.176071882962936,0.041986095424268,0.0247612881925937
1146.0,0.0094430425350005,0.0084071287483848,0.0092515168877275,0.0065818106157349,0.0064369153255951,0.0060598136835306,0.0067471615506367,0.0080503573721618,0.0160444350669075,0.0109517639740173,0.0110207143695248,0.0139006661431038,0.0481694142068746,0.176905503185359,0.0440513609737288,0.0255869718819085
1147.0,0.0095268495296307,0.0084753175819103,0.0092499695772594,0.0065953317314346,0.0064403031584252,0.0060604675120285,0.0067769897185864,0.0080466912517784,0.0164211258311159,0.0111600042486766,0.010965655464541,0.0136432640639756,0.0463173579749352,0.1758066477453,0.0454270343771141,0.0260866117710049
1148.0,0.0096478580170448,0.0085385099093613,0.0092238888613926,0.0065931777759673,0.0064639309181265,0.0060767117426546,0.006793805114674,0.0080941698082206,0.016703751132908,0.0112335111506368,0.0108561359324945,0.0133723467514643,0.0441954632298444,0.173408262431409,0.047524596051706,0.026829065715979
1149.0,0.0097098914252145,0.0085792964460214,0.0091830599788796,0.0065660470060768,0.0064697615687031,0.0060766978169347,0.0067922482494749,0.0080905372521528,0.0169763674907465,0.0113702848093411,0.0107816974130158,0.0131701135710807,0.0426880210306517,0.170738419479079,0.0490655053740391,0.0273198519436071
1150.0,0.009811682472806,0.0087175763047675,0.0090964044994519,0.0065204158977606,0.0064549718079758,0.0060672347641398,0.006784920984461,0.0081133734636771,0.0175808211527697,0.0116640453605483,0.0106359864310598,0.0128444073188777,0.0405191451632603,0.165591638700944,0.0515272892812529,0.0281998492558334
1151.0,0.0099821218736739,0.0087789012499963,0.0091255527453783,0.0065495846331167,0.0064981333589301,0.0061336712813844,0.0067985167575003,0.0082022968896697,0.0179035145996433,0.0117681005482991,0.0105802336583024,0.0126310298040291,0.0389348238289143,0.160417382519581,0.0543914286696296,0.0290820763921509
1152.0,0.0100811369543972,0.0088713931023787,0.0090823450307407,0.0065717236043558,0.0065137986215911,0.0061446525793643,0.006823898271536,0.0082274048703621,0.0182697339230121,0.0119614290800329,0.0105721333177677,0.0125097938190855,0.0378206089119221,0.156549529289873,0.0566195521449731,0.0298334443497949
1153.0,0.0101478044333403,0.008900147764751,0.0090240513726132,0.0065267213190653,0.0064967446086232,0.0061280435305845,0.0067985261798018,0.0082130210873153,0.0186357615667495,0.0121067787583016,0.0104260982156772,0.0121720879851663,0.0358929164832454,0.148103221000982,0.0596040455911961,0.0306600955089595
1154.0,0.0102702631365677,0.0089735308349602,0.0090303270738998,0.0065364816285197,0.006518377330048,0.0061442241911532,0.0068104224583447,0.008245947390191,0.018975652629329,0.0122922041490212,0.0103836256898816,0.0120653389596014,0.035039004412763,0.144015318616211,0.061959475975574,0.0314198564552614
1155.0,0.010425768353457,0.0091126265370455,0.0090276622302632,0.0065449226429304,0.006559151230186,0.0061705106113064,0.0068323459435542,0.0082924542342754,0.0195064526827832,0.0125678852820638,0.0103531088625446,0.0118541037665356,0.0335971368720644,0.13636899866044,0.0659597827623546,0.0326314515885333
1156.0,0.0104964866641708,0.0091466066609371,0.0089843639151522,0.0065392076182441,0.0065491318309253,0.0061712450667191,0.0068343599006381,0.0082963617760827,0.0197734320201375,0.0126869472676914,0.0102678948070307,0.0116648207157946,0.0325829177707394,0.13088050084901,0.0683819844540598,0.0333032365776898
1157.0,0.0105992724803344,0.0092275534468882,0.0089474497799811,0.0065071081890609,0.0065507832723218,0.0061662014106265,0.0068062473770183,0.0082985456160681,0.0201838622268015,0.0129000769830468,0.010146850212795,0.0114220713768187,0.0312055796852993,0.122962098229129,0.0723898836114645,0.0344178044490435
1158.0,0.0107181828221314,0.009317961390764,0.0089320514041904,0.0065254755237619,0.0065675385798137,0.0061786400609505,0.0068262629735061,0.0083581144287841,0.0206271092332007,0.0131238906221539,0.0101256282898615,0.0112598640698837,0.0302776786345479,0.117253021099965,0.0760176475943503,0.0355016317297893
1159.0,0.0108351705555072,0.0094051471304213,0.0088807444845522,0.0065073964708681,0.0065810396755839,0.0061890072555534,0.0068170088134533,0.0083663669096306,0.0211140648557776,0.0133599308656766,0.0100429055344986,0.0110944412287429,0.0292001850797395,0.110355404453159,0.080720359594951,0.0368748111252697
1160.0,0.010997448423257,0.0095016994358697,0.0088809365348704,0.0065382061148445,0.0066352436780162,0.0062243333350259,0.006862523287328,0.0084351884645303,0.0215368346821287,0.0135810017170892,0.0100087868186281,0.0109814647890255,0.0285512876326477,0.105950823280173,0.084555586214336,0.0379917797423026
1161.0,0.0110647114766071,0.009562484343259,0.0087919039351221,0.0064902829840757,0.0066076356857646,0.0061991182133929,0.0068144813833968,0.0084021061337166,0.0220040558140446,0.0138293105089738,0.0098701629335592,0.010688783356223,0.0272066954431102,0.0978072975127422,0.0902079653144029,0.0395370224824694
1162.0,0.011128486461347,0.0096036322184357,0.0087451265835859,0.00647236200008,0.0066070455159281,0.0061764912401498,0.0068231801105699,0.0083912918106819,0.022294553670646,0.0139702507703658,0.0098071300405592,0.0105742889868723,0.0265585516932853,0.0937159556322576,0.0938370094030571,0.0405278340334847
1163.0,0.0112897386778666,0.0097220093014415,0.0086996996437873,0.0064687109361993,0.0066209766121619,0.0062078427324403,0.0068266023882873,0.0084115382312963,0.0228269415490485,0.0142404419053073,0.0097312735019841,0.0103580918617549,0.025577664898292,0.0876504518884331,0.0996005587406432,0.0423183247564102
1164.0,0.0114590960782983,0.0098307455604538,0.0087348308016221,0.0065281367043702,0.0066758350593128,0.0062896638458998,0.0068837534624262,0.0085181592471955,0.0233632191088522,0.0145441946285784,0.0097226293726142,0.0103255970245369,0.025159891142598,0.0844448821200864,0.104737908643039,0.043929166045374
1165.0,0.0115109969221831,0.00990724328818,0.0086559163017113,0.0064734939744793,0.0066486318734259,0.0062496728766073,0.0068361634040333,0.0084702528518301,0.0237554789146884,0.0147421398724948,0.009586295316893,0.0100852373107562,0.0241334742524918,0.0784361236322572,0.110874557578991,0.0458130349417795
1166.0,0.0116414196619942,0.0100100454130244,0.0086195337296035,0.006460101176608,0.0066758665343604,0.0062736856507061,0.0068388748458168,0.0084969888624535,0.0242769849023551,0.0149993716086141,0.0095426552779428,0.0099708182710591,0.02359698076297,0.0749636949624094,0.115789057114752,0.0474979027700591
1167.0,0.0118438677322378,0.010144272260195,0.008631093579572,0.0065036619547608,0.0067184023133176,0.0063310858296724,0.0068849800987935,0.0085737152509995,0.0249223016297656,0.0153390602118346,0.009525912718054,0.0098788750399572,0.0229680859295813,0.0708552460476397,0.12297810011272,0.0500092027652445
1168.0,0.0119152837543306,0.0102359018352301,0.0085593520707304,0.0064561810645437,0.0066982377862165,0.0063110154079858,0.0068675295807953,0.0085626814357333,0.0254841687366347,0.015604697966578,0.0094031288103335,0.0096637450042396,0.0221126923549645,0.0662111418445911,0.129105620243552,0.0524787383774745
1169.0,0.0121950254865225,0.010459416123525,0.008625741132876,0.0065436292048127,0.0068142274624651,0.0064129976058933,0.0069647670183091,0.0086948445564097,0.0263333766159894,0.0160527978306479,0.0094724807567378,0.0096673068759801,0.021917494386096,0.0641485662016885,0.135495776482309,0.0552116694145826
1170.0,0.0123252745228902,0.0105713116518279,0.0085803383415492,0.0065143368352561,0.0068302201400845,0.0064224796421359,0.0069556322540231,0.008690858982807,0.0269589344416735,0.0163800056317119,0.0093866342679589,0.0095227175879839,0.0212435575506717,0.060525495242027,0.141156841029546,0.0580592776122652
1171.0,0.0123917549565001,0.0106460070879323,0.0085446677800427,0.0065095895727502,0.0068255071716832,0.0064189160383121,0.0069495032347996,0.0086955894261862,0.0274231516142801,0.0165761667732146,0.009278458236345,0.0094016435991025,0.0207823771448555,0.0579154388098892,0.144609821809816,0.0601738046328004
1172.0,0.0126233820587286,0.0108435599855643,0.0085624113571423,0.006576384666069,0.0068919717883523,0.0064894447365837,0.007002226161525,0.0087903740996938,0.0283450679415864,0.0170779996529881,0.0092914413318832,0.0093326785468264,0.0202837630906144,0.0550131904206938,0.150215502742751,0.0640256807307114
1173.0,0.0127277705163486,0.0109706323140093,0.008555981009387,0.0065811992672894,0.0068923391047969,0.0065140369965023,0.0069995391560662,0.0088121162393075,0.0289065194239772,0.0173309701268586,0.0092406142095052,0.0092541627968439,0.0199577766767861,0.0531314412648221,0.153106035568775,0.0665365990161641
1174.0,0.0128918756687052,0.0110655602955864,0.0084635312027724,0.0065416980798149,0.0068926482060814,0.006510493874146,0.0070193813496188,0.0088209908041934,0.0296128687936014,0.0176384309864292,0.0091504234552871,0.0090602706262545,0.0193065581853751,0.0498669566097804,0.15510918825557,0.0703120268549325
1175.0,0.013116926739753,0.0112669214588957,0.0085348011449063,0.0066278917696967,0.0069979989516192,0.0065752239735685,0.0070935581997392,0.0089232060631416,0.0304957224134598,0.0180649413389728,0.0092106855828614,0.0090642124174553,0.019123755360508,0.04858754706959,0.157494132141778,0.0737308982056352
1176.0,0.0133628016969481,0.0115063374701674,0.0085463892053068,0.00666238235875,0.0070471007505971,0.0066160557090545,0.0071264023453839,0.0089832681699435,0.0315372349269966,0.0185818880799763,0.0091904065466293,0.0089881639615075,0.0187330343349343,0.0463593192841768,0.158683414871997,0.0784478317346334
1177.0,0.0135109075416429,0.0116368588141389,0.0085286231181227,0.00666805707395,0.0070552391087893,0.0066240780543039,0.0071165063519986,0.0090315677458645,0.0323667735390429,0.0189370322011574,0.0091472833724316,0.0088934471901651,0.0183434650244382,0.044475673756509,0.157923918353983,0.0821709215845361
1178.0,0.013708223352743,0.0118420513478156,0.0085046002765946,0.0066867586755755,0.0070698894265075,0.0066390343244941,0.0071479515254948,0.0090681936900446,0.0333268802562575,0.0193487114149212,0.009094132498597,0.0087943686484285,0.0179253266831732,0.0423811347481589,0.155722755935475,0.0869999416280381
1179.0,0.0138620668722421,0.0119621956459901,0.0084967757710077,0.0067079994009025,0.007091028324349,0.0066440469491249,0.0071599904303657,0.0090946109314777,0.0340863084481506,0.01968085079058,0.0090987847442177,0.0087128530327697,0.0176245941524649,0.0410192102795273,0.153500465016802,0.0906106914587207
1180.0,0.0139556467765491,0.0120393064474655,0.0083943278137078,0.0066440285771675,0.0070179228795382,0.0065775785636395,0.0071033399680612,0.0090696517431728,0.0349992012106094,0.0199902915409204,0.0089347845359602,0.0085148702926024,0.0169883813613272,0.0383989935361895,0.146958620247723,0.0958588182255346
1181.0,0.0141995473344296,0.0122373807961772,0.0084041627377422,0.0066850896563815,0.0070667212806182,0.0066255029729428,0.007144144442699,0.0091421461220847,0.0360166108308666,0.0204272738073133,0.0089403006247993,0.0085069068907644,0.016840144255958,0.0375583709048121,0.14449594513717,0.100123220250357
1182.0,0.0143289998226385,0.0124225278085354,0.0083748125121756,0.0066795035145781,0.0070701261608893,0.0065795856163176,0.0071097021312388,0.0091483262905358,0.0371866465344796,0.0208678618688983,0.008866751744524,0.0083762516611003,0.0163742416704557,0.0357313008574265,0.138092109426858,0.105735030727287
1183.0,0.0146915118381023,0.0127185532051819,0.0085091780530189,0.0067973287409811,0.0071966694831087,0.006674533817257,0.0072324749662145,0.0093013320646691,0.038629860427089,0.0214754162642378,0.0089784821589555,0.0084216618950291,0.0163187339644,0.0350602488923224,0.135179368816093,0.111403478554488
1184.0,0.0147515764017006,0.0127822104505173,0.0083665004160266,0.0067206828082003,0.0071156461767749,0.0065997258533378,0.0071446505055396,0.0092413275358506,0.0396448121337939,0.0217195366641696,0.0088177000434523,0.0082194055352395,0.0157355892175672,0.0330085359952324,0.126235524460061,0.116454435073953
1185.0,0.0150885687899719,0.0130766481644791,0.0083868837395983,0.0067635369015294,0.0071604690567051,0.0066203625978323,0.0071823814797393,0.0093380782678499,0.0415210933446146,0.0224312685613348,0.0088194029661241,0.008172016239238,0.0154801768553771,0.031743715891522,0.119609713592778,0.123312411940016
1186.0,0.0152131341061461,0.0132294401130437,0.0083519026197152,0.0067650271928455,0.0071560326475142,0.006618056800065,0.0071795792072288,0.0093522219261268,0.0425877226098444,0.0227400028347226,0.0087722139298384,0.0080860249889379,0.0151778376887498,0.0307231782765095,0.114187348009179,0.127560993174542
1187.0,0.0155207755982597,0.0134847542038575,0.0083667250661316,0.0068072941935839,0.0071928655636141,0.0066238644368593,0.0071894049340271,0.0094284031888274,0.0446003159788125,0.023396255755408,0.0087451599792863,0.0080091676024322,0.0148646325350426,0.0294458938719064,0.106715410987073,0.134001843032768
1188.0,0.0156268023469145,0.0136206158388485,0.0083262285776961,0.0068015016919475,0.0071874599026055,0.0065709738777286,0.0071695885939102,0.0094481688785125,0.0458556331568208,0.0237690734302731,0.0087036638273569,0.0079293308301354,0.0146263574553126,0.0284802400655186,0.101757287244462,0.137277982975883
1189.0,0.0159773823971525,0.0139418603750283,0.0083262996089946,0.0068255744938177,0.0072200457827879,0.0066314084298902,0.0072322335546649,0.0095590591900736,0.0481175855935172,0.0244281022731049,0.0086675958002254,0.0079014228520643,0.0143796060511594,0.027526573423652,0.0954644104174273,0.142959409017313
1190.0,0.0162255637568472,0.014164674863692,0.0083557969443938,0.0068627910363234,0.0072523430457868,0.0066577132917721,0.0072605088036582,0.0096258685326186,0.0498239385098545,0.0249433435178827,0.0086971353764099,0.0078796059178532,0.0142291131654164,0.0268554037279486,0.091199029346284,0.146268422834981
1191.0,0.0165375205175236,0.0144613509186484,0.0083462570137877,0.0068669568357769,0.0072722969901307,0.0066464444686277,0.0072743080221835,0.0097143094395151,0.0522315079498654,0.0255751709162082,0.0086644724712063,0.0077879956474509,0.0139352799305805,0.0258175012528778,0.0849946337462007,0.149576311254691
1192.0,0.0167410461824556,0.0146488414114134,0.0083464535351801,0.0068854655667468,0.0072889674756581,0.0066454843279485,0.0073078039273286,0.0097556451607048,0.0538772096236656,0.0260300447444217,0.0086371817444158,0.007753260507941,0.0137901552835752,0.0252510490444625,0.0814819845185833,0.151052738505931
1193.0,0.0169945417065706,0.0148705406282793,0.0082931126866151,0.0068527684099618,0.0072751101974237,0.0066044228175548,0.0072928808161602,0.009800926250056,0.0564354285656486,0.0265995572130605,0.0085669172628775,0.0076352685317518,0.0134430279218061,0.0241407907535441,0.0753212902475325,0.151349703930695
1194.0,0.0172304088410054,0.0150923104971849,0.0082948473529801,0.0068773778532529,0.0072781941323606,0.0066283295550161,0.0073308476623291,0.0098878177338225,0.058406365777291,0.0271175392486791,0.0085585301634608,0.0075922691543816,0.0133110212184226,0.0236272391673935,0.0721734109397654,0.151488201771849
1195.0,0.0174640293217711,0.0152894334753354,0.0082409584229201,0.0068554334050504,0.0072559475198489,0.0065906546398802,0.007298977789814,0.0099283603252484,0.0609105234844348,0.0276413710042741,0.0084776638493197,0.0074761386898929,0.0130244037617907,0.022726682420384,0.0673593357822306,0.149423458128619
1196.0,0.0178801640197835,0.0156628857838676,0.0083014065883974,0.0069085695667399,0.0073062951322119,0.0066434593453979,0.0073758963401913,0.0100609751522593,0.0639523761856283,0.0284746287863825,0.0085168730889853,0.0074955253903301,0.0129300226741908,0.0222789929216661,0.0643022102817764,0.148375679099583
1197.0,0.0181293610253447,0.0159024603817037,0.0082556685144832,0.0068725782605052,0.0072610011922939,0.0065788538499183,0.0073412014376477,0.0101104804543212,0.0667519227227885,0.0290980116491876,0.0084491198982932,0.0074000608485986,0.0126715699137116,0.0214914136077963,0.060222910035098,0.144122230408577
1198.0,0.0183768018298184,0.0160968351865416,0.0082572209200518,0.0068723481601547,0.0072572591390787,0.0065914113430317,0.0073886011647323,0.0101636716589148,0.0689991593338274,0.0296028216155567,0.0084506213508516,0.0073703516068505,0.012526963857194,0.0210591110607489,0.0577599031203126,0.141047188947975
1199.0,0.0187754875251655,0.0164860311249158,0.0082394167632113,0.006865656166451,0.0072317853446979,0.0065668141404775,0.0074156915777787,0.0102868125491249,0.0729686411624872,0.0305417206784437,0.0084072470219145,0.007293454005867,0.0123085682265658,0.020315571744365,0.0538237667463101,0.134884664186138
1200.0,0.0190386527045858,0.016713127255174,0.0082439072407686,0.006864323171185,0.007250327906872,0.0065704791137462,0.0074349710729232,0.0103768986179263,0.0753615146128469,0.0311148768528488,0.0083999941243389,0.007261254222707,0.0121940769915607,0.0199647460337943,0.0518537273279463,0.131105084557658
1201.0,0.0193769831220818,0.0170111393412145,0.0082133472175097,0.0068514508597775,0.0072142855649147,0.0065551171579875,0.0074466469482158,0.0104516508043854,0.0788691659237977,0.0319222377887337,0.008375627625827,0.0071989151368121,0.0119972265044311,0.0193419155698551,0.0488149582798584,0.124506381278618
1202.0,0.0197956755915074,0.0174218826194255,0.0081955224034153,0.0068458115935298,0.0071976590484579,0.0065311203200774,0.0074716140592516,0.0105716274288251,0.083385514922603,0.0330223982708929,0.0083316129957028,0.0071437798263532,0.0117912764754267,0.018743851632882,0.0456953407195716,0.116992149681795
1203.0,0.0201562643349488,0.0176794260634544,0.0082304905593284,0.006873985728777,0.0071949552971962,0.0065547827843064,0.0075116039880457,0.0106416701555211,0.0861719026904615,0.0336736555159261,0.008346832487446,0.0071059738209798,0.0117202299738018,0.0184380014044528,0.0441012747066476,0.112683482046606
1204.0,0.0203993093643874,0.0178857080721586,0.0081554092855571,0.006817453217125,0.0071347420859424,0.0064965062508158,0.0074861608763464,0.0106802256550608,0.0896178826958716,0.0344578535971226,0.0082521206186367,0.0070140354649588,0.0114782691449561,0.0178300475306926,0.0414046710888399,0.105103943473956
1205.0,0.0207514160085929,0.018148481374375,0.0081745368160481,0.0068236127224497,0.0071501063710702,0.0065104725304869,0.0075308690880097,0.0107814676680613,0.09278755427241,0.0352491074824539,0.0082637389228217,0.0069885220463002,0.0113875270466345,0.0175177926695039,0.0398959392348658,0.100675049427153
1206.0,0.0212520885039555,0.0186106828884632,0.008211377784754,0.0068553993076548,0.007147424927994,0.0065172786110901,0.0075950675659158,0.0109209886619038,0.0979350545247477,0.0365833610958009,0.0082641627164483,0.0069644149234434,0.0112611691358981,0.0170664028196015,0.0377219575410505,0.0940175108232956
1207.0,0.0215322050462401,0.0188562617014215,0.0081855576507234,0.0068429308033243,0.0071309377145194,0.0064912821310173,0.0075698754591129,0.0109829247303829,0.101163918254011,0.0373698808393071,0.0082232405248188,0.0069067696675101,0.0111412352208456,0.01671827355235,0.0362478598302921,0.0893751533120831
1208.0,0.0220709167240273,0.0193428749568569,0.0082242576064725,0.0068912675195665,0.0071665331717594,0.006529551267618,0.0076435670720281,0.0111323661332617,0.10667534835983,0.0388415459983947,0.0082505735465931,0.00689979736747,0.0110428396478717,0.0163875030120148,0.0345609726643461,0.0840072605646057
1209.0,0.0224438800294789,0.0196831405610034,0.0082311131272398,0.006919558274585,0.0071666998050077,0.0065332601767472,0.0076712806241595,0.0112052558006256,0.110608017666556,0.0398756757082232,0.008248675457886,0.0068643623782685,0.0109619730465391,0.0161008725840554,0.033340634670042,0.0801129908468269
1210.0,0.0229273400129312,0.0201123892924594,0.008245012294401,0.0069228049915261,0.0071879648092591,0.0065362651823155,0.007702437202606,0.0113491674085427,0.116585159974228,0.0414276059099948,0.008233426303696,0.00683547098543,0.0108304742782851,0.0157028470983816,0.0316344046626273,0.0745857778995727
1211.0,0.0232441938213289,0.0204112006954176,0.0082360871034886,0.0069498131793597,0.007174086600377,0.0065267008009343,0.0077090242941239,0.0113993525234557,0.120243511967248,0.0424501029320487,0.0082315208661829,0.0067829673417421,0.0107468083197519,0.0154659282513376,0.0306674927097675,0.0715753657888148
1212.0,0.0237470289668847,0.0208811103729018,0.0082402512285651,0.0069749481501865,0.0071892587581017,0.0065326940970383,0.0077320523638315,0.0115238691914509,0.126659172933975,0.0441935102977851,0.0082107929529044,0.0067706312496143,0.0105894570056637,0.015071696851653,0.0290788980405086,0.0665876078999264
1213.0,0.0239986356824392,0.021109243140914,0.0082191598994821,0.006947342394754,0.0071547628517397,0.0064942595906489,0.007723656851899,0.0115567095423278,0.130376072352023,0.0452261364362347,0.0081818048423847,0.0066986693460129,0.0104822900531524,0.0147891740366252,0.0280599530411892,0.0635454905875948
1214.0,0.0246246407961349,0.0216956329854597,0.0082670836461584,0.0070134541355714,0.0071978306345941,0.0065636467722579,0.0078141685530987,0.0117432354422025,0.137212133792995,0.0473067208123091,0.0082123951104616,0.0066827170077417,0.0103940473432508,0.0145350223864687,0.026998267026981,0.0600889734227344
1215.0,0.0250270946256856,0.0220709744496141,0.0082738699331721,0.0070213232046545,0.0072029494627471,0.0065538139836201,0.0078083410830852,0.0118087733174807,0.142140373209095,0.0489081661963076,0.008201506781399,0.0066436366629491,0.0102914451061593,0.0142486787960293,0.0259746733825446,0.0569602988625032
1216.0,0.0254963977128298,0.0225289408955378,0.0082569171356677,0.0070356323047948,0.0071881031276072,0.0065291380553187,0.0078067223982125,0.0119026655043199,0.147695079183768,0.0509346677507246,0.0081725704093346,0.0065972497605454,0.0101575582789965,0.0139166950519458,0.0248496835234855,0.0535534282769065
1217.0,0.0260052886619133,0.0230150503509971,0.0083235652452901,0.0071025188838965,0.0072321866641518,0.0065673116543218,0.0078815151502815,0.0120406667673038,0.152323971592163,0.0527700950499125,0.0082020558998919,0.0066116867876744,0.0101316262718781,0.013804606603221,0.0242909654492051,0.051745204660965
1218.0,0.0268229901259955,0.0237665580233098,0.0083723189877097,0.0071717003026234,0.0072765762232792,0.0066078952675713,0.007936387535563,0.0122575087367885,0.158979872816695,0.0558706087314942,0.0082386433063933,0.0066041612629038,0.010059337771505,0.0135701855081605,0.0233333652932139,0.0486851362733259
1219.0,0.0271721284897036,0.0241294750147043,0.0083589228189348,0.0071791496886777,0.0072862955742324,0.0066039173033738,0.0079622454290854,0.0123185822869908,0.161791092859463,0.0576216867322144,0.0082278369155729,0.0065744708704279,0.0099868450144189,0.013382404654905,0.0227018432225129,0.0468322725312716
1220.0,0.0277944295741683,0.0246929377093865,0.0083779457109647,0.0072100980821986,0.007302323243444,0.0066390052253158,0.0079980706146524,0.0124579586814119,0.165055044140748,0.0602019595212595,0.0082237547007307,0.0065486722516268,0.0099280379116772,0.0131496976864733,0.0218742587196932,0.0444177979483244
1221.0,0.0281354954354552,0.0250014269429878,0.0083510254056007,0.0071823933005172,0.0073016030336743,0.0066378519592859,0.0080001587937026,0.0125302055226224,0.166196475263168,0.0619876611232556,0.008200392370473,0.0065082563951412,0.0098000958644151,0.0129217511331821,0.021244016392817,0.0425966541408817
1222.0,0.0289341983024674,0.0257421649607391,0.0083854063128929,0.007209419200441,0.0073096911410329,0.0066570775832574,0.0080548503499369,0.0127076684456258,0.168053083293978,0.0654174107916303,0.0082276947795922,0.0064901931354767,0.0097388447338141,0.0127089112070255,0.0204902268191594,0.0403935504048747
1223.0,0.0294279732623316,0.0262033218676659,0.0083739420928585,0.0072268603647401,0.0073142592011301,0.0066365890337149,0.0080884231241361,0.0128114358581223,0.16773308226246,0.067683445612065,0.008207368011276,0.006468075621118,0.009664362017546,0.0125447626495785,0.0199569462856318,0.038829426734559
1224.0,0.0301510987432632,0.0268654843371056,0.0084058089858102,0.0072239778581037,0.0073271773580736,0.0066632798996937,0.0081469884342849,0.0129919089166152,0.166386591173095,0.0709263166299061,0.0082205337971436,0.0064404504922312,0.0096019148605854,0.0123339728145287,0.019333943093357,0.0369573634923165
1225.0,0.0309912039921426,0.0276147651913754,0.0084089768115067,0.0072501972291423,0.0073315324733587,0.0066836253747289,0.0082107560510385,0.0131812242498727,0.163284891329776,0.0747157736220939,0.0082408746444748,0.0064265822736987,0.009542314649382,0.012151000329386,0.0186562120523828,0.0350363765888702
1226.0,0.0315483933250214,0.0281230433710657,0.0083810149876505,0.0072116119312536,0.0073144980404158,0.0066739503004365,0.0082292736771106,0.013295372186705,0.160088891883885,0.0772953172900932,0.0082297839156954,0.0063913883823991,0.0094950188808848,0.0120009634727181,0.0181868669873727,0.0337493524355192
1227.0,0.0323933836306348,0.0288908738932778,0.0083673974648219,0.0072124847105381,0.0073245903334935,0.0066862627001911,0.0082806503822599,0.0134708129216195,0.155065834543646,0.0811172341890434,0.0082206133689559,0.0063952219975998,0.0094308958446322,0.0118431116573601,0.0176375468219027,0.0322021742518664
1228.0,0.0328841440655319,0.0293766385362036,0.0083402739553785,0.0071691984828382,0.0072761039314329,0.0066815024538846,0.0082755440351053,0.0135687369051397,0.150055906881195,0.0836983178423455,0.0081936703173067,0.0063656248395443,0.0093241591865454,0.0116692365316214,0.017174859840324,0.0309610232170945
1229.0,0.0339416965253302,0.0303351503683809,0.0083710463306182,0.0071908752631455,0.0073094321025031,0.0067090248892119,0.0083875411721359,0.0138166045744156,0.143072664941298,0.0883044977826161,0.0082200041504435,0.0063503408796122,0.0093112201144057,0.0115338232249,0.0166502484584151,0.0294941149683812
1230.0,0.0344911225604856,0.030846912513672,0.0083584858743035,0.0071680882019775,0.0072885176891033,0.0067007547176826,0.0083942416052437,0.0139026551301541,0.1381032585168,0.0909118990274721,0.0081944145003597,0.0063400613463324,0.0092455853469075,0.011405696177082,0.0163112988017569,0.0285696362063463
1231.0,0.0356269303872779,0.0319564961951763,0.0083893237270123,0.0071583470401175,0.0073130488217059,0.0067465914124433,0.0084745364041214,0.0141836829533532,0.130212628215058,0.0960348532104369,0.0082530989427483,0.0063405759653083,0.0092373948675116,0.0112822273607393,0.0158419987188266,0.0272694251389481
1232.0,0.0364178206062743,0.0326724748843173,0.0083724858172244,0.0071726649149213,0.0073246800202522,0.0067818921306605,0.00855222185053,0.0143765987744056,0.124930667379283,0.0993327730605946,0.0082624756191428,0.0063360477984381,0.0091924119386461,0.0111942830570292,0.0155539280044523,0.0264736108966536
1233.0,0.0374621062294762,0.0336888184121995,0.0083780995777533,0.007162846832586,0.0073261784808556,0.0067952356910807,0.008618081179295,0.014580684100001,0.11721739856722,0.104074309574674,0.0082760880135933,0.0063370567186366,0.0091466585285043,0.0110434913183115,0.0151275685388479,0.0253439753527762
1234.0,0.0381494010272289,0.0344162652692268,0.0083252706568186,0.0071176536436312,0.0072700479865757,0.0067627790775854,0.0086276633438037,0.0146623736533126,0.110120129995284,0.107623842420949,0.0082205680686805,0.0062905145028353,0.0090452182876034,0.0108485989198578,0.0146818811950231,0.0242966566214905
1235.0,0.0392755294868297,0.0355812719621543,0.0083420552668388,0.0071111556747135,0.0072737707905111,0.0067800716460014,0.0087059523667637,0.0148972317229736,0.103007319361344,0.112736659574151,0.0082339883769141,0.0062743225350382,0.0090033235711394,0.0107181181536138,0.0143162527176384,0.0233388106766802
1236.0,0.0401777174182891,0.0365257420257639,0.0083518793687259,0.0071198038678957,0.0073063648360421,0.0068215605484507,0.0087641287834299,0.0150858355458542,0.0983470400744924,0.116689193147017,0.0082544792858558,0.0062863085244994,0.0089728713871549,0.0106530361577249,0.0140869567195729,0.0227343922595959
1237.0,0.0414300964902399,0.0379080131920212,0.0083210858372238,0.0070857723487158,0.0072852753796782,0.0068204398903102,0.0088024155664122,0.0152901950697256,0.0904169259596632,0.12280356952278,0.0082533828598049,0.0062394400717608,0.0088818499542241,0.0104597293681167,0.013619728053773,0.0216431698605467
1238.0,0.0422975675183657,0.0388301425837664,0.0083418058468248,0.0070984126322904,0.0072959877219305,0.0068460849520292,0.008850024106325,0.0154770423625637,0.0865234140160406,0.126689938406037,0.0082715456138117,0.0062357481879367,0.0088451046735113,0.0103731062191182,0.0134206204128561,0.0211285393206948
1239.0,0.0437974610839893,0.040471485042275,0.0083866216945336,0.0071244103907342,0.0073087701046931,0.0069145831861316,0.0089795278126605,0.0157556235518605,0.080889505789211,0.133276974463119,0.0083140071694419,0.0062390987411409,0.0088329917610798,0.0102658556452001,0.0131250331785419,0.0204052917568527
1240.0,0.0449086548554289,0.0417069387249112,0.0084405453584576,0.0071543228443079,0.0073447246109383,0.0069449251648921,0.0090430908731636,0.0159952510991157,0.0772469028398313,0.138095236410627,0.0083531321778843,0.006258985880396,0.0088087363961326,0.0102058959422863,0.0129299631213237,0.0199525282085696
1241.0,0.046428102586865,0.0434782621134951,0.0084693199055915,0.0071524005040534,0.0073605165411643,0.00697990065604,0.0091116143658444,0.0162527315130091,0.0717891465257293,0.144786381192649,0.0083934465400174,0.0062308637146434,0.0087381546208042,0.0100642329222848,0.0125964328622845,0.0192055205907462
1242.0,0.0480926366226413,0.0454136038152719,0.0084851559561763,0.0071765940541799,0.0073847531914721,0.0070154150638904,0.0092386295426179,0.0165439535773628,0.0670824544076684,0.15175956471193,0.0084252708023938,0.0062318915984633,0.0087009027006807,0.009964926184733,0.0123342322690075,0.0185798989028446
1243.0,0.0493253959683409,0.0468692357900502,0.0085190284939069,0.0071971779800608,0.0074222693269475,0.0070437860866715,0.0092879974441406,0.0167619224151034,0.0641839943999438,0.156536714790926,0.0084783342031754,0.0062397912454847,0.0086932726963622,0.009882899177631,0.0121613196360966,0.0181879503110834
1244.0,0.0509859868308078,0.0489080426767744,0.0084994609620625,0.0071863859028841,0.0074099302280951,0.0070510579335591,0.0093368434130818,0.0170015919371738,0.0596896514731163,0.162830759392002,0.0084458153089413,0.0061973576681588,0.0086012486060585,0.0097240886076475,0.0118360738333437,0.0175228416667189
1245.0,0.0525615337696887,0.0506086891384201,0.0085481712897593,0.0072212824613209,0.0074645471543196,0.0071093907971412,0.0094560296703606,0.0172711205517298,0.0572794112803069,0.167627818951453,0.0085260802297799,0.0062164515404574,0.0085886824942993,0.0096925108002121,0.0116955969151892,0.0172009692766965
1246.0,0.0544855750794355,0.0528687869593981,0.0085846135621029,0.0072387056705745,0.0074827467826275,0.00714498021748,0.0095511235345414,0.0175778705432437,0.0539498238878146,0.173148738870708,0.0085340530010984,0.0062258995073023,0.0085548786483996,0.009597661122181,0.0114709348215473,0.0167477483010315
1247.0,0.0560690438242617,0.054642442748259,0.0086184718605741,0.0072732832690887,0.0075155935205689,0.0071827094643954,0.0096446093946194,0.0178384846540394,0.0518140510865254,0.177006395879863,0.0085518360283601,0.0062147484281453,0.0085360577856377,0.009544253587091,0.0113413011278277,0.0164471981086511
1248.0,0.0586200394485275,0.057419246624102,0.0086438828952293,0.0072868118267218,0.0075544877018097,0.0072451426712675,0.0097707121144677,0.0182345589606276,0.0488172694851358,0.181709308695741,0.0086007276785961,0.0062441685629607,0.0085330625994675,0.0094541988805391,0.0111333774876797,0.0159950212369052
1249.0,0.0601564729823803,0.0589632383978269,0.0086749701996245,0.0073154280142086,0.0075750650039148,0.0072790965995916,0.0098711642530128,0.0184480362643449,0.0472747712464899,0.183603674143987,0.0086286181188209,0.0062627540429382,0.0085211510482597,0.0094289059166102,0.0110433120268931,0.015785158382924
1250.0,0.0628256646881787,0.0615019220047967,0.0086680168308558,0.0073143959609263,0.0076062689519133,0.0073139730656927,0.009966128751504,0.0188403750353969,0.044477192149686,0.185146932830001,0.0086584015287016,0.0062666315492433,0.0084678985164494,0.0093257307463014,0.010818253972801,0.0153505440428211
1251.0,0.0646527488784782,0.0632480231148011,0.0086634503465808,0.0073195089562745,0.0076328734241144,0.0073518883450481,0.0100363829334443,0.019079594082731,0.0429489331810932,0.185599189379038,0.0086645195123647,0.0062791873495709,0.0084617697820083,0.0092890918188232,0.0107027205547363,0.0151108418947688
1252.0,0.0674323325632375,0.0656686774480753,0.0086555875587272,0.0073100173837126,0.0076560530477172,0.0073790420952683,0.0101643315038394,0.0194678433341192,0.0407286967312693,0.184579928334185,0.008659860340442,0.0062836445218007,0.0084354160139377,0.0092000680636709,0.0105331311272375,0.0147279061250027
1253.0,0.0698442021899164,0.0677171706069908,0.0086563134170044,0.0073196925113893,0.0076632372080711,0.0074162782231634,0.0102702533808978,0.0197818424207347,0.0390882927944166,0.18289565319382,0.0086516797978649,0.0062950421615151,0.0084162368841345,0.0091272372178758,0.0103823102239774,0.0144200575067372
1254.0,0.0730399284710023,0.0702906903767651,0.0086378065055257,0.0073111663036597,0.0076847150483291,0.0074743136092692,0.0104189640693057,0.0202085624763196,0.0373503892617566,0.180022335938562,0.0086688828915145,0.0063138574341819,0.0084093836951961,0.0090897066814413,0.0102534862439023,0.0141418443358188
1255.0,0.0753254784207316,0.0720492207187857,0.0086275197488532,0.0072911434387196,0.0076984648320792,0.0074972142490136,0.0105051406217767,0.0204948538890285,0.0360870875416983,0.176861658408131,0.0086560900601335,0.0063198324093266,0.0084083705881693,0.0090280973039177,0.0101430139245617,0.0139086916353132
1256.0,0.0791349973626554,0.0748494282912252,0.0085566238234593,0.0072798827598914,0.0077100195746876,0.0075291673730799,0.0106318683208657,0.0209210071658051,0.0340555624501156,0.170066669861697,0.0086132807671119,0.0063286980319487,0.0083686482549599,0.0089420768856328,0.0099341838246929,0.0135124571666962
1257.0,0.0831767176021041,0.0777990943268642,0.0085697293614632,0.0072905957371454,0.0077700989169279,0.0076037225889492,0.0108329433460722,0.0214580297365066,0.0327366366885559,0.164648401937108,0.0086614800501226,0.0063878535885287,0.0084089756082537,0.0089316511509628,0.0098533408303773,0.0132703528010725
1258.0,0.0859908226459129,0.0797425309283156,0.008556446924681,0.0072739843322052,0.0077743912533067,0.0076295313914968,0.0109382595551775,0.0218231290419026,0.0317078935976258,0.159727379392468,0.0086536629701526,0.0064013208601712,0.0083879945869615,0.0089121411026856,0.0097544722790884,0.0130696659843355
1259.0,0.0903883670045609,0.0828063406201705,0.0084841294611294,0.007225777797397,0.0077556687058999,0.0076307013453422,0.0110600626775408,0.022266313768561,0.0299341555959132,0.150177132773008,0.0085964120477767,0.0064154724608952,0.0083629149705644,0.0088001765173375,0.0095572410915475,0.0126723594699134
1260.0,0.0932865532542848,0.0849408164031396,0.0084920299327327,0.0072449435947263,0.0077871285777657,0.0076954311047207,0.0111750873551594,0.0226514646782544,0.0291978132189617,0.145709057662695,0.0086039985478286,0.0064477885069456,0.0083817618405442,0.0087888967424269,0.0095011351717546,0.0125465570696171
1261.0,0.0977015728101852,0.0881307196288681,0.008426571305017,0.0072037813040508,0.0077981448466692,0.007723483480177,0.0113293893802049,0.0231323460900563,0.0278613574152345,0.137063541230363,0.008571356522013,0.0064679211032715,0.0083659253791028,0.0087042423330644,0.0093432854683252,0.0122460185538261
1262.0,0.100526688048975,0.0901681675051206,0.0083708761673916,0.0071489182182058,0.0077690001533995,0.0077221759662904,0.011395814433525,0.0233980794075667,0.0269048183922527,0.130791035267086,0.0085304948708651,0.0064600739940952,0.0083266023411838,0.0086226315685604,0.0092376889643974,0.0120031473515554
1263.0,0.105681431853639,0.0942072947385027,0.0083377091789075,0.0071375708350963,0.0077956093883827,0.0077698615592828,0.0115590447554731,0.0239821520833194,0.025708025407245,0.122269812773065,0.0085367791781638,0.0064853753879823,0.0083127372696889,0.0085741647838075,0.0090920872174386,0.0117270792559693
1264.0,0.109907561653004,0.0977063907662974,0.0083933415783575,0.0071796250457158,0.0078827944375457,0.0078656242167217,0.0117669186637652,0.0245599389778599,0.0251645309306064,0.117716451774784,0.0085875218131731,0.0065532459988947,0.0083746970238783,0.008621976817261,0.0090804057103551,0.0116642475192264
1265.0,0.114792577235059,0.102151689060567,0.0083504824051695,0.0071505164648875,0.0078845364606975,0.0079071871339029,0.0119183071064805,0.0251013975888663,0.0241624475911928,0.110174830200152,0.0085842887184738,0.0065715555956377,0.0083663554543778,0.0085669176366379,0.0089653943155837,0.0114158273146823
1266.0,0.11817225601795,0.105196387948615,0.0083086469376839,0.007120312609216,0.0078801559955594,0.0079172737236949,0.0120343893336622,0.0254700015514635,0.0234304309751601,0.104766870881741,0.0085700086872684,0.0065880435263649,0.0083374558065308,0.0085022890255268,0.0088666398081973,0.0112327727694565
1267.0,0.124305243013342,0.111197506279672,0.0083424174647054,0.0071505919782494,0.0079332262271899,0.0080433519530548,0.012295484426912,0.0263013425432092,0.0226625180236996,0.0982242814817639,0.0086203416393181,0.0066436646111387,0.0084014709988797,0.0084815071484065,0.0088099542516515,0.011072552951761
1268.0,0.127158769580106,0.114452186561258,0.0083410524041637,0.0071505036430956,0.0079498345044317,0.0080286700643789,0.0123724702115917,0.0265779099508644,0.0220537074196338,0.0938004109509016,0.0086204816257954,0.0066627554952905,0.0083699124251235,0.0084236550257128,0.0087192393289544,0.0109200319975343
1269.0,0.132664838981226,0.12058715611844,0.0083167222041411,0.0071432589705475,0.0079723754362067,0.0081147513018416,0.0125983945791605,0.0273092538793427,0.0212364206850051,0.0873271977654811,0.0086490591162382,0.0066933421041805,0.0083802900819257,0.008386266280233,0.0086223261133715,0.0106897587166817
1270.0,0.135743922137233,0.124705229926435,0.0082939423597272,0.0071283442219402,0.0079917378134519,0.0081490720527964,0.0126829354018065,0.027735623037999,0.0207325200007107,0.0835155421270112,0.0086463241151385,0.0067033092586006,0.0084036689612398,0.0083642182292035,0.0085581567018188,0.0105840678234464
1271.0,0.140285643197588,0.131170081875175,0.0083216609607845,0.007181311930599,0.0080454726427507,0.0081803390271419,0.0129183400653919,0.0283708325117716,0.020135616797642,0.0785864472285788,0.0087135657224243,0.0067628950239,0.0083895359666576,0.0083420549185224,0.0084712166508622,0.010433213248281
1272.0,0.143610904607634,0.135560957380284,0.0083524057350269,0.0071685404974911,0.0080482889856098,0.0082311022717903,0.0130269567778243,0.0289301686648615,0.0195440871711898,0.0745238536828516,0.0087437780794883,0.0067552056265385,0.0083989114263966,0.0082696871830367,0.0083999080143916,0.0102901032450287
1273.0,0.147519612853851,0.141442328348699,0.0083282678123229,0.007158192518952,0.0081092648765811,0.0083021747426547,0.0132447549850125,0.0296273108420611,0.0189335876976732,0.069872035091839,0.0087750238334282,0.0067952433584562,0.0083903771377482,0.0082440680702216,0.008345256881096,0.0101225305199619
1274.0,0.149793177035105,0.146177783735753,0.0083196637524409,0.0071547732701124,0.0081270252183846,0.0083551540583364,0.0133751005849912,0.0301019357524714,0.0186261485924639,0.0672267306484185,0.0088137829284441,0.0068105696478855,0.0083906431225318,0.0082344343409953,0.0082813968957856,0.0100523181994734
1275.0,0.152580922545904,0.152495067001679,0.0083073636832999,0.0071520876079808,0.0081330223340563,0.0083899726681195,0.0135435875570843,0.0308373948376981,0.0180165568230653,0.0627635302735567,0.0088298939319428,0.006810362880522,0.0083797088159838,0.0081689110780425,0.0081948451846031,0.0098965215612331
1276.0,0.154354238248338,0.1565728690582,0.0083532450374106,0.0071939970367682,0.0081874603303767,0.0084442354191344,0.0137057885171366,0.0313661037855624,0.0177459266491299,0.0606345246036193,0.0088718845581475,0.0068286352386387,0.0084074199682976,0.0081513378216814,0.0081636590693079,0.0098313565858934
1277.0,0.15631519088199,0.161682594830137,0.0083849107477635,0.0072255729326562,0.0082541551964765,0.0085406439322629,0.0139130111360248,0.0321888426273707,0.017325591341765,0.057352624175726,0.0089200176080489,0.0068699011440584,0.0084232874962012,0.0081582784511468,0.0081086100892435,0.0097273320046954
1278.0,0.157145135839394,0.164699699179214,0.0084153668575978,0.007244126072233,0.0083095677801703,0.0085978023396535,0.0140593802297671,0.0327843511332345,0.0170350967336379,0.0552202156474229,0.0089739474490686,0.0068706765246293,0.0084031706711989,0.0081333394943786,0.0080732285886513,0.0096414553291811
1279.0,0.157060437224889,0.167549706336228,0.0084079095473778,0.007260914461481,0.008345474368519,0.0086515023262676,0.0142378560496101,0.0335585309110528,0.0165438933372874,0.0519627936338874,0.0089621695145185,0.0068594187224608,0.0083489268534397,0.0080774088914474,0.0079862349632507,0.0095071363149274
1280.0,0.155678388429653,0.169020007309352,0.0083915667798093,0.0072504093983742,0.008355204568165,0.0086883504703511,0.0143742697916535,0.0342225757459316,0.0161018450728854,0.0491207002977458,0.008954532921286,0.0068358462749354,0.0083194200358973,0.008009897452675,0.0079108368845533,0.0093847380647894
1281.0,0.15530206142155,0.170199033701791,0.0084298669924552,0.0072770740197902,0.0084321678011198,0.0088032779161084,0.0145566158551081,0.0349540272554091,0.015896124581091,0.0475611993777855,0.0089947756652354,0.0068543291921124,0.0083227065624891,0.0080230582554173,0.0079099770913823,0.0093290282566755
1282.0,0.15209910322706,0.168821349236753,0.0083850691273548,0.0072823930518422,0.0084244314984847,0.008808747238272,0.0146493625032314,0.0356533619368724,0.0154170926146394,0.0448024200426554,0.0089444133940422,0.0068110045147879,0.0082665591397219,0.0079407586681183,0.0078061525123273,0.0092051189772398
1283.0,0.150143309448062,0.167718323233257,0.0083871010948181,0.0072752937166818,0.0084800762653466,0.0088614069980531,0.0147750148791069,0.0362931381571992,0.0151954438082087,0.0432670162378807,0.0089375296983078,0.0067870026946048,0.0082361548855702,0.007921136402343,0.007784785118558,0.0091086687655535
1284.0,0.146134680320302,0.164254821744316,0.0083471328724846,0.0072880593902364,0.0084786559199587,0.0089040217180055,0.0148733657672957,0.0370380015280206,0.014789898766464,0.0410745514158573,0.0088620818245969,0.006729544871618,0.0081734357508288,0.0078409012722562,0.0076959417417381,0.0089901753278678
1285.0,0.142781037360796,0.160504448659863,0.0083109808976519,0.0072596773311113,0.0084867016620992,0.0089186974701113,0.014944192300021,0.0375963771382404,0.014479351220747,0.0394545562256998,0.0087991121447636,0.0066876503450825,0.0081174862781312,0.0077578486887826,0.0076137255169094,0.008851508944183
1286.0,0.137582557070259,0.15496521767707,0.0082543859121559,0.0072448566998778,0.0085043605595542,0.0089903984979283,0.0150908291759848,0.0384938434747722,0.0141012447685012,0.0374371673635039,0.008738566469037,0.0066267503703259,0.0080440148028079,0.0077141689651631,0.0075495812555253,0.0087472836720954
1287.0,0.132590493670867,0.148805357627104,0.0082325310231871,0.0072428318284141,0.0085684244503835,0.0090503276119235,0.0152394835602737,0.0394536572761645,0.0137472594980163,0.0356534916535067,0.0086693562208801,0.0065925869030348,0.0080152613813968,0.007670085699604,0.0074870888644123,0.008623012338639
1288.0,0.128096707839852,0.143085852900493,0.0081513948906492,0.0072254883310237,0.0085260326833445,0.0090471399623011,0.0152395015479383,0.0399280175161439,0.0134197217159245,0.034230475329279,0.0085818123883314,0.0065113462437103,0.0079268708393533,0.0076007516331265,0.0074034077032046,0.0085005061610754
1289.0,0.12237978198693,0.135394515441622,0.0081169886365699,0.0072266865232703,0.0085713496097689,0.0091140592525199,0.0154307056643617,0.0411106887674576,0.0130844871804751,0.0325384621982795,0.0085008904077839,0.0064785084580966,0.0078716242674724,0.0075566385354705,0.0073315528845937,0.0083969359355395
1290.0,0.119060945536259,0.130761190759539,0.0080769116752885,0.0072207897178464,0.0085916052263341,0.0091699715022185,0.0154928264678223,0.0417857799407472,0.0128816962081498,0.031632609370159,0.008462970083572,0.0064347990971943,0.0078408571409932,0.0075360544053991,0.007302159472683,0.0083254498033158
1291.0,0.112868956065565,0.122315534555825,0.0080420011984646,0.0072410575420908,0.0086306722479307,0.0092559371447619,0.0156625333275525,0.0431203216941704,0.0125408705585601,0.0300834783560809,0.0083939919693333,0.006368234610768,0.0077848941181751,0.0074872878908586,0.007216614353797,0.0082124505759714
1292.0,0.106686076551088,0.113639277243539,0.0079734970231907,0.007213386882011,0.0086486962062161,0.0092988152235545,0.0158039607799814,0.0443937103580647,0.0121752990040106,0.0285163087725411,0.008310148491669,0.0062879982755828,0.0077021854311203,0.0074098842891001,0.0071246305913766,0.0080548932385408
1293.0,0.103734707632993,0.109596876433958,0.0079571713284851,0.0072230635411443,0.0087088482879862,0.0093888624752175,0.0159801500889894,0.045383149392104,0.0120454735115836,0.0278836525266605,0.0082522071591438,0.0063009426809613,0.0077098449298806,0.0074060103376651,0.0071369093336829,0.008043692040084
1294.0,0.0979261477456982,0.101693599749719,0.0079231577849837,0.0072082367873104,0.0087329005905885,0.0094783362772462,0.0161475264988238,0.0469386549695247,0.011722946686825,0.0265274172567114,0.0081926280071837,0.0062328754009112,0.0076513546486695,0.0073642854834276,0.0070704696868051,0.0079303278562548
1295.0,0.0943881012356917,0.0965930824405172,0.0078865524647512,0.0072214834095117,0.0087644771128268,0.0095435926808317,0.0162946090551477,0.0480196528005318,0.0115145735352402,0.025714812074728,0.0081492052190543,0.0062077102875608,0.0075726505008544,0.0073282843499087,0.0070204640050709,0.0078433433918192
1296.0,0.0896382306656848,0.0904633711516161,0.0078581609792884,0.0072280792774484,0.0088108597207606,0.0096628945583043,0.0164816709860983,0.0497827071616358,0.0112935049487935,0.0247771996905425,0.0080783765594756,0.0061998905989326,0.0075569002092028,0.0073156540562659,0.0069747922165825,0.007804584110603
1297.0,0.0842425288807518,0.0833298390139519,0.0077959195700887,0.007224492831993,0.0088434170848401,0.0097249244525317,0.016672560386391,0.0514650312544696,0.010980682062839,0.0235845924507923,0.007983092104725,0.0061167376494946,0.0074873812466735,0.0072314197175624,0.006881245435652,0.0076447401814567
1298.0,0.0815523712582229,0.0796808214659741,0.0078203424553111,0.0072566112019911,0.0089214965125608,0.0098276595456292,0.0168693755528022,0.0530095829541384,0.0108578326138642,0.0230295148766645,0.0079825672764104,0.006135029925383,0.0074865344441956,0.0072314311816085,0.0068677733391971,0.0076232453681618
1299.0,0.0777619096318936,0.074685792115734,0.0078030769390218,0.0072804519064609,0.0089917545611219,0.0099855156463744,0.0171685191345873,0.05529132814322,0.0106778755946874,0.0222643180327118,0.0079664204112821,0.0061203870740773,0.0074883493055682,0.0072484276785205,0.006868438169773,0.0075776383201797
1300.0,0.0743848976167626,0.0704174528648491,0.007754165434532,0.0072556464708862,0.0090126214893567,0.0100454477049417,0.0173178952656002,0.0568082496201787,0.0104781339574379,0.0215130736854092,0.0078969684241182,0.0060769917602288,0.0074489747594513,0.0071875476598717,0.0068083086076243,0.0074819077836841
1301.0,0.0707494956225997,0.06584942748238,0.0077237970769792,0.0072957855434987,0.0090364118361073,0.0101678342582966,0.0175667926411474,0.0590651229361341,0.0102768625071488,0.0207598131932357,0.0078357897321127,0.0060333504662406,0.007413053010716,0.0071467707597118,0.006752618615505,0.0074025105461169
1302.0,0.0674749239513542,0.061704556571145,0.0077019192706022,0.0073012413894726,0.0091226863646115,0.0103208562544362,0.017906921936488,0.0617158487364736,0.0100887212249537,0.0200671850668704,0.0078325105800074,0.0060249003424271,0.0074206973679333,0.0071482967745476,0.0067233108863707,0.0073630085204619
1303.0,0.0645469271389768,0.05825391179897,0.0076601504503634,0.0072848629174494,0.0091280334006839,0.0103576527190133,0.0180210666418561,0.0634652603668747,0.0098906950236585,0.0194350695803696,0.0077572967310291,0.0059866879541524,0.007367891465119,0.0071055171761263,0.0066501006641442,0.0072574359678099
1304.0,0.0620945985901251,0.0551118159701382,0.0076815517159729,0.0073560243595067,0.0092686004431598,0.0105656331526972,0.0184576724455459,0.0666670833652312,0.0097980341601507,0.0189408327106968,0.0077791354315269,0.0060222046901587,0.0073875073411342,0.0071411085946354,0.0066887492825652,0.0072384343860202
1305.0,0.0601196472881321,0.0527494164510512,0.0076672040325895,0.0073698753894751,0.0093042145700557,0.010655013800493,0.0186584177374033,0.0686490529142416,0.0096658377638742,0.0185209038905235,0.0077588617346021,0.0060161655229022,0.00739053486482,0.0071433609322875,0.0066404425425162,0.0071978694694202
1306.0,0.0572149317776087,0.0492305170769642,0.0076437055486012,0.0073779185670771,0.0093788066350034,0.0108258064800283,0.0190714989000533,0.0721316453395266,0.0095021131723038,0.0178809437630564,0.0077286977390466,0.0060105050256804,0.0073752504888842,0.0071001748765471,0.0065939259939915,0.00712624189218
1307.0,0.054704843152159,0.0463726542345666,0.0076296985943045,0.007412282577858,0.009444992393186,0.010944298375056,0.0193840699610595,0.0753882184431329,0.0093684316691864,0.0173636639265836,0.007702792143573,0.005998225616564,0.0073851501599055,0.0071041280913759,0.0065757105266193,0.007055060746077
1308.0,0.0532889244882722,0.044586564174868,0.0076625899887807,0.0074411321823662,0.0095242689046185,0.0111014234666075,0.0197062364092259,0.0780890735888126,0.0092703377522048,0.0170505535256448,0.0077109284947493,0.0060066879023695,0.0074050994585635,0.0071141084937144,0.0065659146144372,0.0070382577682798
1309.0,0.0495393690766505,0.0408173024941706,0.0074627527510181,0.0072790114257441,0.0093752687996821,0.0109585389823123,0.0196296521026832,0.0801413898249753,0.0089076336799471,0.0161492536050853,0.0074967924786086,0.0058824059541639,0.007230169658782,0.0069489645879784,0.006384197038592,0.0068321045166385
1310.0,0.049120766261972,0.0399470751098503,0.0076150269064851,0.0074388514246182,0.0096103907690222,0.0112842048944801,0.0202459283587584,0.084168881857032,0.0089640816696912,0.01609641594769,0.0076194964747354,0.0060041560902622,0.0073660577057133,0.0070713331487712,0.0064849683616457,0.0069188303257023
1311.0,0.047152010718482,0.0377116218235235,0.0075785745134893,0.0074628966399337,0.0096571871679295,0.0114384556493935,0.0206422648906317,0.0881556122733821,0.0088611288337903,0.015676039171627,0.0075770866951799,0.0059873879556296,0.0073860992774163,0.0070572121767955,0.0064459818316252,0.0068337332208066
1312.0,0.0451851755287812,0.0354449519667923,0.0076039795472175,0.0074978930888781,0.0097695815596034,0.0116695104173326,0.0211758831366431,0.0930195960498385,0.0087170703394804,0.0151884299208291,0.0075619171970689,0.0060117372178571,0.0074032764599328,0.0070559910079356,0.0064343705982956,0.0068114527310854
1313.0,0.044086291499614,0.0342894067460915,0.007594174236286,0.0075203103811608,0.0098288654265424,0.0117940463034739,0.0214676614265922,0.0957764142250079,0.0086617099072141,0.0149831963887343,0.007560972806457,0.0060177173803557,0.0074136822780232,0.0070982429515033,0.0064272049935638,0.0067924143988056
1314.0,0.0426330258860441,0.0325807678215697,0.0076273996772826,0.0076019300653176,0.0099862136262947,0.0120046614997892,0.0220272553426821,0.100733087596035,0.0085828892136285,0.0146379529953372,0.0075802059845239,0.0060619562845905,0.0074873258805578,0.0071061704711913,0.0064375976916515,0.0067663700791159
1315.0,0.0417101842540345,0.0315119425992941,0.0076505308431524,0.0076565462981374,0.0100919493095764,0.0121738357706383,0.0224504844802976,0.104467116054141,0.0085516137742586,0.0144375289220687,0.0076095505560668,0.006100734619264,0.0075262918525361,0.0071506172212977,0.0064373197170494,0.006771829264386
1316.0,0.0401799733958069,0.0298735168520436,0.0076471769134272,0.0076783730052297,0.0101727635460204,0.0123536601841498,0.0230004525801954,0.109158054573115,0.0084332740157166,0.0140757450581358,0.0076028258431537,0.0061041466272211,0.0075313639594143,0.0071395449050467,0.006421613433849,0.0066982729603221
1317.0,0.0387799515204307,0.0283730750009719,0.0076355747707505,0.0077191265057223,0.0102657381457423,0.0125415027555668,0.0235236179372072,0.113936956482595,0.0083330475878189,0.0137434338707346,0.0075847662832677,0.0061299704288385,0.0075781421796804,0.0071587887625906,0.0064083850839501,0.0066525173374995
1318.0,0.0378730817240688,0.0274403967719475,0.0076460310351486,0.0077591101236645,0.0103585576068854,0.0127004110785878,0.0239433740143789,0.11735143797513,0.0082648857804707,0.0135246423054432,0.0075943915847263,0.0061531452107385,0.0075979655775482,0.0071693054783219,0.0064018096857752,0.0066265441067287
1319.0,0.0365955427065265,0.026099250688525,0.0076610747624243,0.0077832116626371,0.0104495298243952,0.0128985700190531,0.0244948627698486,0.122005447983942,0.0081803391383247,0.013208897833573,0.0075920900317485,0.0061655165793029,0.0076208781660916,0.0071789976461753,0.0063885379092136,0.0065817305698049
1320.0,0.035313656689653,0.0248377096107181,0.0076353689581681,0.0078022807987044,0.0105435976429645,0.013051663678224,0.025009620865745,0.12606590563297,0.0080725707132029,0.0128878248232429,0.0075916629231744,0.0061787094314788,0.0076433925571029,0.0071847474032093,0.0063697249112939,0.006519486594198
1321.0,0.0347722134374008,0.0242183933275862,0.007678808072585,0.0078549448994276,0.0106813108123185,0.0132840666580405,0.0255645985536055,0.129778769909411,0.0080595816911602,0.0127587099048645,0.007619338219221,0.0062158979226742,0.00770861958249,0.0072384627954035,0.0063936443729441,0.0065428119821902
1322.0,0.0337880427071982,0.0231962971735791,0.0077342027706514,0.0079530630406537,0.010841119020858,0.0135167273161493,0.0263259365921167,0.134125460292765,0.0079891800268803,0.0125333495520593,0.0076680887307549,0.0062436008270635,0.0077514484314716,0.007248016817665,0.0064159562337348,0.0065131465036224
1323.0,0.0329296321109427,0.0224167384537534,0.0077171448668567,0.0079610198434817,0.0108806965522282,0.0136183282615158,0.0266448627250662,0.135984336623828,0.0079146709339352,0.0123382321666762,0.0076356003567877,0.0062574058428744,0.007751352327362,0.0072498804520505,0.0063844314257648,0.0064695804428671
1324.0,0.0320351163157662,0.0215719738476339,0.007755552707509,0.0080247951963251,0.0110284334052624,0.0138404693988289,0.0272896781136026,0.139248638959107,0.0078318106398176,0.0121173852596848,0.0076787349352761,0.0062768552503099,0.0077915721452646,0.0072628733168339,0.0063685290379002,0.0064556541261062
1325.0,0.0311022681552426,0.0206348236353135,0.0077445735822715,0.0080650596960117,0.0111639656395883,0.014046404574823,0.0279671100976808,0.141629128894951,0.0077512358993541,0.0118683248268745,0.0076764417362388,0.0062747433067694,0.0078079701972665,0.007262340344504,0.0063573932716295,0.0064165790515505
1326.0,0.0303568681119699,0.0200812851238038,0.0077559442276533,0.0080946999718993,0.0112382979760024,0.0141485418610128,0.0283837972467177,0.142485420151874,0.0076894750024255,0.0117182802756733,0.0076888789734493,0.0062842490399176,0.007823406219411,0.0072764619825067,0.0063578761487317,0.0063918848608982
1327.0,0.0294615546529433,0.0193182256945845,0.0077539907992172,0.0081123477238311,0.0113486638043803,0.0143232687434801,0.0289689918526423,0.143351269716737,0.0076081585546614,0.0114940554077538,0.0076922970459893,0.0062791047436804,0.0078418730001991,0.0072651204104614,0.006330963421251,0.0063281602494904
1328.0,0.02901261192831,0.0188860227362611,0.0078180580705034,0.0082173448478776,0.0114927960240106,0.0145022793508582,0.0295533784671381,0.144296323732304,0.0075854096728936,0.0114004815171987,0.0077300082538246,0.0063071439796997,0.0078636763848316,0.0072800207624502,0.0063462422139087,0.0063515257590721
1329.0,0.0281112920509822,0.0181648331272439,0.007818332624262,0.0082551323886168,0.0116121654632041,0.0146927004068982,0.0302195277385847,0.143834334775219,0.0075020976476748,0.0111636007571087,0.0077447663481602,0.0062907627079469,0.007840185600876,0.007258490999435,0.0063372982760621,0.0063143830341872
1330.0,0.0272309106118226,0.0174804882813572,0.0078372410834398,0.0082794282482766,0.0117116409042467,0.0148368389807629,0.0307798885056516,0.142054802413848,0.0074118064451336,0.0109692340051072,0.0077170274299691,0.0062613402196782,0.0078366264904181,0.0072247588132546,0.006287407121296,0.0062542951111329
1331.0,0.0266797616336969,0.0170945004046693,0.0078203147688245,0.0083224629112944,0.0117884979912095,0.0149830665770524,0.0312670833189674,0.141012795033826,0.007372985992413,0.0108708217521342,0.0077293987185835,0.0062816329985626,0.0078251280315859,0.007224742700881,0.0062985750890234,0.0062548080219997
1332.0,0.0259076812894985,0.0165016454844574,0.007834261464423,0.0083577737433507,0.0119391801527935,0.0151251206695629,0.0320008444410152,0.138132074883871,0.0073099834308109,0.0106902327737927,0.0077363907671161,0.0062374993883291,0.0077976687988278,0.0071934474630733,0.006247387288622,0.0062014791801193
1333.0,0.0255145766454906,0.0162281878999833,0.0078743720337639,0.0084085349992712,0.0120587539345778,0.0152835650993185,0.0325159877650961,0.136483041166852,0.0072803161023633,0.0106199073891318,0.0077613686049598,0.0062622215957499,0.0078182844788101,0.007187342675827,0.0062608021541234,0.006216444603295
1334.0,0.0246633096154443,0.0156424030751161,0.0078951928940431,0.0084683648438476,0.0122130178378042,0.015453757356962,0.0332493411172282,0.132507491634135,0.0072185606979571,0.0104331980038616,0.0077798642177365,0.0062312433006259,0.0077622595666528,0.007133740835282,0.0062163377180637,0.0061574251774609
1335.0,0.0239668892210307,0.0151732152682983,0.0079164400632251,0.0085307765218384,0.0123396281758314,0.0156736895476536,0.0340921200029976,0.12864077182752,0.0071555551659251,0.0102857550484754,0.0077823678926976,0.0062177394600571,0.0077467558933165,0.0071132503634239,0.0061917877744891,0.0061430839262314
1336.0,0.0235678713175932,0.014929569105475,0.0079651418659942,0.0086011255375693,0.0124872819911597,0.0158281634155526,0.0346671601194375,0.125797413233227,0.0071278078754746,0.0102330870637519,0.0078206177817999,0.0062169927066326,0.0077598020742629,0.0071074324968938,0.0062026941953478,0.0061362061178735
1337.0,0.0227201327412771,0.0143965488187681,0.007934753712995,0.0086094671348777,0.0125937871693435,0.0159627700403447,0.0354223192645005,0.120361466108815,0.0070524924705328,0.0100179514023876,0.0077775915504681,0.0061627835572764,0.0076654584592095,0.0070425197525299,0.0061296598867668,0.0060847826557539
1338.0,0.0223530462238907,0.0141554993790539,0.0079712634811269,0.0086563030486899,0.0127186506634745,0.0161115634886355,0.0361312211198093,0.1174021359197,0.0070352804657374,0.0099653654962379,0.0078048634045565,0.00617854091647,0.0076612905748054,0.0070352804657374,0.0061316795883055,0.0061012733830079
1339.0,0.0216701651528542,0.0137709969388105,0.0080037054732028,0.0087283047518671,0.012865991808293,0.0163009678002284,0.0370179237649926,0.112476768436647,0.0069863866871946,0.0098367148867006,0.0078190495279948,0.0061644799264467,0.0076305063771483,0.0069910464289694,0.0061160903003233,0.0060741526243497
1340.0,0.0209999078048007,0.0133216561398499,0.0080121684543907,0.0087592863419149,0.0129943098265571,0.0164886036517675,0.0380636103005511,0.106726550233228,0.006907845624052,0.0096818623707185,0.0077935946632462,0.0061084192293083,0.0075483887066801,0.0069250221983348,0.0060733503901476,0.0060200314408116
1341.0,0.0206049443900051,0.0131044625585953,0.008047062104809,0.0088057339168392,0.0130999287663375,0.0166117272095416,0.038805117579885,0.103426751039012,0.0068955882459453,0.0095874584794609,0.0078129954933972,0.0061065176583253,0.0075438301592081,0.0069052634983821,0.006063874879067,0.0060111985046891
1342.0,0.0200946197197068,0.0127730165897125,0.0080917812866187,0.0088759654962485,0.0132784284176857,0.0168764075146339,0.0400249325167401,0.0988035829131918,0.0068422744536541,0.0094685838739754,0.0078383273264345,0.0060600230364918,0.0074994806282016,0.0068523355651288,0.006026965098789,0.0059727069619073
1343.0,0.0197495322399339,0.0125827748285996,0.0081541739590344,0.0089620117394002,0.0134757722073467,0.0171434801688943,0.0412134803548341,0.0953944677888036,0.0068384755974111,0.0094329408438793,0.007875731087727,0.0060688083307011,0.0075084113309699,0.0068641311729681,0.006046043524221,0.0059831692967996
1344.0,0.0192674587625336,0.0122814262469446,0.0081847379595586,0.0090157516498956,0.0136379815396653,0.0173823148021466,0.0425042476842007,0.0908572752692097,0.0067704788351828,0.0093055654400119,0.0078706509498239,0.0060460133665749,0.0074573285230941,0.0068366681416008,0.0060286522370226,0.0059646330717986
1345.0,0.0187943194139966,0.0120013988821359,0.0082255761386718,0.009069811121376,0.0138098974662806,0.0176472257362957,0.0438952934469516,0.0866243302186201,0.0067106797237281,0.0091846195818893,0.0078921387925618,0.0060031662873058,0.0074203690087503,0.0067911861219268,0.0060035289287391,0.0059313632835069
1346.0,0.0184954520505902,0.0118003404665426,0.0082730940526677,0.0091579000172616,0.0139721634217788,0.0179241261583602,0.0452970675584172,0.0832477490932662,0.0067025488060653,0.0091226608118189,0.0079031058697986,0.0060125966094499,0.0074209000904571,0.0067892024328698,0.0060191502450906,0.0059361375269754
1347.0,0.0180847412327307,0.0115503979246323,0.0082900783360659,0.0092212404845582,0.0141589013921823,0.0181801539144675,0.0469149977669313,0.0793625159515173,0.006654565583739,0.0090184044189383,0.0079273651109189,0.0059925739951127,0.0073975280443625,0.0067446547971774,0.0059914797941398,0.0058857070334226
1348.0,0.0178899385828711,0.0114139905661923,0.00833564373004,0.0093031560457684,0.0143302472451085,0.018411315295276,0.0482025100369254,0.076855902409648,0.0066381037551962,0.008969035363307,0.0079489570643788,0.0059865556612205,0.0073917765223287,0.0067457190021787,0.0059799669726297,0.0058921177914195
1349.0,0.0174226780601134,0.0111106548645184,0.0083827424814342,0.0093963694063246,0.0145334421934319,0.018765736319965,0.0503662084213276,0.0726208970091642,0.0066043311706432,0.0088461010906257,0.0079388822635381,0.005970843284833,0.0073430337689694,0.0067102790867307,0.0059503135848299,0.0058692945901747
1350.0,0.0171196197290447,0.0108817868062725,0.0084115164579025,0.0094461713471799,0.0147070892953777,0.0190649183875565,0.0522764757690415,0.0694240893703483,0.0065403307866294,0.0087428709233534,0.007954733708407,0.0059442844491286,0.007341923023367,0.0066866765252631,0.005936194986189,0.0058450046766886
1351.0,0.0169698776520085,0.0107839421164672,0.0084594867092752,0.0095254510654682,0.0149136376392908,0.0193453324761987,0.0539446695611024,0.0673531940172008,0.0065416802712521,0.0087203939941078,0.0080011541434724,0.0059408722666613,0.0073149390061097,0.0066971444199508,0.0059641364979392,0.0058400605977901
1352.0,0.0165853291674859,0.0105186495607178,0.0084943412230692,0.0096058066255207,0.0151396467204725,0.0197292593297241,0.0564493115973425,0.0637923282056049,0.0064816213831875,0.0085782689383075,0.0079966102375005,0.005920250186467,0.0072775127838011,0.00666074311372,0.0059464721305243,0.0057776914483524
1353.0,0.0164010378523405,0.0103933718755115,0.008516795469906,0.0096393507365782,0.0152677941344158,0.0199645037925929,0.0579318514253319,0.0619423376751932,0.0064233957920939,0.0085094468081382,0.0079940880962694,0.0059173167843029,0.0072459128062173,0.0066189515226428,0.0059236011839613,0.0057624248162499
1354.0,0.0161588661702257,0.0101981460521787,0.0085651657219621,0.0097253970036164,0.0154733149778777,0.0203484877113305,0.0605015192699243,0.0593476823731658,0.0063936601790393,0.0084441980716966,0.0080148615793442,0.0058999297970763,0.0072310002187199,0.0066427493807504,0.0059336606264747,0.0057535157573801
1355.0,0.0158905932549416,0.0099587707491817,0.008622327946608,0.0098252368112664,0.0157480103701167,0.0208164353514579,0.0636769790900832,0.0564280631522196,0.0063761366267807,0.0083392255555902,0.0080269324910987,0.0058844352536616,0.0071889491007122,0.0066132533887232,0.0059085929174959,0.0057179332013885
1356.0,0.0157207514723876,0.0098573864174452,0.0086373801210754,0.009888341727444,0.0159085123770563,0.0210908649130826,0.0654508061325943,0.0548928621355317,0.0063349991343193,0.0082755532821162,0.0080349603824327,0.0058696830620488,0.0071785241101313,0.0066242396048427,0.0059128643935555,0.0057040305403205
1357.0,0.0155660551572305,0.0097125761562534,0.0087313053706999,0.010009355387178,0.0162165078172221,0.0216057221530672,0.0687285992029313,0.0529207582467221,0.006336080628361,0.0082371296600428,0.0080820983196273,0.0058908911448921,0.007185613085452,0.0066216314586668,0.0059388576885655,0.0057170124240759
1358.0,0.0154515966500485,0.0096333754724315,0.0087463349458741,0.0100741115001136,0.0164268194752665,0.0219830244006825,0.0710759555749802,0.0516563888007433,0.0063229894281888,0.0081944079086583,0.008114099293471,0.0058930892792616,0.0071925601839732,0.0066630765215271,0.0059479541584079,0.0057070747917451
1359.0,0.0152364332162963,0.0094321536259569,0.0087854830539017,0.01017475248571,0.0166876904574484,0.0224973915472439,0.074513503407399,0.0495055907641373,0.0063017547646064,0.0081128460455553,0.0081405381336893,0.0058791793421037,0.0071803955585012,0.0066483192918772,0.0059254632040519,0.0056707138175565
1360.0,0.015067852670955,0.0093202256833714,0.0088367845697893,0.0102732436142709,0.016927109529552,0.0230116060017506,0.0777739589176679,0.0476515823453146,0.0062777040516737,0.0081046788312484,0.0081519563063575,0.0058764860608652,0.0071661153170355,0.0066785449579044,0.0059398362699402,0.0056860583490622
1361.0,0.0150316887800428,0.0092476933416024,0.0089418485760374,0.0104258534197067,0.0172441444620258,0.023527660125674,0.0809472639324855,0.0467473603928736,0.0062794567132912,0.0080806115662422,0.0082356102598535,0.0059125688075032,0.0072076452914394,0.0067023233923334,0.0059954022625213,0.0057041613476174
1362.0,0.0147857992751209,0.0090821328416208,0.0089900624164018,0.0105015820248387,0.0174911430301327,0.0240403699027614,0.0844124551757373,0.044881227892956,0.0062305047562329,0.00801373386286,0.0082159799146689,0.0058948470148963,0.0071590568149418,0.0066980009783654,0.0059611451015034,0.0056853450612178
1363.0,0.0146665593781409,0.0089778509597348,0.0090481729452699,0.0106523913455669,0.0178713633010235,0.0246650003245231,0.0883097009962101,0.0433792556890173,0.0062312214277438,0.0079664789793827,0.0082758942525649,0.005897283463061,0.0071804286561227,0.0067332719979345,0.006001734378955,0.0056845695540508
1364.0,0.0145589255308044,0.0089011700851746,0.0091222423095997,0.0107412082358551,0.01809719949707,0.0251442219671871,0.0910003207381758,0.0424679156834313,0.0062338207105072,0.0079283474584816,0.008298813509874,0.0058829648106101,0.0071699471508439,0.0067501457684343,0.0060250691106776,0.0056960459469095
1365.0,0.0143979029166618,0.0087914634811522,0.0091836342481827,0.0108857029674123,0.0184281331575591,0.025772663135321,0.0947336852140399,0.0409895296506675,0.0062084100771341,0.0078862025615225,0.0083353215236663,0.0058986637723239,0.0071815682437392,0.0067535481633361,0.0060308067854457,0.0057033386771265
1366.0,0.0143940960759692,0.0087829989634837,0.0092694096771232,0.0110484557008206,0.0187925037163572,0.0263913784500712,0.097882961816859,0.0403127549914045,0.0062406851809506,0.0079188624428525,0.0084190400693173,0.0059365179863474,0.0072034269287857,0.0068240942174623,0.0060693233811741,0.0057394519166044
1367.0,0.0142327764799723,0.0086488912711804,0.0093146441550988,0.0111722861463912,0.0190809956822065,0.0269891746887298,0.101084587661232,0.0390684181610434,0.0061985852382358,0.0078548365435856,0.00844274195813,0.0059235894625252,0.0071749967728203,0.0068133047539826,0.0060797211582924,0.0057290132788555
1368.0,0.014077821440306,0.0085276989575786,0.0094010903154939,0.0113373336374739,0.0194451122122257,0.0276848968063906,0.104457156357989,0.0378794203615753,0.0062057273234857,0.0077867916813152,0.0084738204057715,0.005925709887533,0.0071543659381834,0.0068258227533867,0.006102709545202,0.0057288226278788
1369.0,0.0140022740862318,0.0085286271522743,0.0094417925154252,0.0114328324817088,0.0196576867514407,0.0282520831443513,0.106633440216592,0.0371779345323399,0.0062348304675113,0.0078122643223906,0.0085195851711826,0.0059404459518318,0.0071969161145133,0.0068703144151752,0.0061317354798041,0.0057543917162039
1370.0,0.0138748194436909,0.008393040046454,0.0095130896065871,0.0116108410015754,0.0200644017804944,0.0289532702401754,0.109287081129265,0.0361536165898866,0.0062219076216831,0.0077756495289153,0.008573804559381,0.0059406337976991,0.0071718701592893,0.0068824316379473,0.0061484253454609,0.00576345986503
1371.0,0.0137934500292455,0.008359795205912,0.0095883546481065,0.0117658686831735,0.0203552863783287,0.0295283652589041,0.111066485561618,0.0354899715551898,0.006210633863906,0.007754386859156,0.0086218211287166,0.0059302150880047,0.0071645547514994,0.0068886922629466,0.006179982476289,0.0057690881990452
1372.0,0.0136578865177223,0.0082475424446727,0.0096796114660272,0.0119370083975472,0.0207827933218196,0.0303519790141381,0.11318484370793,0.0345197154184788,0.0061947214031835,0.0076977528790105,0.0086873490785459,0.0059390031684041,0.007181244312233,0.0068900213969223,0.0061900719807329,0.0057897989752188
1373.0,0.0134665141509898,0.0081471640265137,0.0096999663870587,0.0120689535589558,0.0210560510573341,0.0310177736076623,0.11386113079745,0.0334829959818278,0.0061504746449471,0.0076456888258942,0.0086923534429834,0.0059203095671218,0.0071303938755391,0.006859434614144,0.0061775276298407,0.0057635740197221
1374.0,0.0134736098746199,0.0081685063852264,0.009809082890588,0.0122502166218383,0.021484158330566,0.0318084272786735,0.115096920231281,0.033119394612745,0.00619274325795,0.0076644027774248,0.0087896927418946,0.0059886731379162,0.0071869310222174,0.0069178898596942,0.0062311154172726,0.0058343124060957
1375.0,0.0133296611984851,0.008049021026873,0.0099114608520577,0.0124658018972721,0.0219471630833283,0.0327731559808954,0.115677068037134,0.0323025021343606,0.0061708258519271,0.0075892279092586,0.0088678190536446,0.0059768221902514,0.0071883462010363,0.006925531171947,0.0062236552243285,0.0058454146757068
1376.0,0.0131526836082106,0.0079744064289051,0.0098877464615419,0.0125229540158902,0.0220590617486893,0.0330956448752705,0.114529124175512,0.0315872210990923,0.0061460190970621,0.0075412540895177,0.0088414498333149,0.0059539280149814,0.0071754302805202,0.0068803533036177,0.0061970642797129,0.0058016879965492
1377.0,0.0129575544404666,0.0078971926675621,0.0099258349328664,0.0126889448308737,0.0224581885731656,0.0340368736923166,0.113432222635149,0.0307368944197149,0.0061180728541796,0.0074712039932092,0.008892252676754,0.005967724949843,0.0071229583955138,0.0068326782549121,0.0061773968766739,0.0057861300412919
1378.0,0.0127544237359451,0.0078269570759138,0.009994670227241,0.0128703853439149,0.0229079366719213,0.0350166669173309,0.111831914249517,0.0299600166880706,0.0060834663044333,0.0074119032118738,0.0089228397910574,0.0059599649658685,0.007111580768648,0.0068390575197117,0.0061951188060878,0.0057940812491247
1379.0,0.0126538670743558,0.0077577891017522,0.0100284087751626,0.0130279952018722,0.0231722471480191,0.0355699778017925,0.110362630853734,0.0294571328658126,0.0060551749999941,0.0073743772782065,0.0089664896479313,0.0059501138767293,0.0071089837450897,0.0068230347748123,0.0061885569477912,0.0057646581547922
1380.0,0.0124222701453165,0.0076779303866241,0.0101091030612332,0.0131916794735305,0.0235951211069591,0.0366458812918732,0.107516626477106,0.0287314835950663,0.0060261006154035,0.0073106211528895,0.0089716924378521,0.0059603214698139,0.0070904437350131,0.0067939807802377,0.0061485229141397,0.0057648112315337
1381.0,0.0123685753371622,0.0076639142945095,0.0101917886992401,0.0133955061308365,0.0240661871092057,0.0377077761825718,0.106476649090153,0.028548911391318,0.0060509181131609,0.0073303468009759,0.0090883303306099,0.0059949717691059,0.0071354517499646,0.0068194924790311,0.0061811538648955,0.0058142925924037
1382.0,0.0121721181930634,0.007572785998681,0.0102529998223359,0.0135746867943086,0.02448939023079,0.0387361110430566,0.103259983822245,0.0279104475202754,0.0060201400123225,0.0072451076322212,0.0091190548506704,0.0059873649589473,0.007099895937406,0.0067889881394161,0.0061767319340041,0.0057957219385172
1383.0,0.0118841531465409,0.0074685909870058,0.0102882834609203,0.0137697935223448,0.0249441102002752,0.0399634770880563,0.099148008275454,0.027187146992016,0.0059627479239805,0.0071714313139068,0.0091656581006523,0.0059794225270481,0.007060117071807,0.0067482569279483,0.006152027202045,0.0057725673160204
1384.0,0.0117613369732709,0.007485769511634,0.0103917343802595,0.0139843375643187,0.0254010967993226,0.0409664067251328,0.0969655973396533,0.0269616501554975,0.0059816729392325,0.0072125847122162,0.0092061068244197,0.0060046343512377,0.0070649113173593,0.0067650622899975,0.0061959794512808,0.0058033843283687
1385.0,0.0115884976294361,0.0074011910308302,0.0105080991365098,0.0142308798379352,0.0259872105545532,0.0423895430375119,0.0936735498784496,0.0264833113182075,0.0059360587425284,0.0071211279929543,0.0092977345482824,0.0059686425674931,0.0070456942063923,0.0067171778341462,0.006140488767649,0.0057731396177053
1386.0,0.0114099715984066,0.0073279252826844,0.0105356526427467,0.0143889588711357,0.0263503206409766,0.0435784443998031,0.0904141258610706,0.0261253177997323,0.0059259014698152,0.0070926063458704,0.0093115533573659,0.0059956284075924,0.0070277647349438,0.0067066655246705,0.0061430764543569,0.0057575797537798
1387.0,0.0111738777849868,0.0072752344924102,0.0106164124389514,0.0145885427944032,0.0268422460847605,0.0449382457203163,0.086336816386396,0.0256016329838726,0.0058960691344979,0.0070305884434489,0.0093484671208654,0.0059585358820245,0.0069769198293768,0.0066474297315077,0.0061226210709499,0.0057583783459358
1388.0,0.010996809400934,0.0072254072499404,0.0107334154979717,0.0148267276048741,0.0274859071728368,0.0467130623829642,0.0828027825285118,0.0252445174062088,0.0059026354165593,0.007009324878831,0.0094184211556148,0.0059721862562831,0.0069507097057305,0.0066392619203006,0.0061209113223591,0.0057534729238183
1389.0,0.0108591524418869,0.007190283732475,0.0108102410731991,0.0150109404799506,0.0279985074236649,0.0481737425388998,0.0798628577186284,0.0249225234961675,0.0058865346855833,0.0069810160090335,0.0094698941043594,0.0059752764145117,0.0069322950598179,0.0066299641695961,0.0061423196689651,0.0057634272871189
1390.0,0.0106471531172009,0.0071279795008138,0.0108722400026317,0.0152241321428515,0.0285485444033013,0.0499270944774014,0.076096525687774,0.0245496153004654,0.0058692679595069,0.00691510552047,0.0094949522792532,0.0059584312112036,0.0069000296083474,0.0066187561621741,0.0060971296027316,0.0057167858768954
1391.0,0.0105612216031274,0.0070908603112608,0.011000898272074,0.0154672526880122,0.0290894604051525,0.0514630820904725,0.0739269384218873,0.0243720146417872,0.0058640488411826,0.0069155008371265,0.0095828447666369,0.0059793000211061,0.006926681921746,0.0066106012603886,0.006121643829146,0.0057470774943946
1392.0,0.0103404266976698,0.0070147118497352,0.0110827843578334,0.0156931633770365,0.0298580129578845,0.0538239571108169,0.0700451020370947,0.0240328750498342,0.0058431822513864,0.0068755601568195,0.0096194659869332,0.005956518001632,0.0068921770525322,0.0065939250782015,0.0061303562952419,0.0057370897633745
1393.0,0.0101491822596966,0.0069380696455284,0.0111685116079896,0.0159500923976494,0.0305257441617861,0.0560217505069447,0.0669779505478591,0.0237318380991771,0.0058118961560165,0.0068250875988146,0.0096537009310654,0.0059692030077364,0.00684496238922,0.006598007546735,0.0061328528776708,0.0057353570695614
1394.0,0.0100930596058603,0.006927797793913,0.0112714607058161,0.0161629271608963,0.0311350983298518,0.0578588823027719,0.0651053802748863,0.0236100370299719,0.0058512315565698,0.0068281240223292,0.009720127764486,0.0059824118488198,0.0068715695853574,0.0065969767549561,0.0061249807838055,0.0057470465656187
1395.0,0.009892152681236,0.0068724929824919,0.0114223991652418,0.0164635113336476,0.0320582039498014,0.0607872385263898,0.0617795383008123,0.0233078671735847,0.0058186987480741,0.0067631759081022,0.0097785483580494,0.0059868474718701,0.0068476685504077,0.0065866615761572,0.0061491402699617,0.0057513556024742
1396.0,0.0097977742273586,0.0068124449175876,0.0114551770995534,0.016621503613474,0.0325376522303244,0.0624533438973283,0.0600461493896872,0.0231441496080069,0.0057959303017721,0.0067746208391843,0.009794475156363,0.005962099461103,0.0068408386244815,0.0065676382021231,0.0061570046404684,0.0057742741707315
1397.0,0.0096843429693105,0.0067951782450945,0.0116022307659069,0.0169507257071067,0.0335562340334179,0.0656279917291391,0.0576748395467501,0.0230006456935928,0.0058146027848671,0.0067441594149774,0.0098521585000827,0.0059929648334826,0.0068105266888809,0.0065823891848377,0.0061709120866363,0.0057872262843819
1398.0,0.0095328379339139,0.0067378151207196,0.011761628288477,0.0172922363945224,0.0346113991559512,0.0691406638044253,0.0549261089097314,0.0227675440628811,0.0058285086450139,0.0067157069080919,0.0099340956894243,0.005985388747373,0.0068094221271327,0.006578643239715,0.0061942869889353,0.0058082793686571
1399.0,0.0094578017804553,0.0067182164881586,0.0118281001222345,0.0174909587944154,0.0353282817272608,0.0713442853657154,0.0536298156202125,0.0226886651081935,0.0058303974492226,0.0067129692406906,0.0099833505618859,0.0060091305634166,0.0068156894212618,0.0066127143444531,0.0062227885390047,0.0058266995227221
1400.0,0.0093515976972535,0.0067094885387594,0.0120238881203597,0.017897542101591,0.0365057313515972,0.075117845883244,0.051618950111545,0.0225814105690153,0.0058600187076686,0.0067078773584495,0.0100717933827393,0.0060501619720293,0.0068349127290353,0.0066250994718097,0.0062751375154216,0.0058649362058848
1401.0,0.0092842562413825,0.0067111908490359,0.0121721116267614,0.0181753518441739,0.0374222478916776,0.0778508807629584,0.0504086015040962,0.0225175155602137,0.0058775161425054,0.006729217268892,0.0101315531519115,0.0060618670356627,0.006843924491301,0.0066452351953426,0.006323645303946,0.0059246280374234
1402.0,0.0091766353415724,0.006656530118387,0.0122647581356986,0.01843716030279,0.038423819216774,0.081740615639754,0.0482542260243504,0.0223124731968237,0.0058842891788454,0.0067111251937416,0.0101097021952933,0.0060645491958725,0.0068620878716582,0.0066297436962124,0.0063461291773233,0.0059457322094799
1403.0,0.009077796382993,0.0066426314284859,0.0124955800023196,0.0189101071272043,0.0400342536065201,0.0859070895418067,0.0468031385127847,0.0221395759308823,0.0059068565119247,0.0066832627581327,0.0102653606966246,0.0060886808706812,0.0068561582421289,0.0066495765488095,0.0063829278798296,0.0059985804071902
1404.0,0.0090186078637265,0.0066227927723366,0.012635650589301,0.0192304439861862,0.0409958520628702,0.0887941759645918,0.0457249390354807,0.0220286057314606,0.0059356656417938,0.0066947042428894,0.0103436679326221,0.0061010971317762,0.0068443224286823,0.00664523698363,0.0063800600364523,0.0060005407359046
1405.0,0.0088950626039817,0.0065580180006518,0.012769286024102,0.0195442536886641,0.0423472442356681,0.092884944232459,0.0439751702624092,0.0217848419076691,0.0058976535366974,0.0066437228228972,0.0103870578308176,0.0061228439961929,0.006830642989634,0.0066513768814489,0.0064273949575142,0.0060281753772637
1406.0,0.0088191898390625,0.0065564135169335,0.0129737891979112,0.0199418593614087,0.043884378728201,0.0973405205465265,0.0427313583035541,0.0216348229756435,0.005957291604318,0.0066566328421525,0.0104567024640157,0.0061607290035729,0.0068721556314621,0.0066840263929432,0.0064995227714408,0.0060857995852335
1407.0,0.0087870534974738,0.0065634995408079,0.0131467285475367,0.0203248020205451,0.0451789443110064,0.100451815462698,0.0419766585176323,0.0215481297244522,0.0059872513094566,0.0066714510045507,0.0105749616704787,0.0061807786245097,0.0068960233263937,0.0067194296514077,0.0065436423402344,0.0061380413424355
1408.0,0.0086757570403903,0.0065243906959307,0.0133187723094333,0.0206799264775741,0.0467475718446429,0.104383065636238,0.0405139868297667,0.0212405140629662,0.0060025529087711,0.0066538621840998,0.0106306957014913,0.0061862349580941,0.0068571958063853,0.0067023895377419,0.0065568074768156,0.00616056759749
1409.0,0.008676238962513,0.0065376802011731,0.0134896139637056,0.0210692175587867,0.0482207914792406,0.107729601487888,0.0399594082939452,0.0211578834396908,0.0060253133238844,0.0066325497330859,0.0107273550131283,0.0061998435236151,0.0068927364594126,0.0067350962790106,0.0065794668151954,0.0061982349503457
1410.0,0.008580610360275,0.0065077368482438,0.0137125461621604,0.0215309268015102,0.0500494306295718,0.111512539790705,0.0388311016173095,0.0209204553447867,0.0060542477702297,0.0066567365206319,0.0108214151351751,0.0062360401034619,0.0069358601473202,0.0067705578266158,0.0066446706578068,0.0062304093674768
1411.0,0.0084863148924536,0.0064675962923536,0.0138889382805526,0.0219611900795804,0.0518903766023959,0.114742946096954,0.0375626455811725,0.0205425847615128,0.0060638485400165,0.0066212228907629,0.0108565672343709,0.0062508412280902,0.0068963063526614,0.006748954512809,0.0066492517733435,0.0062696606206801
1412.0,0.0084136207713104,0.0064340753721532,0.0139936820987799,0.022233806642273,0.0531921072551346,0.116959517511729,0.0368861837144985,0.020309768187582,0.006065530227765,0.0065914710169483,0.0109041791683666,0.0062620575698418,0.0069000709777247,0.0067587794262927,0.0066495086230606,0.0062876741684018
1413.0,0.0083366679589262,0.0064268839711451,0.0142002952822971,0.0226546429802972,0.0552351866643377,0.119587398221631,0.035898534057069,0.0199923321926581,0.0060853533904813,0.0066102356236225,0.0109936086811476,0.0062901854814632,0.0068918797487227,0.0067866632644878,0.0066750457774098,0.0063345924386878
1414.0,0.0083300072210272,0.0064288483891724,0.0144327561107592,0.0231032424251037,0.0570663835904209,0.121888105015895,0.0354410498931029,0.0199095386229771,0.0061237289342262,0.0066321306604056,0.0111108896915859,0.0063560263237374,0.0069339565073311,0.006822228697151,0.0067313996140549,0.0063825516311903
1415.0,0.0082400347539349,0.0064215991019144,0.014621801550694,0.0235262293188637,0.0593070490118435,0.123993508387932,0.0344068308456337,0.0196001323259335,0.0061447019707708,0.0066384404868973,0.0111940755926243,0.0063869662061776,0.0069615929463572,0.0068330527487282,0.0067681819947845,0.0064165985258802
1416.0,0.0081697126767397,0.0063737673395406,0.0148876080426369,0.0240454315744454,0.0616901937744012,0.124916966120419,0.0336498892531261,0.0191757110008878,0.0061421437590604,0.0065964502541098,0.0112703308269708,0.0063919122638277,0.0069262727668153,0.00681659877594,0.0067549571898275,0.0064059217152169
1417.0,0.0081529247215782,0.0063760048304464,0.0150212736307658,0.0243973629033709,0.063606348335999,0.125779193660853,0.0331553444509442,0.0189812213366055,0.0061788685140047,0.0066245139904432,0.0113745080769767,0.00643117364873,0.0069610545437573,0.006839514868365,0.0067853635278437,0.0064580487584703
1418.0,0.0081096130020728,0.0063766827572795,0.01530243033447,0.0249991233461859,0.0664998664220625,0.12631877318907,0.032420443985341,0.0186829922938561,0.0062089412390234,0.0066309120099471,0.0114858600478338,0.0064674133636633,0.0069775451693478,0.006872152659611,0.0068152487189926,0.0064850455706154
1419.0,0.008072833025528,0.0063696183446827,0.0154676717881415,0.0253746498479808,0.068350244232555,0.126245224873053,0.0320051075379329,0.0184931856779433,0.0062321439047442,0.0066447808585301,0.0115689853105004,0.006501342306922,0.0070136228483796,0.0068746039720311,0.0068135320957161,0.006512994178061
1420.0,0.0079817995349602,0.0063348736329301,0.0157112720416887,0.0259041383308084,0.0714449350184144,0.125245020167467,0.0312144933315274,0.0180787310258,0.0062430386097768,0.0066457634335067,0.0116754491375499,0.0065183544822868,0.0070107076849505,0.0068716430252594,0.0068025126163956,0.0065235794550497
1421.0,0.0078712620518382,0.0063051217915077,0.0159058008662956,0.0263543011560192,0.0743226186875861,0.123112497932039,0.0303539525920282,0.0176171216893555,0.0062316665504187,0.0066176386939776,0.011753582707301,0.0065166366377192,0.0070132300809897,0.0068485005368539,0.0067783602200078,0.0065234502684985
1422.0,0.0078552726379253,0.0062794983943859,0.016098221097111,0.0267546111302484,0.076421878287508,0.121960736316046,0.0299327924355874,0.017408889873262,0.0062532244741037,0.0066412306060987,0.011845736872258,0.0065255943030015,0.0070034502454169,0.0068648478472796,0.0067810417460802,0.0065433225167168
1423.0,0.0077673299530551,0.0062906285592843,0.0163054169575358,0.0272797376444705,0.0798430452514927,0.119075471399317,0.0291822216836959,0.0169693596455374,0.0062682629281436,0.0066459515119171,0.0119421802312653,0.0065582666223935,0.0070176067317326,0.0068370080372552,0.0067658143425503,0.0065510265856439
1424.0,0.0077657385642139,0.0062959334110971,0.0165392412507679,0.0277673918305906,0.0823903296313093,0.11750031103672,0.0288312412678366,0.0167921294959122,0.0062993129804146,0.0066302201423458,0.0120458809088446,0.0066008330099602,0.0070440553764886,0.0068399557036186,0.0067876224541647,0.0065807048370934
1425.0,0.0076891364834164,0.0062590479942839,0.0168121024662118,0.0283218187989648,0.0859229138233028,0.114292539280352,0.0282148550209054,0.0164089171105154,0.0062944720119785,0.0066115900955691,0.0121636029342148,0.0066099803591041,0.0070566822281212,0.006837355634775,0.0067520396021339,0.0065584687922265
1426.0,0.0076493055517849,0.0062824649906723,0.0171716025968616,0.0290998638494506,0.0903802098550707,0.110737373463175,0.0276874436137978,0.0160520593144389,0.0063430864502549,0.0066654930099558,0.0123357498019136,0.0066533724625986,0.0070699152734402,0.0068521494392563,0.0067555890786441,0.0066109505468485
1427.0,0.0076469895066768,0.0062967733259331,0.0173987536828409,0.0295973187523061,0.0932611863323474,0.108634766522048,0.027400788338738,0.015892214351274,0.0063942708997182,0.0066876232000596,0.0124487897900581,0.0067046174022863,0.0071335186965786,0.0068660623234398,0.00676733410098,0.0066394729604174
1428.0,0.0075809013284465,0.0062639563365772,0.0176781199305581,0.030257475681931,0.0973260672900949,0.105067848717886,0.0269163257031217,0.0155679608270382,0.0063892120930772,0.0066667928084572,0.0125780364230532,0.0067635009585678,0.0071507381956213,0.0068691111141278,0.0067586453192317,0.0066417053385541
1429.0,0.0074969352974364,0.0062576433112863,0.017896474723764,0.0307695783453973,0.100570973709818,0.101585429086847,0.0264335024793607,0.0152464552027207,0.0064037250102898,0.0066701756904953,0.0126834178896359,0.0067454945757814,0.0071322125082986,0.0068544235012757,0.0067272722648251,0.0066479039771043
1430.0,0.0074445560727277,0.0062499949482762,0.0181912115306754,0.0314495719858228,0.104701181022546,0.0975551445048621,0.0259417161574311,0.0149171901392311,0.0064144048653736,0.0066587090365083,0.0127877459972086,0.0067901950023681,0.0071615211096576,0.0068470099258878,0.0067293218700256,0.0066696662003299
1431.0,0.0073346338630171,0.0062258512229235,0.0183493088901042,0.0319761913471079,0.10824659430032,0.0931244226549261,0.0253471195864382,0.0145155298039408,0.0064383386803688,0.006652761170038,0.0128398113848202,0.0067959792103076,0.0071216586521636,0.0068299631520665,0.0066847222581208,0.0066758217019458
1432.0,0.0073188415477589,0.0062361740043708,0.0187178914009903,0.0327690190034719,0.112477902549487,0.0903389558572274,0.0251431138400921,0.0143337595955754,0.0064796549730005,0.0066582105271494,0.0130410342729758,0.0068392064761159,0.0072146205455453,0.0068485613229164,0.0067139328754829,0.0067041712962128
1433.0,0.0072387098437432,0.0061974353998199,0.018905507682646,0.0333278074315076,0.116072759938416,0.0862897943471062,0.0246410372683509,0.014003266503658,0.0064685706714638,0.0066469133680891,0.0131130638267621,0.0068629512255921,0.0072123407812536,0.0067863449309053,0.006675286069825,0.0066943363124191
1434.0,0.007243321043126,0.0062269573949257,0.0191692157274791,0.0339971132487119,0.119307285989287,0.0839205216133547,0.0244802781015633,0.0138181544751782,0.0065020451020996,0.0066729908888215,0.0132566358268587,0.0069049887422298,0.0072379260125595,0.006841087579098,0.0066835732470471,0.0067267167075055
1435.0,0.0071719080749156,0.0061868286836506,0.019513428027058,0.0348444283210787,0.123712998468535,0.079829573237181,0.0240691051612689,0.0134809358121731,0.0065079608365133,0.0066625249063804,0.0134044576388494,0.0069460279503211,0.007258816818026,0.0068240036846364,0.0066787948084717,0.0067259775245365
1436.0,0.007137128810944,0.0062001439536966,0.0198894275295732,0.035745226337458,0.12749538627792,0.0766509604503096,0.0238042040946614,0.0132644011982552,0.0065513948313737,0.0066684058660743,0.0135697952293733,0.0069925305092346,0.0072677306779556,0.0068416800463801,0.0066631057146767,0.006756469920065
1437.0,0.0071103971378657,0.0062147020663279,0.0200796756393854,0.0362946883282948,0.129949373484894,0.0743610636002894,0.0235904674586753,0.0130590894763378,0.0065613481645547,0.006689770226928,0.0136911511702312,0.0070179599418818,0.007287850117409,0.0068406151890806,0.0066710165289306,0.0067884309859575
1438.0,0.0070989243370268,0.0062058880264118,0.0205068841911368,0.03737804152226,0.134042309467016,0.0712113473650009,0.0234217370283553,0.0128356132544945,0.0065993791492612,0.0066957502574368,0.0139086967853966,0.0070959353676574,0.0073474802940818,0.006847248906306,0.006673290889006,0.0068055969866708
1439.0,0.0070701819913197,0.0062102717107352,0.0207495361398962,0.0379996112515698,0.135875897695261,0.0692535657865425,0.0232487186796402,0.0126936658258692,0.0066168388921639,0.0067154389152277,0.0140294148540602,0.0071122937798415,0.007388864798892,0.0068823634356014,0.0066953916076338,0.0068201758691876
1440.0,0.0070348219785928,0.006200503543407,0.0210287518883972,0.0388471667681521,0.138030927186802,0.0663435989841861,0.0229596464893396,0.0124481655913507,0.0066232984265519,0.0066924103945741,0.0141493948041157,0.0071586094688066,0.0073872105938031,0.0068670305741331,0.0066891388221234,0.0068257269719424
1441.0,0.0069551885717575,0.0061833375915379,0.0213688914129001,0.0398483877419527,0.139832487653387,0.0633090483710518,0.0226963056877858,0.0122123109370319,0.0066278918095641,0.0066978744893687,0.0143326628366404,0.0071852977153762,0.0073993383091645,0.0068648507078498,0.0066794579946833,0.0068210603760423
1442.0,0.0069602203394488,0.0061784381313778,0.0216428412347286,0.0405919440341934,0.14082373549547,0.0618000612055681,0.0225833139579532,0.0120957129776842,0.0066548286832445,0.0067025158667913,0.0144811339235919,0.0072472186098911,0.0074498891399652,0.0068838093835513,0.006693060649364,0.0068603768881878
1443.0,0.0069029844082532,0.0061660509383618,0.0219064040222432,0.0414578662644714,0.141042928677152,0.059277514357109,0.0223111323219914,0.011879025920453,0.0066522770396254,0.0067105943219829,0.0146067986639481,0.0072637871342051,0.0074506488488014,0.0068588516383988,0.0066818463658912,0.0068522806770064
1444.0,0.0068903937004862,0.006169565282952,0.0221966981283497,0.0422064588606643,0.141377731983881,0.0578734698888737,0.0222126997358197,0.0117740128609123,0.0066549904060396,0.0067114340193392,0.0147649618543948,0.0073339617543436,0.0074678608369885,0.0068791168705283,0.0066673503213607,0.0068391531443235
1445.0,0.0068390909933755,0.0061365150041485,0.0224378289282366,0.0430973683843053,0.140109989476453,0.0553534321109221,0.0218874966599611,0.0114965553034408,0.0066439203395265,0.006695745632833,0.0148941801492437,0.0073439731110163,0.0074681892902113,0.0068565685668239,0.0066361054143453,0.0068129695105502
1446.0,0.0067860939832175,0.0061154443115342,0.0227014581685117,0.0440661957018942,0.138152835522926,0.0530449784120137,0.0215887620037636,0.0112970256518863,0.0066203913157712,0.0066705582561765,0.0150292805880163,0.0073786522838633,0.0074736405070896,0.0068424417077288,0.0066064103651665,0.0068017324692032
1447.0,0.0068087865153162,0.0061355750993792,0.0230646904689802,0.0450277019353594,0.137570147784115,0.0519850331358984,0.0215596682506853,0.0112417392669317,0.0066617284659037,0.0067006037127249,0.0152135982052378,0.0074483318643486,0.00751781102888,0.0068805051208866,0.0066331923804712,0.006813920921544
1448.0,0.0067409162929372,0.0060840095997452,0.0233198886373615,0.0460431426970128,0.13438736457956,0.0497435200675201,0.0212054792878714,0.0109973196720662,0.0066023982739906,0.006667613260693,0.0153644618696067,0.0074695924958995,0.0075129315693409,0.0068517011345489,0.0065829988792121,0.0067757545677563
1449.0,0.0066837968675426,0.006083401925396,0.0236710377996647,0.04717388013743,0.131017375384324,0.0478035309796324,0.0208685218682922,0.0108174003997923,0.0065746521718312,0.0066420993556696,0.0155086109721941,0.0075127059495102,0.0075309125512825,0.0068576820721102,0.0065494112011923,0.0067521665391114
1450.0,0.0066800623152527,0.0060642256786643,0.0239150372068736,0.0480189746246901,0.128718726677585,0.0466412203415358,0.0206832731493574,0.0107382586758508,0.0065876392829366,0.0066602314921497,0.0156683482842756,0.007551249008663,0.0075483453202945,0.0068580971138335,0.0065586023992513,0.0067407051412203
1451.0,0.0066267403264775,0.006046860986021,0.0242127580009562,0.0492128238401999,0.124366947464454,0.0447315178735651,0.0203026608047105,0.0105156579378132,0.0065312054689797,0.0066120628790775,0.0158272760621956,0.0075728147723938,0.0075417157685101,0.0068243654122575,0.0064984478515554,0.0066912616756349
1452.0,0.0065973757603906,0.0060393714464779,0.0245148702725807,0.0502969233831936,0.121549210315643,0.0435949571098802,0.0201060096222333,0.0104407441188541,0.0065355471307286,0.0066418060263124,0.015986068554989,0.0076235548811961,0.0075560492298841,0.0068230712011317,0.00650096090197,0.0066801425690328
1453.0,0.0065457941767012,0.0060241451268218,0.0248294709570913,0.0515711362327532,0.116980179551269,0.0419418490160718,0.019723041129612,0.0102393081167813,0.0065112984660421,0.0066186505128584,0.016137884957795,0.0076366152525136,0.0075509842424072,0.006796595928982,0.0064540718885563,0.006626169333258
1454.0,0.0064772053260186,0.005978117259939,0.0250136238437304,0.052710626972176,0.111444197062999,0.0402701730197531,0.0192621120615065,0.0100903885476682,0.0064764073601031,0.0065985015150709,0.0161894952389388,0.0076923484665746,0.0075385848379632,0.0067655996589006,0.0064164020416206,0.0065709990774331
1455.0,0.0064417881374582,0.0059670991765438,0.0254547428393873,0.0541861315156844,0.108780181715657,0.0392145208181614,0.0190465797502796,0.0099752584238277,0.0064750644211763,0.0066031591789265,0.0164355499664492,0.0077304767691921,0.0075450323976779,0.0067777196821351,0.0063758537754679,0.0065366001381348
1456.0,0.0064110573035151,0.005954876199377,0.0257509515663079,0.0556191616088954,0.104033731317368,0.0377544512825767,0.0186291378518962,0.0098026300523198,0.0064441309704579,0.006603632945365,0.0165795979243179,0.0077599176033527,0.0075497601456011,0.0067627162799179,0.0063742180313254,0.0064910186901156
1457.0,0.0064059366634684,0.0059664889324451,0.0261165849364963,0.0569589584689482,0.100988855512783,0.0369006125865344,0.0184050918568562,0.0097355558318493,0.0064533227729197,0.0066122488272662,0.0167541132151142,0.0077983080847036,0.0075477262635647,0.0067488915988603,0.0063540990987775,0.006495366702641
1458.0,0.0063643665884003,0.0059576512331444,0.0265631554384128,0.0589521213481995,0.0964354663098216,0.0355488156889801,0.0180036863877624,0.0095977852038669,0.0064297654745346,0.0066143138265006,0.0169515504751715,0.0078485597521779,0.0075597562947732,0.0067383269559539,0.0063368607233171,0.0064793707263159
1459.0,0.0063447751860231,0.0059255147009083,0.0269749124778688,0.0609278452259167,0.0921579603161301,0.0343805397332751,0.0176234834085516,0.0094453021892839,0.0064078356681002,0.0065617852450022,0.0171826434666505,0.0078884436208187,0.0075401642501224,0.0067052191404218,0.0062808062357931,0.0064242401312127
1460.0,0.0063217129229716,0.0059957092212755,0.0273484229452295,0.0624404009027914,0.0891348628569898,0.0336317375232248,0.017311726920599,0.0094233553913403,0.0064623417272551,0.0066438254010566,0.0173115029880263,0.0080026262408016,0.0075732417911312,0.0067728522553911,0.0063223158623872,0.0064504966389883
1461.0,0.0062914442759425,0.0059542813215176,0.0279917389027984,0.0651773102327878,0.0854340392015572,0.0325335044382879,0.0170275930354819,0.009297376582668,0.0064676910506024,0.0066617175457341,0.017653281705275,0.0080241393980127,0.0075865206873772,0.0067570362387574,0.0063100974781374,0.0064397309006489
1462.0,0.0062775563388682,0.0059898686996383,0.0283350191361849,0.0667190589429374,0.0829790408730671,0.0318311179252959,0.0167663496866715,0.0092026862029141,0.0064513303497058,0.0066558650618388,0.017774992228388,0.0080485682261968,0.0076030050566124,0.0067496455003894,0.0062968684509166,0.0064271426347855
1463.0,0.0062476645407579,0.0059586649916415,0.0288816879514538,0.0694264593275773,0.0789642306122614,0.0307074853700366,0.0163342782221771,0.0090789980693309,0.0064590170638629,0.0066681402801975,0.0180168699903175,0.008129027464226,0.007614720367143,0.0067327474527237,0.0062600949800325,0.0063935597969615
1464.0,0.0062200948951333,0.0059463371073268,0.029403290979574,0.0722744582564731,0.0752983001942483,0.029727142868389,0.0159244409018436,0.0089682772035409,0.0064511647582879,0.0066732665920714,0.018250350430924,0.0081684118869286,0.0075944360751009,0.0066902858896794,0.0062324667840259,0.0063652173053678
1465.0,0.006190418426316,0.0059603411178508,0.0297714077623945,0.0740453038224391,0.0731083777286052,0.0290871031737235,0.0156708229349692,0.0088679319098226,0.006449345559395,0.006689945113113,0.0183850915952082,0.0081871982650993,0.007608481816422,0.0066907967929492,0.0062049134464143,0.0063752494136483
1466.0,0.006170541431955,0.0059511576925358,0.0303951393238825,0.0773146975325022,0.0697214675151872,0.0281764221093486,0.0152821891308648,0.0087677082451105,0.0064535059203072,0.006684704294873,0.0186394035648195,0.0082595832596278,0.0076201619248045,0.0066565509872691,0.0061937276728707,0.006352409952093
1467.0,0.0061587707450601,0.0059456252849436,0.0308599351417974,0.0796483156148086,0.0679147328594049,0.0276720267177964,0.0150579438524752,0.0087089722192025,0.0064668165553597,0.0067224574958676,0.0188662180213573,0.0083025497412177,0.0076032839860261,0.0066586543130607,0.0061717803610382,0.006331074213415
1468.0,0.0061259219795145,0.0060023793128746,0.0313804746181703,0.0827863592593559,0.0649660875695275,0.0269163674872762,0.0147239095848891,0.0086327676728415,0.0065021971854276,0.006777757529427,0.0190339287715565,0.0083836239440697,0.0076433764361209,0.0066695016799987,0.0061864153005338,0.0063776815641483
1469.0,0.0061162436764873,0.0060055340128968,0.0323726182142097,0.0874119004014755,0.0625444656610068,0.0262298377134148,0.0144240167999487,0.0085422729528112,0.0065374985933541,0.0068164936748116,0.0194991435800238,0.0084647107714225,0.0076543373655888,0.0066928773925658,0.0061722296482458,0.0063769691157154
1470.0,0.0061014789091305,0.006034336234952,0.0328386611017653,0.0900027408789566,0.0609264626210757,0.0257841279104574,0.0141975532573233,0.0084873429433443,0.0065687039957616,0.0068567296290836,0.019689647238395,0.0085044941850885,0.0076571829563158,0.0066735969129714,0.0061895418933884,0.0063799827225849
1471.0,0.0060927561803219,0.0060491587324521,0.033595122811737,0.0940927069200389,0.0585357342590689,0.0251748744161691,0.0139043203942223,0.0084334476184455,0.0065965792024414,0.0068778520410381,0.0199760848241651,0.0086054865863639,0.0076833933662548,0.0066838856034125,0.00616649840948,0.0063763778364452
1472.0,0.0061030661784595,0.0060674960920675,0.0343509832839677,0.0978277589480438,0.0570020088622034,0.0247506327897176,0.013680595157188,0.008401139982777,0.0066297809762389,0.0069290734142907,0.0203008899202219,0.0086622055267034,0.0077133664409893,0.0066941310098171,0.0062056753858105,0.006406931195525
1473.0,0.0060482881659904,0.0060441502674773,0.0350753453053492,0.101957860697308,0.0548564545053941,0.024116545652352,0.0133591791656502,0.0082687845895708,0.0066303496517829,0.0069190391034445,0.0206001191065671,0.0086459897753598,0.0076580495261109,0.0066182488963241,0.0061571236793737,0.006347278408013
1474.0,0.0060096435835109,0.0060605972825368,0.0357507150801308,0.105997363028136,0.0527200323297902,0.0234762110309979,0.0130308157279959,0.0081322651679414,0.0066511492749703,0.0069768721810612,0.0207991082249759,0.0087279031556371,0.007680226026086,0.0066286557940716,0.0061467762225109,0.0063483524167186
1475.0,0.0060417441300282,0.0060975584127551,0.0364664867087239,0.1098490527588,0.051467615896048,0.0232257617876845,0.0128768113996815,0.0081385847398616,0.0067119274952172,0.0070401740947314,0.0211336813601366,0.0088691624127639,0.0077296220382287,0.0066698668345133,0.006174244822301,0.0064175028702897
1476.0,0.006041300409856,0.0061332993118108,0.037501099804834,0.115008167344134,0.049931086456613,0.0228530557813121,0.0126585138543588,0.0080788549010838,0.0067570034291698,0.0070704524639615,0.0215255877579692,0.0089372156044988,0.0077635231075565,0.0066742877116553,0.0061514373077874,0.0064513906202478
1477.0,0.0060150959468372,0.0061748625710242,0.0381177935543746,0.118187872042435,0.0487935767891537,0.0225702218982186,0.0124687529641008,0.00805000295209,0.0067988084750769,0.0071622201447213,0.0217452218556452,0.0089792784929436,0.0077699421805133,0.006658330014542,0.0061862874856641,0.0064563376939594
1478.0,0.0060127814653408,0.006165895783385,0.0392289645633172,0.123707403032419,0.0471148824037727,0.0221582765168245,0.0122505660000409,0.0079796311525379,0.0068160439138323,0.007171572668223,0.0221675400227245,0.0090816683290668,0.0077985406554388,0.0066822849339329,0.0062004040486926,0.0064740217665325
1479.0,0.0059997878214529,0.0062403115899148,0.0401885579272318,0.12832970137781,0.0457162820094239,0.0217929565545193,0.0119972882419025,0.0079213370927493,0.0068961199986452,0.0072327184108354,0.0225314804393503,0.00916412097313,0.0078059398313356,0.0066760867953458,0.0061836315308186,0.0064887966282517
1480.0,0.0060180915102839,0.0062525597151042,0.0414201067941151,0.133617621893095,0.0445153722824018,0.0215183806947404,0.0118479573304169,0.0078969103232505,0.0069390931372758,0.0072954379618132,0.0230066768979672,0.0093223133151403,0.007864101262887,0.0067167059494809,0.0062106437662313,0.0065411601575405
1481.0,0.0060210693008464,0.0062705231572001,0.0422784671526927,0.137320240317795,0.0434708939767475,0.021276764531094,0.0116553487703354,0.0078528588224162,0.0069809112837738,0.0073371875470323,0.023304880995949,0.0093709859944896,0.0079007438502924,0.0067171003237718,0.006208760267954,0.0065496986847008
1482.0,0.0060154086682481,0.0063162503457774,0.0433174067575831,0.141358268880498,0.0423007096545026,0.0209665288874296,0.0114730396590703,0.0078068049409072,0.0070123991852376,0.0073640948678734,0.0236834655009017,0.0094786596713362,0.0079133723946865,0.0067024152252616,0.0062334876484139,0.0065759628449881
1483.0,0.0060292698621045,0.0063350846199804,0.0445132277711415,0.145465169553433,0.0411710302404278,0.0206929620773885,0.0112715296041954,0.0077485685019984,0.0070446891663766,0.0074337354190448,0.0241042885023823,0.0095578486513358,0.0079589258303476,0.0067115986035034,0.0062361955382385,0.0065877911323825
1484.0,0.005996430395275,0.0063605026975181,0.0453692465427862,0.148092195582697,0.0402246799997489,0.0204598577701191,0.0111442889554599,0.0077051335971244,0.0070604557847972,0.0074589053550535,0.024405800238985,0.0096488336132842,0.0079981139650793,0.0067480501416726,0.0062256090661648,0.0065839048037597
1485.0,0.0059874294939622,0.006369580259139,0.0464637978677093,0.150779654704853,0.0390873326261419,0.0201078438370339,0.010933655926306,0.0076509441235411,0.0070706889859769,0.0074441564314795,0.0247430963957252,0.0097061758232928,0.0080001588533046,0.0067392090047616,0.0062106089280502,0.006601313332576
1486.0,0.0060132196545579,0.0064243792268986,0.0473907860439826,0.152415636509595,0.0379816427567637,0.0198921058157557,0.0108104984569544,0.0076314028641347,0.007161491901863,0.0075210924772576,0.0250260385330354,0.0098556211819721,0.0080766377696262,0.0067819872355793,0.0062556346098479,0.0066227545084673
1487.0,0.0059976653878993,0.006387160146897,0.0488022349547939,0.154868699155273,0.0371973319718993,0.0196017142526627,0.0106629896971238,0.0075735909894685,0.0071341904880843,0.0075107467421126,0.0254442418376369,0.0098888102381407,0.008061847895067,0.0067580772414137,0.0062331135225625,0.0066021386515102
1488.0,0.0060048444264627,0.0064172719577757,0.0495005577111795,0.154737368924389,0.0362608068541731,0.0192856480407935,0.0105013344133503,0.0075329217915013,0.0071057162133414,0.0074843157872435,0.0257931709431697,0.00996536071423,0.0080998168489089,0.0067620983544548,0.0062373726292221,0.0066111013314132
1489.0,0.0059699004806164,0.0064554942905285,0.0507495273067664,0.15452169105788,0.0350741800612543,0.0189065910858843,0.0102976664111366,0.0074570558874709,0.0071247164953569,0.0075218667975672,0.0260103941078491,0.0100864626528918,0.0081229231274224,0.0067764325614275,0.006228240757258,0.006612063868119
1490.0,0.0059568305431058,0.0064737320639588,0.0519839798974875,0.154693946457055,0.0344122442506327,0.0186862747350274,0.0101868514515474,0.0074331153516949,0.0071315289403894,0.007555669350913,0.0264319002083157,0.0101762511730765,0.0081549013384699,0.0068085228504424,0.0062311216193095,0.0066031355298002
1491.0,0.0059456643625548,0.006475330558875,0.0530750719265033,0.153141802504376,0.0334029336283662,0.0183511785634808,0.010019517770783,0.0073802039394326,0.0071301858364496,0.0075294228336591,0.0267203866485252,0.0102862499916472,0.0081774596986947,0.0068110632868407,0.0062115401706299,0.0065920837967325
1492.0,0.0059405118714192,0.0064792624175336,0.0546188322446291,0.15155341778652,0.0325654195891105,0.0180576411135111,0.0099115123287091,0.0073793819499718,0.0071239470237181,0.0075609825392868,0.0271544863029473,0.0104178005873756,0.0082478164732634,0.0068669987400249,0.0062235108643409,0.0065939632594395
1493.0,0.0059309553017058,0.0064962911097643,0.0556703070440307,0.14932378775754,0.0318299072856816,0.0177720935809533,0.0098115816384088,0.0073240911380033,0.0070934307205576,0.0075071619404665,0.0274657895316099,0.0104982058246557,0.0082902960352938,0.0068529830310652,0.0062247742631734,0.0065673114744615
1494.0,0.0059001689535711,0.0064942004096105,0.056928931774222,0.145922860571933,0.0309144059369211,0.0173770214220516,0.0096445960162784,0.0073000794753918,0.0070933905402216,0.0074982654543063,0.027760263367585,0.010581060254676,0.0082918561949955,0.0068523508186435,0.0062131691360974,0.0065525099731795
1495.0,0.0058998042962773,0.0064957942810748,0.0583887088324496,0.142099089011819,0.0300528129658672,0.0170284410228114,0.0094817629453978,0.0072433240865187,0.0070603635684859,0.0074984875564896,0.0281420347410777,0.010698951801506,0.0083009651690137,0.006882684949121,0.006218301858483,0.0065511681327363
1496.0,0.0058670962721237,0.0064929794848544,0.0599686907331506,0.136963157259858,0.0289815240149081,0.0165810040131419,0.0093366993407737,0.0071913686748455,0.0070249311750198,0.0074655630587576,0.0284699548730696,0.0108076210095975,0.0083679591716778,0.0068693611425981,0.0061809862303506,0.0064903277977093
1497.0,0.0058629741167487,0.0065209212080147,0.0612577560914323,0.134383340864976,0.028530425845739,0.0163380966840638,0.0092686401561141,0.007170288102791,0.0070179063990094,0.0074913939094649,0.028848850913894,0.010932641554567,0.0084094812271639,0.0069055151787011,0.0062009260425515,0.0065168852964303
1498.0,0.0058797813134818,0.0065522710975397,0.0631348000513085,0.129949918929935,0.0278283831462179,0.0160519695234278,0.0091940394801021,0.0071544562632595,0.007013178879214,0.0074854894681637,0.0293363450251262,0.0110888935304099,0.0084943521246369,0.0069471277815256,0.0062002074919125,0.0064852225024856
1499.0,0.005855465437699,0.0065378419959623,0.0651582233239746,0.124175044896072,0.0268543898756939,0.0155828640139172,0.0090101286829561,0.0070553401159978,0.0069524624831046,0.0074584331854065,0.0297536343976502,0.011182902063745,0.008495695733289,0.0069664795445625,0.0062140798585657,0.0064591523524421
1500.0,0.0058547624663296,0.0065425995969818,0.0665097831786254,0.120724144311287,0.0263458283243855,0.0153388951882263,0.0089264260372527,0.0070296650214865,0.0069317905918331,0.0074377474947299,0.0300666795042685,0.0112699863621089,0.0085093986092733,0.0069870023468898,0.0062140377760959,0.0064376001285386
1501.0,0.0058208756552154,0.0065732725287483,0.0686304857530258,0.115890526906957,0.0256789112627848,0.0150186372250996,0.008834145252567,0.0069885319977144,0.00694569118119,0.0074235452863899,0.0305672199741767,0.0114112650483197,0.0086059162330015,0.0069811214285337,0.0062075610281958,0.0064201425122581
1502.0,0.0058142086895461,0.0065754519677918,0.0710954780582404,0.110086670224416,0.0248340208524073,0.0145643690104269,0.0087112557510107,0.0069700774446012,0.0069061842297013,0.0074284356950657,0.0311000999029256,0.0115536763639895,0.0086371657851992,0.0070158206435975,0.0062210703735699,0.0063984902964725
1503.0,0.0057967044972842,0.0066245949602045,0.0729133581363498,0.107087676340753,0.024461643903541,0.0143822055064986,0.0086736069621758,0.0069437865050549,0.0069105538318131,0.0074306391608656,0.0315333361124172,0.0116603313580372,0.0086920060397628,0.0070732518785114,0.0062391958806899,0.0063863553498946
1504.0,0.0057872633571206,0.006605209230609,0.0751622684218529,0.102097835351295,0.0237779093963715,0.0140360792031521,0.0085371798015145,0.0068669040842473,0.0068733946931602,0.007379624507041,0.0320183864687416,0.0117597916782274,0.0087320074033288,0.0070757952414898,0.0062282715007418,0.0063511738653031
1505.0,0.0057501826896106,0.006626363791511,0.0781497780091418,0.0967866990173339,0.0230390377933619,0.0136595192536158,0.0084137347795569,0.0068292245085773,0.0068490448904125,0.0074062274095497,0.0326137416933274,0.0118925073481201,0.0088046731903399,0.0070919545108245,0.0062273609466461,0.0063366931486771
1506.0,0.0057749447223561,0.0066562279779337,0.0803330637962735,0.0941405666876699,0.0227227505591628,0.0134822700903198,0.0083820210111342,0.0068335622894191,0.006874895105076,0.0074130662507437,0.0331379070406219,0.0120134874020113,0.0088451254223071,0.0071272059154702,0.0062498628607479,0.0063514306004512
1507.0,0.0057381003603614,0.006663602881082,0.0831321983925845,0.0898085408511912,0.022123222724551,0.0131523197405856,0.0082891991745634,0.0067793017297647,0.0068380335122629,0.0074206194488046,0.0336708373703362,0.0121341439937422,0.0088844355322602,0.0071316237436905,0.0062444207125691,0.0063376895967315
1508.0,0.0057134026685886,0.0066853719112477,0.0866983693158114,0.0851899850659083,0.0214774900886044,0.0128209590596449,0.0081644529914803,0.0067277811999336,0.0068174752811723,0.0073934898818,0.0343635812983886,0.0122530671708947,0.0089270770387785,0.0071774269430171,0.0062469771811093,0.0063191513968304
1509.0,0.0057211336673723,0.0067253010366173,0.0904600290448248,0.0814433417744953,0.0210077143554032,0.0125517737757013,0.0081177861385707,0.006708111432242,0.0068286056118892,0.0074612083735038,0.0351542060079412,0.0124090656875607,0.0090021401732967,0.0072366620579744,0.0062614763139402,0.0063315605849063
1510.0,0.0057012120840151,0.0067599250733398,0.0928453284717685,0.079185185427056,0.020713294718023,0.0123800271945231,0.0080415232261431,0.0067005455361771,0.0068109830163245,0.0074719567002074,0.0355690459896897,0.012475416709489,0.0090265372639768,0.0072568633086645,0.006289404620523,0.0063184837700234
1511.0,0.0056836396251385,0.0067887673435176,0.0968702346981267,0.0753675938579456,0.0201759986798381,0.0120977488209442,0.0079481510910752,0.0066352525522621,0.006800377970073,0.0074830004091756,0.0363497262595737,0.0126033610172922,0.0090554781982375,0.0072457671882839,0.0062908342427104,0.0062959112182547
1512.0,0.0056772457349588,0.0068337546483995,0.101459786567456,0.0723485239382574,0.0198199608119117,0.0119024105506464,0.0079235772895286,0.0066371831926207,0.0068489946304112,0.0075052079328445,0.0373165911784962,0.012797086252397,0.009151765746083,0.007298519279677,0.006305394204031,0.0063091016238188
1513.0,0.0056766688257788,0.0068541615850154,0.104166398856024,0.0704587607823472,0.0195178974742887,0.0117259497642198,0.0078553508609523,0.0066110166292045,0.0068410059999931,0.0075175482459085,0.0378119829763742,0.0128784152130284,0.0091850231714135,0.0073163012721406,0.0063133123222331,0.0062901271870064
1514.0,0.0056833287142108,0.0069248386682936,0.109558051714983,0.0676414658240757,0.0191968031388506,0.0115271666501754,0.0078331254902324,0.0066274081959796,0.0068754693173905,0.0075885569025049,0.0389375956597962,0.0130816616594712,0.009303229598999,0.0073741645566535,0.0063604616170301,0.0063371581011767
1515.0,0.0056902312846931,0.0069532696980712,0.114473399164869,0.0648057284383711,0.0187864910546465,0.01135123907404,0.0077693035724897,0.0065924983118878,0.006900432975904,0.0076078950230421,0.0398850818366551,0.0132280033329931,0.0093465097840471,0.0073983111381098,0.0063620352626112,0.006327570357089
1516.0,0.0056889380885687,0.007007013318356,0.117836779376145,0.0634237523893079,0.0186101933880223,0.0112678740931746,0.00775895657674,0.006562285770667,0.0069332329595655,0.0076486443486713,0.0405513095038876,0.0133471855897018,0.0094292341833062,0.0074371029914488,0.0063868678647523,0.0063560472696603
1517.0,0.0056962860665168,0.00709368090697,0.123601921052559,0.0609997248568532,0.0183046094100361,0.0110908874877446,0.0077075194373512,0.006570184934764,0.006971005916307,0.0077049438251749,0.0416947780737539,0.0135436820109008,0.0095074915847733,0.0074905665533245,0.0064107229590909,0.0063522138783457
1518.0,0.0057069415804998,0.0071470177434124,0.129456295966709,0.0588941688333755,0.0180204304331063,0.0109584121034649,0.0076974281601892,0.0065708570470879,0.0069992860699733,0.0077733313956555,0.0429366776290753,0.0137651373542283,0.0096041740409888,0.0075502297392848,0.0064300245804546,0.0063811770599019
1519.0,0.0056725026217593,0.0071786416665415,0.132894032732379,0.0576414128968728,0.0178344900101383,0.0108284166169393,0.007635540212632,0.0065478116410767,0.0070278176642678,0.00779986262431,0.0436102593348729,0.0138488795266984,0.009650796950303,0.0075545750594031,0.0064442024236272,0.0064056706605575
1520.0,0.0056835508649648,0.0072386838773741,0.13876239764336,0.0554707263838087,0.0175314249877775,0.0106790560145156,0.0076017396238981,0.0065217219953412,0.0070587028076612,0.0078404958658791,0.0447962634658821,0.0140360765719842,0.0097496128889835,0.0075932179653243,0.0064358069555033,0.0063991383694895
1521.0,0.0056968881202161,0.0072823608319937,0.144574844237936,0.0534975980604746,0.0172899706657189,0.010513730350833,0.0075651136382593,0.0065191658309703,0.0070766543630397,0.0078881821971109,0.046055764833283,0.014237940829285,0.0098196748636027,0.0076333455307919,0.0064635417931504,0.0064033589642042
1522.0,0.005727292839481,0.0073646404267458,0.148893405282967,0.0528181362100002,0.017240316970022,0.0104998321101963,0.007575304454631,0.0065392851623187,0.0071255245248474,0.0079707571987477,0.0470711384504824,0.0144200955844749,0.0099140820691607,0.0077155300776092,0.0065359924917908,0.0064673321345272
1523.0,0.0057261259233627,0.0074087162392757,0.154679485752004,0.0510003544859171,0.0169954476413643,0.0103441837449524,0.0075520733574327,0.0065424871306473,0.007143622985328,0.0080327861380774,0.0484193940684051,0.0146240573726832,0.0100228630718549,0.0077599262680808,0.006537741433721,0.0064823167726279
1524.0,0.0057509459921235,0.0074517275972861,0.159832652452602,0.049282480143042,0.0167421918768548,0.0102258572992719,0.0075090437348654,0.006516462929511,0.0071572419208007,0.0080675700397682,0.0496748393816361,0.0148103382432013,0.0100817419745107,0.0077907810846767,0.0065350582012362,0.0064815929842698
1525.0,0.0057678452097166,0.0075573112006205,0.165319175819153,0.0480908196337038,0.0165950529904519,0.0101595841715094,0.0075082773196166,0.0065536096295911,0.0071982827941018,0.0081654152086492,0.0512265926805534,0.0150652767311364,0.0102400855802104,0.0078874598296651,0.0066061997607864,0.0065152931214269
1526.0,0.005795654141652,0.0076063543576919,0.168865862255658,0.0471681635022023,0.0164876705661072,0.0101168190266969,0.0074989148675707,0.0065746371832094,0.0072495926145515,0.0082042145428035,0.0522857822091028,0.0152252894643853,0.0103386365852821,0.0079279896070425,0.0066308296755496,0.0065511585800883
1527.0,0.0058095456106487,0.007677309558222,0.173007932737723,0.0457412378013149,0.0162730159627925,0.0099971358145702,0.0075010358757536,0.0065406322115162,0.007258543363753,0.0082319533377826,0.0536924213614663,0.0154417784398325,0.0104161554041407,0.007943942437714,0.0066352361919626,0.0065377996685563
1528.0,0.0057634874424414,0.0076703819156576,0.175590760749186,0.0443228807637785,0.0160376166386178,0.0098768767134385,0.0074248488157908,0.0065283681133207,0.0072644283933491,0.0082398488539058,0.0548563169818883,0.015601485734775,0.0104656373107988,0.0079620422449636,0.0066006469074892,0.0065310761272052
1529.0,0.0058118498524804,0.0077685123715805,0.178851057808766,0.0437286033009494,0.0159939342118839,0.0098765270439812,0.0074687282496201,0.0065880585517646,0.007323451956328,0.0082962292742397,0.0562428519132168,0.0158632358479412,0.0105804545318547,0.0080430669796523,0.0066768552798296,0.0065918273364862
1530.0,0.0058353634362326,0.0077996461635397,0.18071382401915,0.042437176147821,0.0157896101866227,0.0097739820622349,0.0074185747245677,0.0065525618022438,0.0073216945256537,0.0083090460010325,0.0576795180124406,0.0160842585204915,0.0106684938033747,0.0080878177113714,0.006666666415831,0.0066041453774485
1531.0,0.0058077170878918,0.007791321524192,0.181240807612794,0.041131272929346,0.0155439997507574,0.0096661450718819,0.007357541432979,0.0065253064383376,0.0072936202691945,0.0082954779845427,0.0588919821860008,0.0162382636126991,0.0107513507822141,0.0080874183247126,0.0066771294064646,0.006576703381281
1532.0,0.0058070428874783,0.007804851388565,0.181258915967373,0.0402291305409964,0.0153706370363945,0.0095861220252681,0.0073162419024176,0.0065612309173325,0.0073014724432265,0.0083204728494702,0.0598192455147762,0.0164469649886352,0.0108436661085772,0.0081356376317103,0.0066930565181003,0.0065939001252396
1533.0,0.0058177670508166,0.0078257880217383,0.181267819918646,0.0391865146820065,0.0152439660916624,0.0095407889435951,0.0073003264854092,0.0065345751884195,0.0072868251893609,0.0083529895484778,0.0615330557331824,0.0167016313492293,0.0109524596057538,0.0081718333932132,0.0066950484154967,0.0065834562238537
1534.0,0.0058203519393277,0.0078059870021649,0.180143721701102,0.0381082274711826,0.0150451429420198,0.0094377225991374,0.0072980953013387,0.0065535718068618,0.007276649311594,0.0083062678005572,0.0630546491208051,0.0169644673445171,0.0110732463010288,0.0082170729785378,0.0067443889062826,0.0065941150213586
1535.0,0.005827906304879,0.0078311380471373,0.177244805904183,0.0368774430596626,0.0147954571376296,0.0093577933730261,0.0072524185279981,0.0065113814672321,0.0072765144059644,0.0082846300290753,0.0645585057396643,0.0172278891176083,0.0111957218645677,0.0082807414442224,0.0067462086466519,0.0065994145684555
1536.0,0.0058384460443588,0.0077959666169136,0.175010329595659,0.0361063974186339,0.0146397934339,0.0092887246036534,0.0072281744908177,0.0065097638209132,0.007243836896702,0.0082226812058287,0.0656225317252894,0.0173750943138187,0.0112506312867688,0.0082693623055188,0.0067274272313803,0.0065995404686876
1537.0,0.0058262953468298,0.0077636203486032,0.170956967647139,0.0349980152580884,0.0143982636478397,0.009177587670265,0.007158618079119,0.0064874682925244,0.0071960051511834,0.0082028816323886,0.0670461358734147,0.0176135286284645,0.0113232258966067,0.0082962730741236,0.0067022951857615,0.0065393465764843
1538.0,0.0058583860876778,0.0078030978478245,0.166659731881853,0.0340002379305584,0.0141771586484002,0.0091038274748475,0.0071728894209273,0.0065091440616361,0.0071835486762132,0.0081789776799001,0.0690205894827102,0.0179559324316639,0.0114778058840477,0.0083759080241335,0.0067353116986671,0.0065506282663886
1539.0,0.0058599315577468,0.0077890183954695,0.163502757985865,0.0333361303127145,0.0140459540557546,0.0090456955181079,0.0071663841468751,0.0064928585213957,0.0071854534326836,0.0081758224072444,0.0703000222612399,0.018192444658628,0.0115947312668711,0.0084169087565302,0.0067558188998424,0.0065888751956527
1540.0,0.0058494698943741,0.0077426240093546,0.157790787310214,0.0322374233803797,0.0137702058820877,0.0089955799753622,0.007090459417593,0.0064840452705503,0.0071583662669826,0.0080986954567692,0.0718360474681849,0.0184143714120861,0.0116844971742345,0.0084389396995803,0.0067298742378516,0.0065401414972638
1541.0,0.0058648967094687,0.0077504650035745,0.152397312661563,0.0313471100725286,0.0135742179014765,0.0088964234450311,0.0070878746653069,0.0064696878873641,0.0071413008819796,0.0080681779024994,0.0741984167669091,0.0188127379052953,0.0118572076841448,0.008517288356472,0.0067761824821053,0.0065617557087014
1542.0,0.0058745769434749,0.0077778076916743,0.14826221322068,0.0306961460740847,0.0134394689012377,0.00887408073964,0.0070739314458063,0.0064594504357375,0.0071069349930897,0.0080314707360558,0.0755788399048489,0.0190317614998999,0.0119426632092468,0.0085482396427619,0.0067764605340552,0.0065653928885549
1543.0,0.0058347936172064,0.0076929749189675,0.141466098973254,0.0296271108062729,0.0131174141372265,0.0087365821688705,0.0069843376971858,0.0063947192977187,0.0070127704691929,0.0079428343368849,0.0771153056992702,0.0191974468112497,0.0119974781445765,0.0085424612807925,0.0067129569972391,0.0065060017340618
1544.0,0.0058381679605505,0.0076470971810388,0.135024555981734,0.0286586292651723,0.012917433092881,0.008641926319056,0.006943790334061,0.0063947114862016,0.0069695754823171,0.0079077399129526,0.0793851463812282,0.0195240294479048,0.0121148597500706,0.0085862117066874,0.0067376362569936,0.0065101574013879
1545.0,0.0058143976651314,0.007647402681889,0.130706411151667,0.0280610223484207,0.0127441554103518,0.0085885008603385,0.0069393089283776,0.006392028874222,0.0069458220180889,0.0078681548266726,0.0810520931918544,0.0197456744699684,0.0122124616222749,0.0086225196992102,0.0067271655332954,0.0064776983620083
1546.0,0.0058299879628785,0.0076528664362926,0.125354113487981,0.0273358811500015,0.012603594730125,0.008531531678657,0.0069050527486032,0.0063763496408026,0.0069273995247902,0.0078404134724137,0.0837258211612727,0.02009931416971,0.0123589570203234,0.0086853891203787,0.0067548023675683,0.0065056621232304
1547.0,0.0058416689479716,0.0076390135544704,0.119079791526304,0.0264752646425492,0.0123583591388231,0.0084293183383066,0.006884506155816,0.0063528216574174,0.0068604476238414,0.0077942753760334,0.0864091862513784,0.0203881544327313,0.0124749552645058,0.0087125476954914,0.0067580828406887,0.006483102933004
1548.0,0.0057822396321024,0.0076112468151657,0.112983360682852,0.0256122220851993,0.0121230156648809,0.0083461563623238,0.0068012930089518,0.006320420384564,0.0068156117284627,0.0077565955084595,0.0889804204416671,0.0206670334153556,0.0125533054701382,0.0087693067301085,0.0067438842868105,0.0064394188526644
1549.0,0.0058265443671632,0.0076528566780334,0.109898803529726,0.0252532790608419,0.0120396657249381,0.0083545030617338,0.0068082841826034,0.0063449966783031,0.0068396601138736,0.0077557536203809,0.0914729885981607,0.0209782889316605,0.0127238574135224,0.0088565800323327,0.0068139186434428,0.0064994689164158
1550.0,0.0058256029139499,0.007634846456101,0.104424356822675,0.0245398144608605,0.011835301583792,0.0082865564482723,0.0067796740763819,0.0063182406788298,0.0067987626497945,0.0077107548155851,0.0949193521569249,0.0212825119154759,0.0128512580259753,0.0088581975903832,0.0067997731674297,0.0064587234655412
1551.0,0.0058190485745881,0.0076756432535443,0.0997444459320958,0.0239241748876613,0.0116780504372153,0.0082390713639518,0.006749577751011,0.0063237122964779,0.0067666841136424,0.0077047510161495,0.0985796625894189,0.0216578609885432,0.0129901431358548,0.0089588946322857,0.0068332533250338,0.0064577216668795
1552.0,0.0058055660834033,0.0076283821654341,0.0961584764850983,0.0234314219611851,0.0115601555968824,0.0081748576900178,0.0067301025764929,0.0062709821103403,0.0067486427316581,0.0076585948597405,0.100678793811649,0.0218054118532359,0.0130661221776825,0.0089510714069222,0.0068342674029531,0.0064340100637632
1553.0,0.0058228116743289,0.0076864468836899,0.0920735080158151,0.0229340687315538,0.0114296195207231,0.0081459574914632,0.006722274232621,0.006297045706579,0.0067905924488784,0.0076826678735469,0.105268861965792,0.0222442171253016,0.0132586496183572,0.009056504854787,0.0068855158064232,0.0064593813787354
1554.0,0.0058359281313713,0.0077545045727708,0.088294581954607,0.0224465572249758,0.0113260335126849,0.0080987561219788,0.0067539323112332,0.0063088903383165,0.0068079739027704,0.0077212386946055,0.109656102491966,0.0226512218123042,0.0134560495928291,0.0091454602751384,0.0069309725279334,0.0064866399945322
1555.0,0.0058544382254287,0.0077613823222883,0.0858619679083225,0.0221667306035142,0.011246571224045,0.0080748188248036,0.0067533954514786,0.0063141135636404,0.0067760903687819,0.0077039772508969,0.112899697900227,0.022888561086548,0.0135347218808999,0.0091869530757713,0.0069270581293474,0.006491613704315
1556.0,0.0058675089917197,0.0078079025251088,0.0821118674151576,0.0216882992688171,0.0111145343294497,0.0080626691415003,0.0067214007746004,0.0062949652251949,0.0067830614731917,0.0077341747440565,0.117809317676419,0.0232772729716144,0.0137114963568897,0.0092595645372755,0.0069645204820505,0.0064974697376584
1557.0,0.0058902820789681,0.0079274404610135,0.0790848453582708,0.0213164709903665,0.0110532726940303,0.0080778617249478,0.0067271753765986,0.0063107012382201,0.0068280059957942,0.0078076561386661,0.12291320876773,0.0237515917972581,0.0139068853615092,0.0093896097027111,0.0070146060230079,0.006524780951572
1558.0,0.0059080893035181,0.0079619599697411,0.0772295152943166,0.0211209897280478,0.0109879502897787,0.0080795205305311,0.0067696076589947,0.0063529388820936,0.0068697168751153,0.0078490257880025,0.126812374773048,0.0241219795177513,0.0141095335092411,0.0095077172641294,0.0070989500123675,0.0065942212679867
1559.0,0.0059421815544761,0.008069977673948,0.0746856267027134,0.0208694886032784,0.0109912390436505,0.0080764876850644,0.0067948408934028,0.006364078671214,0.0068986257978347,0.0079067778889607,0.133138608043643,0.0246286117697276,0.0143253810624938,0.0096056814906559,0.0071684424363311,0.0066293320598005
1560.0,0.0059680661577317,0.008130106097714,0.071982799886842,0.0205406327533495,0.0109073959471617,0.0080615472148587,0.0067853184614994,0.0063603203189962,0.0069230598529113,0.0079321376311239,0.138454712198848,0.0250675887957955,0.0145223328662872,0.0096892434558349,0.0072035048458171,0.0066845505598792
1561.0,0.0059853650053472,0.0082077090788327,0.0704080228006252,0.0203613302131938,0.0108742725853205,0.0080990794537984,0.0068095910291027,0.0063930889432056,0.0069668633176538,0.0079907675557139,0.142496715979742,0.0253829333260521,0.0146819238740134,0.009779179942747,0.0072672997616067,0.0066911563182994
1562.0,0.0060214908168228,0.0082875934301495,0.0681027755067887,0.0201037034240775,0.0108272036674712,0.0081075459823192,0.0068279506890291,0.0064020562424186,0.0070088333730606,0.0080592063793162,0.148520463295771,0.0259181919292816,0.0149352886826035,0.0098997391395223,0.0073393888256839,0.0067597267839638
1563.0,0.0060271765566598,0.0083712190354559,0.0657790875687779,0.019799557769982,0.010759778665306,0.0080773896209789,0.0068624128376466,0.0064366973971029,0.0070221437403007,0.008065582048704,0.153796320556201,0.0263726515266628,0.0150935550532976,0.0100528312394163,0.0073846179926866,0.0067481683185412
1564.0,0.0060420449709565,0.0084581937380589,0.0635800469926418,0.0195502233881381,0.0107267002041611,0.008090906738514,0.0068489026560845,0.0064468132304108,0.0070647559807792,0.008137917179518,0.159887544181148,0.026926493243591,0.0154002626415538,0.0101297895781697,0.0074657933915237,0.0068027235689779
1565.0,0.0061020694115593,0.0085543046291709,0.0626034464119525,0.0194758773318931,0.0107179131007551,0.0080906283015608,0.0068943070214026,0.0064482011873574,0.0071148415075843,0.0081707373446032,0.16361600121943,0.0273461486029779,0.0155989725937686,0.0102568146603576,0.0075198426505505,0.0068566264931535
1566.0,0.0061488858163491,0.0086291763668269,0.0607857612556754,0.019275018263139,0.0106877196214566,0.0081214026373009,0.0068892557434368,0.0064892808000314,0.0071699708642532,0.0082370141329834,0.168674255958044,0.0279229395438772,0.0158436005829785,0.010408247989083,0.0075802064700919,0.0069233988072004
1567.0,0.0061416732838914,0.0086920777892352,0.0587968134266157,0.0190135767121664,0.0106079886604427,0.0081292376787763,0.0069007063852513,0.0065192069054779,0.0071799857037272,0.0082542843165405,0.173286637872658,0.0284975252126583,0.0160766897937592,0.0105324451939638,0.0076653095494153,0.0069689049210086
1568.0,0.006178652124724,0.0087425214929511,0.0578649104393044,0.0189592139417247,0.0106153592604291,0.0081526268837409,0.0069369950238933,0.0065436991606056,0.00723775928472,0.0082693217678699,0.176186753754653,0.0289190212596032,0.0163009663302587,0.0106412100444865,0.0076930359408814,0.0070358964526676
1569.0,0.0062061623285702,0.0088592252068298,0.0563489022840593,0.0187689225349434,0.0106013102443415,0.0081676740431828,0.0070059858374137,0.0065746495842654,0.0072763687022137,0.0083121837576016,0.180096081395388,0.0296121887632038,0.0165828693896316,0.0108009792359665,0.0078011015795082,0.0070716082141955
1570.0,0.0062287773367753,0.0088258345616695,0.0545214991202665,0.0185192949151661,0.0105019384193131,0.0081393690833033,0.0069679814127142,0.0065684758575742,0.0072848324436064,0.008353909522233,0.182724542745756,0.0302560308703797,0.0168112781165913,0.0109223220429275,0.0078180024766746,0.0071206116942014
1571.0,0.0062454825898931,0.0088874002220586,0.053601391613345,0.0183856559165714,0.0105302582673049,0.0081270580107605,0.0070026838740196,0.0065963852543687,0.007310245605042,0.0083618660551022,0.184222612206633,0.0307013832332611,0.0170198780990145,0.0110354214939699,0.0078668242444939,0.0071492608652992
1572.0,0.0062706514345128,0.0089090479814857,0.0521406997670073,0.0181962592060221,0.0104468030216684,0.0081448915478874,0.0070151678098893,0.0066154315386772,0.0073141775965582,0.0083631592345105,0.185674890418392,0.0313855747519457,0.0173106801495005,0.0111657777190763,0.0079493053531511,0.0071800889389978
1573.0,0.0062786925187898,0.0088856090476846,0.050483612143846,0.0179396110817752,0.0103372941827388,0.0081451154625286,0.0070529194827335,0.0066355369503415,0.0073426677535739,0.0083489529124668,0.186170138797066,0.0321817308221502,0.0176022325756569,0.011294110191936,0.0079981938234915,0.0072318433968676
1574.0,0.0062847871005547,0.0089062167245117,0.0495869440699743,0.0177919851942891,0.0103335326415623,0.0081195261058606,0.0070303123198586,0.0066119225736916,0.0073365353313061,0.0083257810619117,0.185987130400758,0.0326434418419006,0.0177836371537357,0.0113640992693393,0.0080006637852801,0.0072581737312975
1575.0,0.0063004727015474,0.0088767371650497,0.0481313579614161,0.0175407237378437,0.0102829939327387,0.0081124016024248,0.0070462796786466,0.0066394823050702,0.0073536805730718,0.0082991059804866,0.184947790694012,0.0333961066923624,0.0180378243365118,0.0114962613995437,0.0080570324543403,0.0072739190195259
1576.0,0.006319016537391,0.0088444438797346,0.0466358697755438,0.017272341083163,0.0101982519027087,0.0080667439777929,0.0070577752197579,0.0066516906594446,0.007356109576847,0.008284741258745,0.182971068903214,0.0343397334937484,0.0183998127569771,0.0116351097014112,0.0081304369007257,0.0072971933674215
1577.0,0.0063184644765184,0.0088192408864791,0.045761455883948,0.0171152981246337,0.0101378000950981,0.0080658209261198,0.0070819731773332,0.006684960567849,0.00733798962422,0.0082651541493074,0.18120656031694,0.0348705002605828,0.0185708578935735,0.011717266725725,0.0081779511751638,0.0073121100318935
1578.0,0.006322566294513,0.0087285885096589,0.0442182972669625,0.0167792372444862,0.0100282369911828,0.0080025041017218,0.0070517584558111,0.006663289032206,0.0072946248050955,0.0081974360641933,0.177289684097098,0.0355844015812844,0.0188063136874878,0.0117827576811601,0.0081726397499609,0.007287298621345
1579.0,0.006350242893074,0.0086621237377198,0.0426800373947327,0.0165084731948233,0.0099052902441971,0.0079239080626867,0.0070675304640222,0.0066976066068831,0.0072876231961353,0.0081510561239834,0.172846362109394,0.0366743702660524,0.0191263990887299,0.0119305581329564,0.0082247085390886,0.0073340808733555
1580.0,0.0063974876308476,0.0086320951312565,0.041604946438053,0.0163481271072,0.009882550787406,0.0079697003212371,0.0070994359716538,0.0067709126147188,0.0073123804611925,0.0081460078321004,0.169720336370413,0.0379257601088119,0.0195905289008367,0.012152447259658,0.0083511293030778,0.0074123700361814
1581.0,0.0063728455538334,0.0085352739005208,0.0406382523785298,0.0160828977488409,0.0097517025636027,0.0078947347109654,0.0070375931761949,0.0066949827158298,0.0072975568411603,0.0080855559366847,0.165304758254939,0.0384206660451858,0.0196954092774102,0.0121780121088753,0.0083116774162699,0.0073735016815261
1582.0,0.0063781724971253,0.0084463756760832,0.0391220304431368,0.0157022470241461,0.0096490725212195,0.0078565469206784,0.0070494604403415,0.0067166907849616,0.0072475744177603,0.008014850045953,0.159149899576902,0.0396771464132325,0.0200740849939106,0.0123199596759842,0.0083506405747961,0.007403436233196
1583.0,0.006418357282928,0.0083582057483498,0.0379314707106069,0.0154453480199344,0.00951214522685,0.0077940045438014,0.0070162060375422,0.0067316269615609,0.0072283316104428,0.0079663974384992,0.153395177422748,0.0407603176537975,0.0203910803617376,0.0124683690625937,0.0083773920390134,0.00741342288508
1584.0,0.0063807783722807,0.0082921869002775,0.0371160643386515,0.0152562694558191,0.0094707433431812,0.007746622161089,0.0070663349002052,0.0067345154600992,0.0072280563779658,0.0079152063736681,0.149458140917593,0.0416207502434611,0.0206606560420625,0.0125521707023488,0.00843504024951,0.0074305665782106
1585.0,0.0064415831057265,0.0082079798422929,0.035731618050674,0.0149054090333148,0.0093546850457974,0.0077216902747184,0.0070143839305088,0.0067793787110215,0.0071910924776622,0.0078919266618507,0.142521032970562,0.0431395929369914,0.0210557740453244,0.0127026195884159,0.008443079372926,0.0074637680294574
1586.0,0.0064390099281648,0.0080944495356533,0.0345603420713988,0.0145848379521601,0.0092276453385725,0.0076177001154494,0.0070203312742508,0.0067542235069097,0.007169898973995,0.0077952618825626,0.136376533525151,0.0443096040415907,0.0213674370217075,0.0128115201621499,0.0084903031096335,0.0074352572369619
1587.0,0.0064627734498417,0.0079956594256708,0.0335570866906906,0.0143629108930959,0.0091189557906976,0.0075914071861949,0.0070028999977146,0.0067919480266727,0.0071548119325311,0.0077095889996095,0.130731334396329,0.0459330858709675,0.0218128521642728,0.0130270307300044,0.0085438006694944,0.007490951883606
1588.0,0.0064933402078488,0.0079102163438409,0.0325931978757971,0.0141201117594347,0.0090428526338159,0.0075607174247243,0.0070277103896176,0.0068000827313497,0.0071165062515395,0.0076799695448713,0.125707890057215,0.0471065856197589,0.0221127127995369,0.0131107716818487,0.0085608934462965,0.0074632528935899
1589.0,0.0065064106772937,0.0078096585968638,0.0314952630667952,0.0138078005290915,0.0089257360709096,0.0074648209293758,0.0069897168913109,0.0068164476961446,0.0070725192631586,0.0076093462141905,0.119658687286474,0.0486033510152084,0.0224318650411551,0.01325364792313,0.008585128827147,0.0074675207533284
1590.0,0.0064988550497124,0.0077272459717903,0.0305446945751126,0.01357072863191,0.0088256354282567,0.0074122964430664,0.0069727319597764,0.0068152458527689,0.0070636892031861,0.0075663465300356,0.114122317642853,0.0504258296321445,0.0228544278035594,0.0134175367949198,0.0086281659886264,0.0074698174883456
1591.0,0.0065635533575266,0.0076878244044777,0.029727478596298,0.0133861513729242,0.0087112965218684,0.0073820609125905,0.0069694239579864,0.0068487067761216,0.0070377789652897,0.0075281281159693,0.109678837737759,0.0519056113592447,0.0231909775210713,0.0135574754344342,0.0086905683408054,0.0074927238451621
1592.0,0.0065860220915159,0.0075911941325727,0.0287929664065472,0.0131307488964336,0.0085942628140186,0.0073436717756575,0.0069571928966034,0.0068634541043498,0.007047281583021,0.0074586291158777,0.104380525177109,0.0537393636782421,0.0236241143438879,0.0137080383291338,0.0087257686423786,0.0075094565409146
1593.0,0.0065992090746674,0.0075122365957064,0.0278344372368614,0.0128579365067009,0.0085008627888955,0.0072671313841192,0.0069751014775125,0.006930963647056,0.0070525530826177,0.0073890648397674,0.0991148674931654,0.0558225100977113,0.0240703488857478,0.0138578971766792,0.0087593596399707,0.0075020239709019
1594.0,0.0065972908246856,0.0074061621622153,0.0270912751374532,0.0126161988326357,0.0084292117015282,0.0072155770020054,0.0069649456852524,0.0069044929165221,0.0069963377208611,0.0073636010957262,0.0950746408360156,0.0574959388744207,0.0243718577748679,0.0139583738704788,0.0088095897455576,0.007493710503891
1595.0,0.0066523129994408,0.0073489737882501,0.0263270183399703,0.0124233986698558,0.0083512809999687,0.0071968860387906,0.0069708515641188,0.0069557828948724,0.0069706961501251,0.0073407322528456,0.090720182315901,0.0598888286313155,0.0249058649426592,0.0141908548414102,0.0088672054213717,0.0075313929093035
1596.0,0.0067221444202964,0.007291802173943,0.0255317665662969,0.0121834550173359,0.0082779444398801,0.0071512324903149,0.0069963845020019,0.0069989609592777,0.0070013889189034,0.0073019160250697,0.0863326206781332,0.0626375852663987,0.0254692259202065,0.0144330374373281,0.0089336889460755,0.0076119647821244
1597.0,0.0067591095788499,0.0072304043751487,0.024933240961614,0.012003174944087,0.0082021649330226,0.0071069840368955,0.0069629212719255,0.0070248782472627,0.0069774268169532,0.007238969122629,0.0829412814026575,0.0644698818158704,0.0257889016326726,0.0145461408873278,0.0089529311711623,0.0075894713962218
1598.0,0.0068334751846666,0.0071889999873836,0.0243213389556266,0.0118480774949616,0.008178834558531,0.0070967912652711,0.0069912104537494,0.0070781390768177,0.0069730237533453,0.0072380105654921,0.0793750648630064,0.0673685797874447,0.0263599353107891,0.0147666134103723,0.0090726720671195,0.0076262609059858
1599.0,0.0068808080327033,0.0070945870625103,0.0236041124344942,0.011661841479723,0.00808019032435,0.0071002306093799,0.0070001757009061,0.0071255748341993,0.0069940760810092,0.0072096919192025,0.0756971331362083,0.0704795017686806,0.0269770652733513,0.0149885857602841,0.0091179816782823,0.0076403263217993
1600.0,0.0069185485350206,0.0070688349497922,0.0230291565146692,0.0114802199278875,0.0080145224231886,0.007042579670526,0.006964607034764,0.0071591771387439,0.0069709627015475,0.0071421500289492,0.0727352868986985,0.0728679437353087,0.0274191994889568,0.0151551484830084,0.0091904332425296,0.0076479578813418
1601.0,0.0070234346906725,0.0070599352995984,0.0225247405355613,0.0113472608652649,0.0079957506742841,0.0070429606641199,0.0070366827904332,0.0072562274631552,0.007012257441439,0.007183493271343,0.0698421065687065,0.0765628441012022,0.0281451621614916,0.0154454718573449,0.0093122250094133,0.0077506744061831
1602.0,0.007117695647957,0.0069896190356895,0.0219098280688858,0.0111961195525949,0.0079025018203897,0.0070734621272091,0.0070258723474013,0.0073078337669931,0.0070368821807765,0.0071577722079848,0.0667335266887211,0.0801284360938737,0.0288355794252267,0.0156736025325673,0.0094125817204404,0.0077297444262684
1603.0,0.007188866740689,0.0069394638671095,0.0212896856400451,0.0109857994598064,0.0078136274577376,0.0069939561606361,0.0070858018470276,0.0073995318478135,0.0070514771275254,0.0071284767071469,0.0634061666018859,0.0840817362690335,0.0295347528177884,0.0159467332514564,0.0094727529710922,0.0077721450680454
1604.0,0.0072307549645886,0.0069033776668373,0.0208906523498739,0.010877945732569,0.007811438982582,0.0070193722221807,0.0070757142331688,0.0074305951230572,0.0070487980002849,0.0070740711363624,0.0614450571401466,0.0866898654525394,0.029993195110654,0.0160989876813747,0.0095267688185513,0.0077576492931255
1605.0,0.007340082619067,0.0068842589070756,0.0203627405286744,0.0107457274263532,0.0077103176858724,0.0069722238891119,0.0071219385788448,0.0075191873112762,0.0070579997623343,0.0070797111176658,0.0587849102418603,0.0908185993514834,0.0307649905046742,0.0163896609024352,0.0096434603263886,0.0078142786397134
1606.0,0.0074251055450737,0.0068117313434866,0.0197659478656311,0.0105800560849214,0.0076381851371351,0.0069397017821245,0.0071152945059502,0.0075919330115203,0.0070461719785234,0.0070540084260998,0.0558510868278817,0.09489696893584,0.0314151127265591,0.0166403950267037,0.0097250314423405,0.0078527232752352
1607.0,0.0074711755622593,0.0067784186229784,0.0194004684150304,0.0104842270846116,0.0076328097966678,0.0069380573545446,0.0071231774433233,0.0076532742457198,0.007058682268548,0.0070147085694864,0.0540971452479992,0.0977378711485511,0.0319218936215366,0.0167937363854626,0.0097597516739217,0.0078550278871707
1608.0,0.0075933474415045,0.0067452032080978,0.0189029457359444,0.0103356450231771,0.0075810089882229,0.0069426616668422,0.0071703969381173,0.0077197108006848,0.0070788641677573,0.007017397908703,0.051765987389069,0.102082198860824,0.0327253594529864,0.0170791834717442,0.0098695528509006,0.0079062482234593
1609.0,0.0077527988847975,0.0067990035094441,0.0185376635317911,0.0102725764977384,0.0075764651269595,0.0069627998699718,0.0072295201284088,0.007886968297231,0.0071289714045042,0.0070683715115724,0.049693267728048,0.107558749964763,0.0338426162067279,0.0175345790198344,0.0100523102395373,0.0080331218070476
1610.0,0.0078451256638549,0.0068022830415003,0.0182699055503701,0.0101871876583932,0.0075543733742026,0.0069715842489773,0.0072556899462155,0.0079483085743536,0.0071715183306659,0.0070782164954947,0.0483086434333924,0.110868026138539,0.0344829042247348,0.017798839699105,0.0101371838057534,0.0080809082955498
1611.0,0.0079498701859319,0.0067322317217935,0.0178238835644762,0.0100594852866933,0.0075472714186173,0.0069611369887173,0.0073079981948611,0.0080573356482154,0.007179062467868,0.0070067649686392,0.0462585200939954,0.114929686617178,0.0352224452634044,0.0180235275245937,0.0102483761646568,0.0081004006742706
1612.0,0.0081363923020264,0.0067397069637953,0.0175029964476063,0.0100008612232683,0.0075214589595344,0.0070060857120117,0.0074083286107117,0.0081850122863027,0.0072553165650129,0.0070653007194421,0.0444640844975211,0.120206338203594,0.0363557560940523,0.0184656424285395,0.0104271195256934,0.0081944333402374
1613.0,0.0081613517721642,0.0066984841617034,0.0171404668925794,0.0098828214257333,0.0074741651461679,0.006992803393375,0.0073674997324185,0.0082110806703566,0.0072080240396125,0.0070078011496232,0.0430216289208162,0.122466027293901,0.0367603158659935,0.0185928189116065,0.0104649830501041,0.0081945768248322
1614.0,0.0082496717562128,0.0066899719836072,0.0167813547843236,0.0097572770020316,0.0074416544448767,0.0069718113700211,0.0074171705511955,0.008305910703305,0.0072504932860609,0.0070112191127877,0.0412474810043946,0.126379881422995,0.0376043047798122,0.0188747241252009,0.0105833274559162,0.0082464568499389
1615.0,0.0084223189656669,0.0066927686254856,0.01646031394524,0.0096957922864621,0.0074167174286189,0.0070272195853248,0.0074670844975815,0.008471648207451,0.0073386912466634,0.0070520950783267,0.039635444530701,0.131248849516563,0.0388197558907427,0.0193556076071118,0.0107936995228242,0.0083923894996118
1616.0,0.0084917868215417,0.006701371249663,0.0162679645538801,0.0096511486659527,0.0074306792189572,0.0069987248093426,0.0075131578392053,0.0085047385287353,0.0073499025360164,0.0070402344298304,0.038676006287264,0.133223599655189,0.039310814697848,0.019508482304437,0.0108469011103913,0.008390849745612
1617.0,0.0086040208627674,0.0066758496131047,0.0159086705342473,0.0095637238496526,0.0073829834974928,0.0070237800195274,0.0075474202887908,0.0085832898434459,0.007391794272687,0.0070314861451093,0.0371555103496328,0.136152042337003,0.0401664440531888,0.019777994786763,0.0109741821762717,0.0084039436243114
1618.0,0.0087025616530651,0.0066709858298302,0.0156296603235818,0.009482365969501,0.0073780485469276,0.007038515288628,0.0075612420367404,0.0086856445238704,0.0074330758904018,0.0070546980963098,0.0357211415573555,0.138797410436046,0.0410591864768335,0.0200992572658145,0.011127608018822,0.0085162510941676
1619.0,0.0088083464554111,0.0066340855540548,0.0153543001762734,0.009431774873824,0.0073703650896429,0.0070311516185264,0.0076057251953889,0.0087397913907148,0.0074973835960773,0.0070618814809488,0.0344191784517625,0.140935845054691,0.0419333332375218,0.0203735250056212,0.01124944900205,0.0085830719675946
1620.0,0.0088053783866737,0.006643861088117,0.0151021783992191,0.0093355290536556,0.0073235175451544,0.007037061587171,0.0075949041637607,0.008783215011996,0.0074921613454847,0.0070071366777045,0.0335223100518585,0.141153814016849,0.0422951308782541,0.0204769820916278,0.0113019321261175,0.0086306220240246
1621.0,0.0088294396078601,0.006600573922252,0.0148201645120169,0.0091918323714981,0.0072844870504315,0.0070105761358764,0.0075860398941629,0.0087935608359035,0.007481100668206,0.0070085907464245,0.0321880651704816,0.141571571947101,0.0430253684288854,0.0206746072779496,0.0113978463363067,0.0086461348592652
1622.0,0.0088856878360698,0.0065790955129059,0.0145748598400898,0.0091476590140296,0.0072822074343551,0.0070139659885058,0.0076412819793054,0.00883852805985,0.007526938811384,0.0070414291055157,0.0311039132493413,0.141496850222574,0.0437918678426226,0.0208972238419395,0.0115082414691387,0.0086899468520573
1623.0,0.0088686189491439,0.0065428724554766,0.0143929495401315,0.0090680608744111,0.0072144671632093,0.0069991441924794,0.0076114635092116,0.0088344861547279,0.0075325781575432,0.0070059451860702,0.0303374556895949,0.140887886526355,0.0441822863081046,0.0210307855493126,0.011537825405455,0.0087356939975241
1624.0,0.0088073024031744,0.0065120982342898,0.0140799026793173,0.0089913787995926,0.0071674441161113,0.0069510317530705,0.007573526160194,0.008828308118081,0.0075427745778361,0.0069803503758096,0.029161826328101,0.138977980448136,0.0447349250164528,0.0211328427138655,0.0116018492464093,0.0087416261663664
1625.0,0.0088182187524816,0.0064651386066214,0.0137993002986748,0.0088943898498661,0.0071314396972418,0.0069580469376381,0.0075494638982591,0.0087965119630715,0.0075410173200202,0.0069607489217985,0.0281265014069845,0.136693066473093,0.0453344728029176,0.0212678564357794,0.0117067140957521,0.0087837433571062
1626.0,0.008724544692087,0.0064315156344663,0.0136392024388998,0.0088284422176392,0.0070929981012421,0.0069200558392805,0.0074874179005854,0.008733736716898,0.0075203799032459,0.0068819618258296,0.0274024280997802,0.134331799095233,0.0455429568386038,0.0212287889394776,0.011720985803927,0.0087947487418372
1627.0,0.0087580250194039,0.0064465641729942,0.0134358783891723,0.0088020256154101,0.0070956561839121,0.0069111007557994,0.0075064793562733,0.0087236539023467,0.0075659221366952,0.0069095547944031,0.0265660277794348,0.13150819585235,0.0463369262836667,0.021452717667138,0.0118245477123235,0.0088941811198198
1628.0,0.0086467515719472,0.0063949243540664,0.0131161327720791,0.0086575912362464,0.0070259174439008,0.0068759368635446,0.0074295231199123,0.0086348696322347,0.0075304773802492,0.0068483127489164,0.0255387146385843,0.127059364082382,0.0467871914644573,0.0214404343627899,0.011880827279158,0.0088569775133591
1629.0,0.0085698841350829,0.0063652030743645,0.0130249147095459,0.0086106271879249,0.0069895011315538,0.0068475957606478,0.0073960116461415,0.0085857445005396,0.0075035401776407,0.0068547565035025,0.0250039496180351,0.12424672993963,0.0471085240442684,0.0214825001842402,0.0118935395650393,0.0088594670143086
1630.0,0.0084572208262895,0.0063142738430313,0.012735889057249,0.0084793427144987,0.0069416092189745,0.0068019199370002,0.0073195468198105,0.0085054798054436,0.0075037054171788,0.0067832702008299,0.0241103042842844,0.119204080387868,0.0476692108583136,0.0214994016244397,0.0119350030625663,0.00886818487435
1631.0,0.0083954611752491,0.00631626930421,0.0126036275915627,0.0084477559996973,0.006940926268211,0.0067890230369757,0.0073557210807034,0.0084847108220149,0.0075149550788043,0.0068197748046535,0.0234275274861999,0.114873690936078,0.0485800235144223,0.0216826164355311,0.0120289339246407,0.0089491163644512
1632.0,0.0082616247548706,0.0062788036935406,0.012320169600857,0.0083324162966637,0.0068747017226703,0.0067301182575315,0.0072830769217733,0.0083413701675624,0.0074805831220901,0.0067557494545266,0.022618303325162,0.109374341275161,0.049054569992655,0.0216551081766667,0.0120424777033882,0.0088859238505015
1633.0,0.0081945815514289,0.0062307169287108,0.0121763774727773,0.0083086828766602,0.0068408029553538,0.0067339224477347,0.0072874872237223,0.0082903779261168,0.0074541731239958,0.0067310677073392,0.0221451667057618,0.10578838500933,0.0495805322461404,0.0217419111794725,0.012084672719509,0.0089066337880493
1634.0,0.0080961938589425,0.0061823031416893,0.0119542465901449,0.0081985402015924,0.0068170082960042,0.0066905259093137,0.0072451529731033,0.008188900914416,0.0074450772633457,0.0066687390434092,0.0214555368046659,0.100553657140588,0.0504231360556491,0.0218020083637532,0.0121563662671411,0.0089075255323786
1635.0,0.007971126733993,0.0061685537237999,0.0117249455652653,0.0080824620407533,0.0067472781781548,0.0066636535802824,0.0071744087369818,0.0080670921423782,0.0074103522762809,0.0066634318415392,0.020764129413503,0.0951656772851452,0.0511881540855401,0.0218647965988982,0.0121654744069293,0.0088960540295434
1636.0,0.0079046119642487,0.0061752229230735,0.0116299449259582,0.0080669309979233,0.0067330611444132,0.0066210202128403,0.0071522878873219,0.0080416011816526,0.0074035241274156,0.0066614766824394,0.0203430218813402,0.0918745138599827,0.05194332114834,0.021966989972221,0.0122538274775737,0.0089340754563938
1637.0,0.0078030855560611,0.0061250704404793,0.011403793308281,0.0079898927849062,0.0066589291507031,0.006593166508695,0.0070765735698621,0.0079649114798393,0.0073646679019362,0.0066346718171414,0.0197200549832218,0.0868004294698224,0.0529467039815054,0.0220525409333505,0.0122817757811869,0.0089603564177528
1638.0,0.0076726901509403,0.0060936667827058,0.0112113112240918,0.0079273627012133,0.0066084513511183,0.0065272685985075,0.007034175969621,0.0078920248549666,0.0073550656431533,0.0066070821854406,0.019130455493131,0.0820670813944548,0.054056455717295,0.0221540475339567,0.0123445627098504,0.0089833632461269
1639.0,0.0076471865246522,0.0060918868716534,0.0111325561350996,0.0078656382794169,0.0066323142594237,0.0065544491809627,0.0070477569548294,0.007880320200568,0.0074001563791032,0.0066329518693118,0.0188052985109775,0.0793304568053089,0.0551896336863038,0.0223792107950461,0.0124659718830496,0.0090220481114513
1640.0,0.0075988075906942,0.006107890808216,0.0109745665609011,0.0078184865450441,0.0065992798884402,0.0065818862655833,0.0070125866597188,0.0078750423262129,0.007430547254514,0.0066551638394441,0.018331890729199,0.0752052456448756,0.0568776568779208,0.0226496567442789,0.0125961919765721,0.0090760270425208
1641.0,0.0075366431446888,0.0061298658793588,0.0108833069502676,0.0078200720343774,0.0066018031210221,0.0065933391609811,0.0070708278571786,0.0078282796404346,0.0074596933213898,0.0066675527876016,0.0179341237717437,0.0715647283363632,0.0586646975459306,0.0229555857649808,0.012763673532815,0.0091562312940745
1642.0,0.0075087192882743,0.0061086289921334,0.0107183143221471,0.0077704496520239,0.0065611936737109,0.0065707849943478,0.007075515380622,0.0077943145599869,0.0074630154582286,0.0066657227861705,0.0175068334312163,0.0680089377666459,0.0606088664667376,0.0232441968084326,0.012922626443048,0.0091777669227748
1643.0,0.0074672893786017,0.0061301986584211,0.0106492771870537,0.0076936017471426,0.0065224746868815,0.0065322707729153,0.0070345176443819,0.0077671180013444,0.0074864351861296,0.0067062537717096,0.0171507956669888,0.0654029831191861,0.0619910406010298,0.0234238819281324,0.0129489767764167,0.0091892272218401
1644.0,0.0074079785357974,0.0061116652609697,0.0104621890681661,0.0076461902399612,0.006520447903182,0.0065548884522154,0.0070700630139812,0.0077112568309666,0.0075045904671985,0.0066924411429093,0.0167294108097796,0.0622702933749448,0.0640256043655777,0.0236827067641984,0.01311649777928,0.0092713491382051
1645.0,0.0073813756908355,0.0061703499880626,0.0103398141829239,0.0076207463281218,0.0065425451485721,0.0065764591013445,0.0070766515638034,0.007748405421319,0.0075309589849934,0.006738528927305,0.016349800814518,0.0593613762151038,0.0665832810921834,0.0241272922882804,0.013335940173104,0.009366765927664
1646.0,0.007380590099249,0.0061365208711383,0.0102531445730012,0.0076005828451438,0.0065026933957196,0.0065506394425182,0.0070966899263199,0.0077548248696544,0.0075430177099886,0.0067503616116508,0.0160876687716774,0.057357618057785,0.0683103354682041,0.0243837636057218,0.0134495841201832,0.0094255759435409
1647.0,0.0073556459288107,0.0061430407865465,0.0101343092862517,0.0075939516507149,0.0064840154364961,0.0066085242880727,0.0071247074424965,0.0077261525385582,0.0075841518301827,0.0067517059066977,0.0157150292493457,0.0548051427242592,0.0708404442526663,0.02473855245173,0.0136301022767699,0.0094621140019187
1648.0,0.0073662838331411,0.0061858082960981,0.0100468919592766,0.0075409358141429,0.0065015386855207,0.0066447594123798,0.0071422674756868,0.0077434978100984,0.0076490811829951,0.0068052575462265,0.0153726604027281,0.0525357392879657,0.0738036966207904,0.0252606838092422,0.0138182552103465,0.009577912803932
1649.0,0.0073697700786548,0.0062120806209748,0.0099725704397881,0.0075333222658225,0.0064634112566125,0.0066597030825696,0.0071819476606272,0.0077810678227896,0.0076861556399693,0.0068405819193761,0.0151646344152477,0.0508722395160233,0.0760559107603469,0.0255900360712042,0.0139999444874146,0.009637479610569
1650.0,0.0074020884374833,0.006267613410896,0.0099093377067455,0.0075060111469756,0.0065030182497169,0.0066697690172444,0.007237407096924,0.0078259875061604,0.0077776074408819,0.0068933483376447,0.0148682155383316,0.0491473791357639,0.0792057341998197,0.0262366775821087,0.0142572257893478,0.0097959127079058
1651.0,0.0074229388407506,0.0062676754540252,0.0098301008550219,0.0075090463490681,0.0065121098189764,0.0067205172545629,0.0072997659365499,0.0078970943490008,0.007860642094817,0.0069426203258592,0.0145662308172916,0.0471264086430236,0.0828860034421376,0.0266729869242331,0.0144998375040729,0.0098716391484763
1652.0,0.0074743219367411,0.0062748243641658,0.0097853532021695,0.007512222539451,0.0065460321009706,0.0067810380318423,0.0073670906711902,0.0079532951498865,0.0079108496130991,0.0069598149791608,0.0144229613548565,0.0460770138179113,0.0856577693069226,0.0271985560945953,0.0147154991863149,0.0100172199988034
1653.0,0.0075678845579495,0.006347338752288,0.0097509005398147,0.0075096298568114,0.0065688316833522,0.0068084626176315,0.0074303322633867,0.0080285503939902,0.0079675666556658,0.0070514714165122,0.0141862646718406,0.0445887005970803,0.0892953144427645,0.0278353011704366,0.0150028411973699,0.0101509053798157
1654.0,0.0076168194969522,0.0063596382101707,0.00968414444332,0.0074835226148314,0.0065476864064799,0.0068257787565144,0.0075009962362807,0.0080133851625396,0.0080006553170032,0.0070689301513204,0.0140001800230981,0.0435053450971964,0.0918785978228869,0.0282640578424291,0.015183621371773,0.0102094530150648
1655.0,0.0076696484993116,0.0063662426442308,0.0096206192541701,0.00751719143899,0.0065888217463072,0.0068833496860837,0.0075827075325968,0.0081370566554181,0.0080881672125917,0.0071299213906543,0.0137680839815136,0.0421914399372519,0.0959189105333062,0.0289796175355366,0.0155017241622175,0.010342939798359
1656.0,0.0077778913761987,0.0064112805918875,0.0095667699076349,0.0075049172336973,0.0065988713160309,0.0069350337418552,0.0076446860158699,0.0082097653804208,0.0081667305548123,0.0071475173715362,0.0135170616251928,0.0408714255310136,0.099577453633282,0.0295903962909451,0.0157785923350871,0.0104975701605279
1657.0,0.0078501150468974,0.0064434512608014,0.0094897343325105,0.0075213303706505,0.0066351112323357,0.0069940613778811,0.0077644863486095,0.0083180118935201,0.0082358128448226,0.0072151407588115,0.0132911568919111,0.0396203381630483,0.103427669924694,0.0302334159049289,0.0160679221616958,0.0106280334272434
1658.0,0.0079729415082567,0.0065376099585108,0.0094496823316295,0.0075280757343009,0.0066911199610415,0.0070931984122617,0.0078857487887498,0.0084193368139411,0.0083435040609469,0.0072612702690408,0.0131416777836611,0.0386677080360946,0.107385944188498,0.0310041276915908,0.0164054566987721,0.0108157749488245
1659.0,0.0080060486122079,0.0065125953720558,0.0093894220621711,0.0075433154782369,0.0066780965210372,0.0070783524686053,0.0078700684026433,0.008429623222825,0.0083284347626065,0.0072598462343438,0.0129505338747931,0.0376995410467924,0.109032742126705,0.0312231078745797,0.0164778973361236,0.0108307675309369
1660.0,0.0081087775691513,0.006559570838545,0.0093266487661799,0.0075057180297246,0.0067208440790171,0.0071054264520873,0.0079617616100307,0.0085303305370104,0.0084520355270909,0.0073479970065345,0.0127300975123261,0.0369022084202857,0.112405045019429,0.0320841081306953,0.0167930761047624,0.0110443258546554
1661.0,0.0082670660763569,0.0066723124048421,0.00934753744628,0.0075648003468206,0.0067925772927341,0.0072191754186609,0.0081192903729642,0.0086484284822241,0.0085511539365407,0.0074268355485881,0.0126168449428347,0.0361345636832293,0.116159112606023,0.0327972383274405,0.017178186168043,0.0112082138827174
1662.0,0.0084244186383344,0.0066998691182294,0.0093023131633218,0.0075992554423231,0.0068446745348801,0.0072875897532735,0.0082176094752547,0.0087822887891208,0.0086618143325829,0.0074767996172004,0.0124439249304962,0.0352977886318372,0.119145371531887,0.033485452192475,0.0174953795388559,0.0113614197642125
1663.0,0.0084949021772198,0.0067487565888122,0.0092737988154103,0.0075862750412443,0.0068368668465126,0.0073128888485835,0.008284427340718,0.0088053635538265,0.0086915829105453,0.0075063066597876,0.0123542337407814,0.0347158378108712,0.120442404310464,0.0338368465105615,0.0176396213327457,0.011476051950302
1664.0,0.0085553829089029,0.0067450335631398,0.0091849317071918,0.0075422919414617,0.0068253624205939,0.0073437927767541,0.0082808352436246,0.0088330495604182,0.0087364447152705,0.0074991910342749,0.0121095086111312,0.033802779484111,0.121453972125116,0.034204355920271,0.0177841941389032,0.0115607550224789
1665.0,0.008677921335185,0.0067637224000159,0.0090915405596088,0.0075474481944805,0.0068360642317578,0.0074050723938379,0.0083230857779993,0.0089118849005944,0.0087594077430128,0.0075524997641261,0.0119328732052386,0.0328729229525251,0.122384598655951,0.0346200088402844,0.0179750693301413,0.0116947518174907
1666.0,0.0087477402982865,0.006781744165258,0.0089811867168106,0.0075171779072595,0.0068758174360347,0.0073621327911201,0.0083050374062567,0.0089074483124957,0.0088050409729568,0.0075427005789998,0.0116823554461161,0.0320326376989514,0.122065582025051,0.0349040786584751,0.0180368636955874,0.0117505018921896
1667.0,0.0088614030534067,0.0068087923793324,0.0089308308711368,0.0075180194055334,0.0068881234076883,0.0074116296217752,0.0083200371691591,0.0089590160001235,0.0088250205321838,0.007565259561191,0.0115476603468194,0.0312028467921535,0.121885555497939,0.0351795948945279,0.0181895561242085,0.0118499194843182
1668.0,0.0089292371487948,0.0068311678645634,0.0089058030401733,0.0074958633643633,0.0069105342329621,0.0073983027440215,0.0083259880031283,0.0089806448790614,0.0089260181148375,0.0076139799820786,0.0113954328193312,0.0306477619047814,0.121135463392087,0.0354458236448755,0.0182484649292969,0.0119700002449294
1669.0,0.0090655775205496,0.0068908689939724,0.0088686515093813,0.0075026736242345,0.0069079706013977,0.0073949467574919,0.0083863583847272,0.0089934755180631,0.0089172025824863,0.0076322025713518,0.0113024829706967,0.0298641782337194,0.119633769303844,0.0355360180532205,0.018358867591229,0.0120029463461761
1670.0,0.0091464781609432,0.0068366142147942,0.0087637521727748,0.0074852633455012,0.0068941623741985,0.0074420135328766,0.0083468761199851,0.0089710799808062,0.0089311224431243,0.0076081675635682,0.0111204405542099,0.0290068114110299,0.11731186375289,0.0356128423347717,0.0183317021846372,0.0120740650725934
1671.0,0.0092137528847961,0.0068722018948348,0.0086814082534685,0.0074337807200359,0.0068333084105962,0.0073396808783186,0.0082862571566592,0.0088580815149729,0.0089113415871694,0.0075821854825818,0.0108977043471896,0.0279500038637795,0.113728740202931,0.0354924426610239,0.018294254017325,0.0120506560561905
1672.0,0.0093024106627121,0.0068874022291317,0.0085881948080678,0.0074010053348991,0.0068225917983761,0.007310817527785,0.0082202287264388,0.0088027687619365,0.0089456020351111,0.0075421448883656,0.0107023477027013,0.026972755448223,0.110064858549345,0.0353874110446859,0.0182652338543911,0.0120677023673411
1673.0,0.0093258273161189,0.0068374647664553,0.0085280766910556,0.0073390023223976,0.0068138242139762,0.0072705640164097,0.0081731325325049,0.0087233706561795,0.0088946827743491,0.0075237181969357,0.0106428042501665,0.0263658491371787,0.107543200589117,0.035198246113443,0.0181739126499185,0.0120556870271606
1674.0,0.0093813764313617,0.0068191735520995,0.0083431564743977,0.0072830171293001,0.0067407090036223,0.0072473056678014,0.0080050285162188,0.0085851443898213,0.0088671214423109,0.007476945777161,0.0104258101773976,0.0252777107395099,0.102804440753229,0.0349505638783701,0.017992864431703,0.0120214897606466
1675.0,0.0094647425636084,0.0068004277873214,0.0082809988045564,0.0071930869315991,0.0067029707473905,0.0071386512777475,0.0079360397350309,0.0084840077789504,0.0088190050285173,0.0074389940564623,0.0102586169883006,0.0242692757979993,0.0979406307677063,0.0345839731916927,0.0177870349105259,0.0119376392913025
1676.0,0.0095024606668274,0.0067731525202482,0.0081140053410819,0.0071631279426805,0.006666335687621,0.0070517839850222,0.0078358839037713,0.0083465496837155,0.0087565058084232,0.0073748342344087,0.0100810819263776,0.0232944500123151,0.0933212261642102,0.0342925011029508,0.0176086290268129,0.0119070994668163
1677.0,0.0095864157027455,0.0066977392212977,0.0080211935476366,0.0070458639892956,0.0066111240095374,0.0069540783784676,0.0076572013699574,0.0081681474724008,0.0086709680583286,0.0073180316522882,0.0098670344724542,0.0222413716457106,0.0880215774623489,0.033826146119475,0.0173357801876106,0.0118173317933063
1678.0,0.0096135562334998,0.0066361448719995,0.0079088826660633,0.0069732153238287,0.0065183417952707,0.0068269165021196,0.0075455899125223,0.0080439811542001,0.0085960328864535,0.0072474878499284,0.0096521864970204,0.0214787815594032,0.0843268703007404,0.033430082162432,0.0171448084811243,0.0116985768252341
1679.0,0.0096874668822361,0.0066066925616821,0.0077977633965637,0.006870490075834,0.0064621324112906,0.0067271991995696,0.00739997505456,0.0079114068940817,0.0084878129578723,0.0071870724657053,0.0094953983560303,0.0205162250355441,0.0796215430020274,0.0329667590276928,0.0168580642750679,0.0115781028692312
1680.0,0.0097828887846345,0.0065123670519653,0.0076117939006066,0.0067596437438068,0.0063450238114938,0.00665668338632,0.0072116334513274,0.0077132766770118,0.0083708793853183,0.0070496683673907,0.0092458292012769,0.019508667633272,0.0745428494305277,0.032464238661227,0.0165099794301673,0.0114259649353622
1681.0,0.0098872289858659,0.0064295149653886,0.0074872203369465,0.0066747932253099,0.0062633451407589,0.0065481559619156,0.007060953564274,0.0075053390037475,0.0082846906830968,0.0069434451879559,0.0090288832231426,0.0185746985383634,0.069918541513281,0.0319292282344558,0.0161983838976149,0.0112795643002677
1682.0,0.0099643328701648,0.0063319007000997,0.0074158678997657,0.0065938011503991,0.0061709346840857,0.0064136768787271,0.0069717064039904,0.0073732533959573,0.0081910193932711,0.0069110430957731,0.0089226149006596,0.0178664797273535,0.066654092202252,0.0315338359185546,0.0159537682498727,0.011156447480243
1683.0,0.0101187520645273,0.0062704477501936,0.007272800104526,0.0064805413037531,0.0061136705531668,0.0063130767516987,0.0068310024482567,0.0072269417743803,0.0080670538665585,0.0068109766116073,0.0087246463940489,0.0170135698862249,0.0624681689919582,0.0311300471750279,0.0156617782959986,0.010999519153104
1684.0,0.0103180268807892,0.0062117206451788,0.0071275191202897,0.0063643690819676,0.0060213728776617,0.0062464806612375,0.006656705697735,0.0070945222481622,0.0079734753194837,0.0067060897141634,0.0085571031524733,0.0162646660649859,0.0588433996896946,0.0307975397312592,0.0154060696730108,0.0108607229436721
1685.0,0.0105653408823161,0.0060773470444775,0.007003025990717,0.0062651868690096,0.005921595379038,0.0061053722802123,0.0065179213937406,0.0068868554760099,0.0077733201995723,0.0065955655548476,0.0083581323735444,0.0153310443178533,0.0548255950670493,0.0302106625366918,0.0150380011005639,0.0106535163923589
1686.0,0.010804866442479,0.0060302372366504,0.0068638064216796,0.0061882797474238,0.0058281909272912,0.0060381916989992,0.0063760326667674,0.0067817541489326,0.0076967440249466,0.0064983398196287,0.0082087876203102,0.0146476280899403,0.0516773403152145,0.0299300751907395,0.0147740331955128,0.0105279390414727
1687.0,0.0109482278612513,0.0059889245179008,0.0067534124944624,0.0061237219132106,0.0057561734071543,0.0059464315426071,0.0062805335504251,0.0067227787716333,0.0076213495639285,0.0064080838286713,0.0080728003589187,0.0141678127794552,0.0496802965384556,0.0296844751378542,0.0145696721099695,0.010385442872075
1688.0,0.011345890214807,0.0058625722121084,0.0066016521594407,0.0060232158703578,0.0056273063592851,0.0058456897923553,0.006124163666553,0.0065686732822567,0.0074952781522189,0.0062883101762316,0.0079180144268127,0.0134430534428463,0.0466237897088333,0.0293407665971827,0.0143136993359378,0.0102286849762553
1689.0,0.0116845636212767,0.0057607981153571,0.0065182758803376,0.0058999263039781,0.0055884725074969,0.0057121538945109,0.0060181531810352,0.0064729592948414,0.0073336488872607,0.0062091279272751,0.0077259301827453,0.012879597786852,0.0441974010326799,0.0290406307202286,0.0140132611936667,0.0100398131486895
1690.0,0.0119511354406931,0.0056758336182917,0.0063212004173565,0.0058142503899333,0.0054833615413186,0.0056356454468882,0.0058601202968372,0.0063413882393501,0.0071866010811833,0.0060574288114526,0.0075843700181153,0.012265413925536,0.0418806828939564,0.028696453401898,0.0137161012901371,0.0098501812763238
1691.0,0.0123343755057731,0.0055463859221646,0.0061810285094511,0.0056780016630855,0.0053390507118213,0.0054991444830913,0.0057088336332589,0.0062350496887655,0.006988995950709,0.005919618281807,0.0073784927221083,0.0115828113518353,0.0392246038237555,0.0283349859015642,0.0133341110125008,0.009564519506378
1692.0,0.0126248194866951,0.0055569421613624,0.0061120833475417,0.0055950190212363,0.0052700655989011,0.0054116606700917,0.0056234292799021,0.0062223825066941,0.0069783606134152,0.0058675741952007,0.0072657113111208,0.011318603483571,0.0381741205478031,0.0283701617423686,0.013260365274295,0.0095276718283151
1693.0,0.0131542356004948,0.0055084002851054,0.006061260357563,0.0055322495935315,0.0052378630530845,0.0053708376904026,0.0055821467703863,0.0062353659710446,0.0068775245751703,0.0057862594563617,0.0071994817682199,0.0108927842028283,0.0365807961412856,0.0283579928500807,0.01307389537007,0.0094226272937441
1694.0,0.0135655171118303,0.0053431795957913,0.0059081535738763,0.0054333156482437,0.0051185487152677,0.0052221189108249,0.005477656875921,0.006067474872221,0.0066837433665892,0.0056527516999133,0.0070002038436862,0.0103297434295798,0.0345042320973791,0.0279415736037305,0.0127372789149494,0.0091231432922063
1695.0,0.0142447743030819,0.0053209156006408,0.0058605756211761,0.0053333024203309,0.0051130323320784,0.0051586367013531,0.005381126248921,0.0061131604830844,0.0066898209238594,0.0056409415992598,0.0068731886607963,0.0100629539561717,0.0332640502970414,0.0282268573553338,0.0126472840086762,0.0090940981222773
1696.0,0.0144763475971184,0.0052201434713717,0.0057611606272334,0.0052741171712066,0.0050437999012757,0.005087801501527,0.0052901582549549,0.0060271498376932,0.0065571441894698,0.0055437092540887,0.0067962244537501,0.0097487185409782,0.0322644446736493,0.0281567308220416,0.0125198629823637,0.009002313413378
1697.0,0.0150990137925367,0.0051199819083214,0.0057016906191507,0.0051513643087106,0.0049447393221878,0.0050025921168654,0.0052376381888892,0.006060101915828,0.0064535110923349,0.0054122771223041,0.006670574968517,0.0093525632075235,0.0309203698662032,0.0281211621043053,0.0122844213245076,0.0088397911359809
1698.0,0.0158412791411455,0.0051145547132085,0.0055727644698359,0.0051093393792789,0.0048992722818947,0.0049714765705126,0.0052243496033994,0.0060548990698609,0.0063723303338022,0.0054172319846806,0.0065828134507648,0.0090945394861675,0.0298970823306684,0.0283696404015489,0.0122152428561065,0.0088026442603686
1699.0,0.0163326922690942,0.0050155500255994,0.0055494917509058,0.0050077166747884,0.0047597192306271,0.0049316391764649,0.0051386135075823,0.0060672138298738,0.0062852213039046,0.0053291332064374,0.0064974032509902,0.0087898421863917,0.0287500639901532,0.0284667520632969,0.0120360947963966,0.0086657587348825
1700.0,0.0171653562486716,0.0049711750680864,0.005456597620134,0.0049285145863172,0.0047418515733648,0.0048879986003493,0.0050803119467215,0.0061344190765666,0.0062489737398504,0.0053059494073586,0.0064494874662601,0.0085655647639519,0.0279600964435454,0.0288492131350792,0.0119919344232419,0.0086345665443781
